uri,cid,author_handle,author_did,author_display,text,created_at,like_count,reply_count,repost_count,reply_to_uri,reply_to_handle,mentions,is_reply,query,collected_at,clean_text,compound,pos,neg,neu,sentiment_label,bsky_dominant_topic,community
at://did:plc:ywifce7puq7dhncuuq6nys2k/app.bsky.feed.post/3mmnexkvig22t,bafyreidszhomsypeiahtuwvfrxh5vqvyfe7hsvfu3akskciyatnyh6gvpq,drmikewatts.bsky.social,did:plc:ywifce7puq7dhncuuq6nys2k,DrMikeWatts,"Replacing public servants with #AI is going to cost New Zealand a lot of money, maybe more than cutting jobs will save: www.rnz.co.nz/news/politic... #ArtificialIntelligence",2026-05-25T01:59:36.945Z,1,0,0,,,,False,AI replacing jobs,2026-05-25T06:53:33.418187,replacing public servant cost new zealand lot money maybe cutting save artificialintelligence,0.3446,0.119,0.066,0.815,Positive,0,
at://did:plc:74mleucoxbdj6y5nbyzgxjii/app.bsky.feed.post/3mmn5wxg5vk2x,bafyreiatkl5tmcdmgqhx5ozcnwbn2zeulekfdfmgo5cg5kuqzh7cagpd7m,chemtrailhaze.bsky.social,did:plc:74mleucoxbdj6y5nbyzgxjii,🦎 frilled lizard metareptile,my biggest concern with the idea of AI replacing humans in the workforce is. where do they go? where do all the humans having their jobs replaced go? i dont see any social frameworks in place to allow massive amounts of people to remain unemployed and alive,2026-05-24T23:54:00.327Z,5,1,0,,,,False,AI replacing jobs,2026-05-25T06:53:33.418187,biggest concern idea replacing human workforce human replaced dont see social framework place allow massive amount remain unemployed alive,0.594,0.097,0.0,0.903,Positive,4,
at://did:plc:i77xw6pp5dehbxqhpti7hhh4/app.bsky.feed.post/3mmmcjbeugk2c,bafyreieemg2sosl5qh4ripty27wffecw7usprhrldjuimzqrdmnwrc2mzu,thenakeddgardener.bsky.social,did:plc:i77xw6pp5dehbxqhpti7hhh4,The Naked Gardener," AI is replacing middle-skill jobs while the shareholders of those AI companies get richer. The tax cuts gave wealthy Americans $21,000. Middle class got $1,800. And 7% mortgage rates that are destroying any hope of homeownership?",2026-05-24T15:43:09.979Z,0,0,0,,,,False,AI replacing jobs,2026-05-25T06:53:33.418187,replacing middle skill shareholder company richer tax cut gave wealthy american middle class got mortgage rate destroying hope homeownership,0.4588,0.193,0.127,0.68,Positive,3,
at://did:plc:i77xw6pp5dehbxqhpti7hhh4/app.bsky.feed.post/3mmmcijrlic2c,bafyreicfe4mwu4os23z3hgjbsjd5v4u6x6dqo3gv7i7kcowzbaybmxp3ne,thenakeddgardener.bsky.social,did:plc:i77xw6pp5dehbxqhpti7hhh4,The Naked Gardener, The updated RAND Corporation study puts the wealth transfer from working people to the top 1% at $80 TRILLION since 1975. Not billion. Trillion. Eighty of them. And it's getting worse. AI is replacing middle-skill jobs while the shareholders of those AI companies get richer.,2026-05-24T15:42:45.230Z,4,0,2,,,,False,AI replacing jobs,2026-05-25T06:53:33.418187,updated rand corporation study put wealth transfer working top trillion since billion trillion eighty getting worse replacing middle skill shareholder company richer,0.6486,0.16,0.059,0.781,Positive,1,
at://did:plc:6agnmjghjvhb3f6355wdjx42/app.bsky.feed.post/3mmm5f2iapk2p,bafyreidtb5zu6lrcob7ewf2dkkojxw4prvgfasdvq243fembwxibcvyc6q,11th-earl-of-blah.bsky.social,did:plc:6agnmjghjvhb3f6355wdjx42,Nick,If they were contemplating replacing ministerial jobs with AI then I might be able to get behind this - but only because even something as debased and limited as Grok is likely to make better decisions than the average Reform MP.,2026-05-24T14:11:19.822Z,1,0,0,,,,False,AI replacing jobs,2026-05-25T06:53:33.418187,contemplating replacing ministerial might able behind something debased limited grok likely better decision average reform,0.3612,0.085,0.052,0.863,Positive,2,
at://did:plc:7ahwc6n4xxdnm6aa6qanzxj4/app.bsky.feed.post/3mmlzw3o5kk2u,bafyreicaayhwnyvrf3hkrqbbqqpn3odmxcwbqf43l2osnfe35j5timc7w4,southcarolinadop.bsky.social,did:plc:7ahwc6n4xxdnm6aa6qanzxj4,South Carolina Department of Propaganda,"Time to start taxing them again - if they’re throwing everyone out of work and replacing us with AI, we need to increase taxes on them to cover unemployment checks.  And don’t tell me we should all go pick crops for the #Epstein class once all the white collar jobs are gone",2026-05-24T13:09:16.521Z,2,0,0,,,,False,AI replacing jobs,2026-05-25T06:53:33.418187,time start taxing throwing everyone replacing need increase tax cover unemployment check tell pick crop epstein class white collar gone,-0.1531,0.042,0.053,0.906,Negative,0,
at://did:plc:ykwur7rcw2nofxhwacigulyq/app.bsky.feed.post/3mmlz7jhfmc23,bafyreiernnyzy5n5pwc4kjcy34d44t5q7jka4yvl2e5nmswboshnqwitli,iheartnoise.bandcamp.com,did:plc:ykwur7rcw2nofxhwacigulyq,I Heart Noise,"Quote from Reuters 

""It's ⁠not cost-cutting. It's replacing in some cases lower-value human capital with the financial capital and the investment capital we're putting in,"" Winters said as the ​bank announced it ​would slash nearly ⁠8,000 jobs as it adopts AI technology.

bsky.app/profile/ihea...",2026-05-24T12:56:39.230Z,1,0,0,,,,False,AI replacing jobs,2026-05-25T06:53:33.418187,quote reuters cost cutting replacing case lower value human capital financial capital investment capital putting winter bank announced slash nearly adopts technology bsky app profile ihea,-0.1027,0.038,0.047,0.915,Negative,0,
at://did:plc:4xvsg3qbo3xgbzbhu7aeyfti/app.bsky.feed.post/3mmlykflpoc24,bafyreie325fnwmnjj3hgw6vvecajqz5yjyke4lzlc74xmmn72hqpzl7s6q,englehart-cc.bsky.social,did:plc:4xvsg3qbo3xgbzbhu7aeyfti,englehart.cc,"Fear mongering articles on AI replacing jobs? Is AI going to buy products/services?  Universal income? By what economic model? From what income source? Tech brains forget humans need physical/ intellectual stimulation of work. Social unrest/crime during high unemployment, increase tenfold or more.",2026-05-24T12:44:50.534Z,2,1,0,at://did:plc:4xvsg3qbo3xgbzbhu7aeyfti/app.bsky.feed.post/3mmlx6sxh6k24,,,True,AI replacing jobs,2026-05-25T06:53:33.418187,fear mongering article replacing buy product service universal income economic model income source tech brain forget human need physical intellectual stimulation social unrest crime high unemployment increase tenfold,-0.6322,0.107,0.206,0.688,Negative,2,
at://did:plc:cob7y5ebkweanqtxxmkzg22n/app.bsky.feed.post/3mmla5fbzfg2m,bafyreiepcytizr3boznr6a5kpugrz6qrpmepc62pmedikgtj2e6yyeeydq,therobertta.bsky.social,did:plc:cob7y5ebkweanqtxxmkzg22n,Robert Ta,"Meta cut 8,000 jobs and redeployed 7,000 into AI. The company is spending $145 billion on AI while reducing its human workforce. At what point does ""restructuring"" become ""replacing people with the technology they built""?",2026-05-24T05:28:03.954596Z,0,0,0,at://did:plc:cob7y5ebkweanqtxxmkzg22n/app.bsky.feed.post/3mmla5ey2cd2u,,,True,AI replacing jobs,2026-05-25T06:53:33.418187,meta cut redeployed company spending billion reducing human workforce point restructuring become replacing technology built,-0.2732,0.0,0.058,0.942,Negative,1,
at://did:plc:gmfdjal5zc43os2jpwgxi4dz/app.bsky.feed.post/3mmkzuivllk27,bafyreibeherptg2mqhk45am4ibp6fzxao7lrauiqrg46g6hyl6tlut3vxy,serena-spencer-esq.bsky.social,did:plc:gmfdjal5zc43os2jpwgxi4dz,,"""Tech layoffs have already passed 100,000 in 2026 as the industry cuts jobs to fund AI

Meta, Cisco, Intuit, and PayPal lead a wave – 2026 is shaping up to be brutal""

🚩 #ToxicTechBETRAYAL 

Arrogant fucks hyping AI to inflate stock value just USED #TechKidTalent to build AI that's *replacing* THEM.",2026-05-24T03:35:43.551Z,1,0,1,,,,False,AI replacing jobs,2026-05-25T06:53:33.418187,tech layoff passed industry cut fund meta cisco intuit paypal lead wave shaping brutal toxictechbetrayal arrogant fuck hyping inflate stock value used techkidtalent build replacing,-0.8807,0.039,0.203,0.758,Negative,0,
at://did:plc:cob7y5ebkweanqtxxmkzg22n/app.bsky.feed.post/3mmkt2wm2ii2c,bafyreibcabqybjrmlgy2g4n3fhcdxhkxd3nu7q4qoqfvalwhwernx5sv5y,therobertta.bsky.social,did:plc:cob7y5ebkweanqtxxmkzg22n,Robert Ta,"Standard Chartered announced plans to cut 7,000 jobs by 2030 as part of an AI automation push. Internal communications described the strategy as replacing ""lower-value human capital"" with AI systems.

A major global bank just put AI on the layoff schedule. Not reactive cuts after a downturn.",2026-05-24T01:34:02.765424Z,0,1,0,,,,False,AI replacing jobs,2026-05-25T06:53:33.418187,standard chartered announced plan cut part automation push internal communication described strategy replacing lower value human capital system major global bank put layoff schedule reactive cut downturn,-0.0547,0.039,0.043,0.919,Negative,0,
at://did:plc:7ln4bb2yfkabnst54ktsvntw/app.bsky.feed.post/3mmk674gblc2k,bafyreicf7ilrylevs7rhmoqzounf4iadn44yurqqigqcmwxeadm42brlyy,asadotzler.com,did:plc:7ln4bb2yfkabnst54ktsvntw,Asa Dotzler,"We're finally getting correct headlines. It's not AI replacing workers, it's workers being shit-canned so Big Tech can continue to gamble on AI.

""Tech layoffs have already passed 100,000 in 2026 as the industry cuts jobs to fund AI""

www.techspot.com/news/112493-...",2026-05-23T19:20:34.794Z,5,1,1,,,,False,AI replacing jobs,2026-05-25T06:53:33.418187,finally getting correct headline replacing worker worker shit canned big tech continue gamble tech layoff passed industry cut fund,-0.296,0.0,0.053,0.947,Negative,4,
at://did:plc:iebuqnaohnezowxoy3zy57av/app.bsky.feed.post/3mmjrrvards2c,bafyreiee7642g2ycqqzoq3c7zklou4compumrrbegx2cnt4rjssb4jlcgm,oghomie.bsky.social,did:plc:iebuqnaohnezowxoy3zy57av,,"Is anyone really paying attention to the application of AI. It’s replacing humans rapidly and aggressively. So when it takes over 80%+ jobs, what happens to mankind. Hopefully, Jesus is coming back to solve that problem that man is creating. The destruction of the human race",2026-05-23T15:38:26.163Z,0,0,0,,,,False,AI replacing jobs,2026-05-25T06:53:33.418187,anyone paying attention application replacing human rapidly aggressively take happens mankind hopefully jesus coming back solve problem man creating destruction human race,-0.4588,0.121,0.157,0.722,Negative,2,
at://did:plc:y6lpwxprznjmwffhuzkh5mwb/app.bsky.feed.post/3mmjr2h6vps2v,bafyreianzxy3vc34gg7bzeyzovbirqpgn4chxw2vsvlncd44hthkgmo2cm,lifebrieflynews.bsky.social,did:plc:y6lpwxprznjmwffhuzkh5mwb,Life Briefly,"Publishers are replacing journalists with AI under the guise of efficiency, risking the core mission of journalism itself.

https://lifebriefly.news/ai-is-coming-for-journalists-jobs-and-publishers-are-calling-it-efficiency

#Journalism #AI #MediaIndustry",2026-05-23T15:25:18.499Z,0,0,0,,,,False,AI replacing jobs,2026-05-25T06:53:33.418187,publisher replacing journalist guise efficiency risking core mission journalism journalism mediaindustry,0.0516,0.101,0.093,0.806,Positive,2,
at://did:plc:q6okhxuixu5cfsjgttqs5odd/app.bsky.feed.post/3mmjp23et2w2j,bafyreiemjqrd6mvyfihkjrvawpvqyxaqpp4m22xfdi4fvdhxpxy2xaufca,bobbradley.bsky.social,did:plc:q6okhxuixu5cfsjgttqs5odd,Bob Bradley,"If AI is replacing employees, maybe it is because the jobs are mindless, not because AI is intelligent.",2026-05-23T14:49:19.679Z,1,0,0,,,,False,AI replacing jobs,2026-05-25T06:53:33.418187,replacing employee maybe mindless intelligent,0.0258,0.137,0.132,0.731,Neutral,0,
at://did:plc:etsppobtl5tteiuugzg362cl/app.bsky.feed.post/3mmjnjsknak2p,bafyreibe7imu7tympfytpvm5kejix7rkadpg6gmypwri7qaq6pysnd2qqe,nasdaqistan.bsky.social,did:plc:etsppobtl5tteiuugzg362cl,Sensitive Slush Fund Billionaire,"He thinks that women werent qualified for any work other than mothering and prostitution and our woke society made fake jobs for them as a participation trophy. 
But now AI is going to fix that by replacing only the fake jobs of the unworthy while leaving real men's jobs untouched.",2026-05-23T14:22:19.939Z,1,1,0,at://did:plc:uw22lvztu4mogfaoatagswrw/app.bsky.feed.post/3mmjloqfcxs2o,,,True,AI replacing jobs,2026-05-25T06:53:33.418187,think woman werent qualified mothering prostitution woke society made fake participation trophy fix replacing fake unworthy leaving real men untouched,-0.8807,0.0,0.178,0.822,Negative,2,
at://did:plc:dzvxvsiy3maw4iarpvizsj67/app.bsky.feed.post/3mmhybggu6s26,bafyreibup7ld7wgg3c3hbhqtbn6ftxxn4lpyxikov7yl2gcpl5wi4xxh6e,dollspace.gay,did:plc:dzvxvsiy3maw4iarpvizsj67,Doll,"Whats not going to happen is ""AI replacing all the workers"" that was always insane doom/hype and its not going to happen. It will be a net jobs creator.",2026-05-22T22:29:10.479Z,8,1,0,at://did:plc:dzvxvsiy3maw4iarpvizsj67/app.bsky.feed.post/3mmhy6w6aus26,,,True,AI replacing jobs,2026-05-25T06:53:33.418187,whats happen replacing worker always insane doom hype happen net creator,-0.4019,0.0,0.088,0.912,Negative,0,
at://did:plc:6r2xxuz4nr2ewhgyy2tp7ady/app.bsky.feed.post/3mmhpaymsav32,bafyreid7vqelo6m6eud4js7omskomwt6n5bo3yk5he36ff25uvbc67cvz4,bob.feed.hella.cheap.ap.brid.gy,did:plc:6r2xxuz4nr2ewhgyy2tp7ady,bob,"there's no evidence that AI replaces jobs, but jobs are being eliminated (because of no consumer demand growth), and tons of companies are claiming that AI is replacing jobs, so there's a risk that people conflate the two and believe it even in hindsight",2026-05-22T19:47:26.000Z,0,1,0,,,,False,AI replacing jobs,2026-05-25T06:53:33.418187,evidence replaces eliminated consumer demand growth ton company claiming replacing risk conflate two believe hindsight,-0.3592,0.096,0.145,0.759,Negative,1,
at://did:plc:esxlccixnndhgubqemxaayb5/app.bsky.feed.post/3mmhf6leru22d,bafyreie2a6hjrlsdjmoo42jop2zpays66xrz4xhmwur3hem2muk6jdvpra,jwsal.bsky.social,did:plc:esxlccixnndhgubqemxaayb5,John Lubbock,"Oh wait sorry I've just read a more depressing sentence:
www.bbc.co.uk/news/article...",2026-05-22T16:47:33.896Z,4,0,1,at://did:plc:esxlccixnndhgubqemxaayb5/app.bsky.feed.post/3mmhenewza22d,,,True,AI replacing jobs,2026-05-25T06:53:33.418187,wait sorry read depressing sentence,-0.3848,0.115,0.304,0.581,Negative,2,
at://did:plc:5dgrfr7ug4xosgpgn35n4tzs/app.bsky.feed.post/3mmhdkiy7522i,bafyreie3dcqmtpqnogw7muytanlcbrt5atxv624mn6bm4jbvm5li5hloky,theothermandela.bsky.social,did:plc:5dgrfr7ug4xosgpgn35n4tzs,Mandela Barnes,"Nothing more out of touch than a DC politician saying it’s on young people to deal with AI replacing their jobs.

Tom Tiffany says you should ""find a job that AI can't replace.""
www.tmz.com/watch/tom-ti...",2026-05-22T16:18:26.556Z,6,0,2,,,,False,AI replacing jobs,2026-05-25T06:53:33.418187,nothing touch politician saying young deal replacing tom tiffany say find replace,0.0,0.0,0.0,1.0,Neutral,3,
at://did:plc:g2hqtujsl45xmqltb2imckup/app.bsky.feed.post/3mmhbzilpv222,bafyreiewrfqwsvnyu6suuqpeknwbntvjftfnnux56ew6fgkmtajjt5lcdi,stevensantos.bsky.social,did:plc:g2hqtujsl45xmqltb2imckup,Steven Santos,I don't really believe AI is replacing anyone's jobs because accounting for inventory should theoretically be one of the few things it should be able to do.,2026-05-22T15:51:01.979Z,1,0,0,,,,False,AI replacing jobs,2026-05-25T06:53:33.418187,believe replacing anyone accounting inventory theoretically thing able,0.0,0.0,0.0,1.0,Neutral,2,
at://did:plc:muz5edncelxnpyor6c3adfk5/app.bsky.feed.post/3mmh4pjoask2v,bafyreicp2rrqj4qq2ndgcdxeuuliy647jxkgj5fg6lm6iczye7vje57ghe,factsvsfake.bsky.social,did:plc:muz5edncelxnpyor6c3adfk5,FactsVsFake,"The upheaval AI could wreak on jobs across finance is in focus after Standard Chartered said it would eliminate ⁠almost 8,000 jobs by replacing what its CEO Bill Winters called ""lower-value human capital"" with technology.

www.reuters.com/legal/legali...",2026-05-22T14:15:58.858Z,2,0,1,,,,False,AI replacing jobs,2026-05-25T06:53:33.418187,upheaval wreak across finance focus standard chartered eliminate almost replacing ceo bill winter called lower value human capital technology,0.0,0.0,0.0,1.0,Neutral,0,
at://did:plc:j4oa4z52xdp3fezdtzxa235d/app.bsky.feed.post/3mmh2xyv34k2y,bafyreie7yc5h66qity6d7wktj4uhprkrxe73rmyqqmytwfgf3ou4a26f6y,stumpylegsatx.bsky.social,did:plc:j4oa4z52xdp3fezdtzxa235d,Winnie and Jax,"...... no. AI is replacing high-skill knowledge jobs. You're wrong, and AI probably is the great filter",2026-05-22T13:44:55.763Z,2,2,0,at://did:plc:k7u2rxgr3s5d4fgbmykxzxmi/app.bsky.feed.post/3mmfmx3qux22n,,,True,AI replacing jobs,2026-05-25T06:53:33.418187,replacing high skill knowledge wrong probably great filter,0.25,0.185,0.14,0.676,Positive,3,
at://did:plc:sjsdmgticrrg4g77hpvatfbv/app.bsky.feed.post/3mmh2uvemrk2e,bafyreig6as3kzkenbjtkgdrlcqejn4jsjkw5slipbi73uhqtrlm47f2wli,bucketobones.bsky.social,did:plc:sjsdmgticrrg4g77hpvatfbv,Nate,"People are losing their jobs to AI because of the ridiculous capex spending with no ROI, not because AI is actually replacing workers.",2026-05-22T13:43:11.414Z,2,0,0,at://did:plc:dzezcmpb3fhcpns4n4xm4ur5/app.bsky.feed.post/3mmh25myv6a2s,,,True,AI replacing jobs,2026-05-25T06:53:33.418187,losing ridiculous capex spending roi actually replacing worker,-0.743,0.0,0.267,0.733,Negative,1,
at://did:plc:bz4gflyopasyipzgdoez5kjp/app.bsky.feed.post/3mmh2c3wjrk24,bafyreial73d46f5kaig3qkzrv4w6rhqw5hsaaenqcmgjkwrkyfrxpxinda,jimsdouglas.bsky.social,did:plc:bz4gflyopasyipzgdoez5kjp,Jim Douglas 🇨🇦,"""It's ⁠not cost-cutting. It's replacing in some cases lower-value human capital with the financial capital and the investment capital we're putting in,"" Winters said on Tuesday as the ​bank announced it ​would slash nearly ⁠8,000 jobs as it adopts AI technology.",2026-05-22T13:32:40.758Z,0,0,0,,,,False,AI replacing jobs,2026-05-25T06:53:33.418187,cost cutting replacing case lower value human capital financial capital investment capital putting winter tuesday bank announced slash nearly adopts technology,-0.1027,0.04,0.049,0.911,Negative,0,
at://did:plc:kykpwyapon7dlddchwzduo2w/app.bsky.feed.post/3mmgxxfhvnk2q,bafyreieelev2uxxghwbmdqwnftlldvpa3knloeayvwei7e6ltda2rg5ed4,fuzzymike.bsky.social,did:plc:kykpwyapon7dlddchwzduo2w,Fuzzy Mike,"companies are like ""we won't do mass layoffs replacing workers with AI once AI can do their jobs"" and in the meantime they're doing mass layoffs replacing workers with AI that CAN'T do their jobs",2026-05-22T12:50:54.182Z,7,0,3,,,,False,AI replacing jobs,2026-05-25T06:53:33.418187,company mass layoff replacing worker meantime mass layoff replacing worker,0.3612,0.068,0.0,0.932,Positive,0,
at://did:plc:vba6lceaf5ydqjiebnslgqzn/app.bsky.feed.post/3mmgqjlzfl22x,bafyreiaswb3ltnzxabhq3jee7qvqmdtukkys65j5cte4hrangwpp5auedy,joshalien.bsky.social,did:plc:vba6lceaf5ydqjiebnslgqzn,Josh Alien,"There is probably some truth that AI is killing some jobs not just because it's replacing them but simply because it's expensive to implement. It's twice as much relative Capex spending as the computer/internet boom in the 1990s, for reference.",2026-05-22T10:37:55.091Z,0,0,0,,,,False,AI replacing jobs,2026-05-25T06:53:33.418187,probably truth killing replacing simply expensive implement twice much relative capex spending computer internet boom reference,-0.2617,0.039,0.064,0.897,Negative,2,
at://did:plc:zxakz6zpi2oysuwoaohvdstg/app.bsky.feed.post/3mmfqflo7bc2q,bafyreifkxzw72sfejlcsthxsezgwa7cxszfoynmctu7xvmqcbkki5ww74q,misterjimsmith.bsky.social,did:plc:zxakz6zpi2oysuwoaohvdstg,MisterJimSmith,"We do need to accept the reality that AI slop doesn’t have to be good - it just has to be good enough, which it already is for the most part. It’s been replacing jobs and people are actually buying products made with it. What do we do? I guess just keep creating for the love of it.",2026-05-22T01:03:00.765Z,0,1,1,at://did:plc:w2roasn3li3txwy63nx732s7/app.bsky.feed.post/3mmbzenqjss26,,,True,AI replacing jobs,2026-05-25T06:53:33.418187,need accept reality slop good good enough part replacing actually buying product made guess keep creating love,0.93,0.218,0.0,0.782,Positive,0,
at://did:plc:r3hjj5ere4dlnfvwtyci3zsj/app.bsky.feed.post/3mmfbt7logk2f,bafyreibhlueamehm74xcn5lgaasbdwcvdxo5bjgyhbwm7n4qwcbsxoxdqa,scanmyphotos.bsky.social,did:plc:r3hjj5ere4dlnfvwtyci3zsj,Mitch Goldstone,"Most people think #AgenticAI is about replacing jobs. What we’re seeing is different. People often delay important projects simply bc they don’t know the next step. One instant answer can turn “someday” into action. That’s where AI gets interesting. 

www.scanmyphotos.com/blog/2026/05...",2026-05-21T20:42:11.738Z,0,0,0,,,,False,AI replacing jobs,2026-05-25T06:53:33.418187,agenticai replacing seeing different often delay important project simply next step instant answer turn someday action get interesting,0.296,0.103,0.053,0.845,Positive,4,
at://did:plc:embat3nl5mbspyhjcnsyzbqx/app.bsky.feed.post/3mmeu7qiigs2e,bafyreifs3crkh4wq76bnfjzb5tbtam3hwq6eu5n2slym67xkfbi4vu6afy,ursagayjor.bsky.social,did:plc:embat3nl5mbspyhjcnsyzbqx,Waffle-y Versatile,"Doesn’t stop Clegg having been a boot boy for Neoliberalism does it?

Oh to live in a World where jobs are being ravaged by insane billionaires replacing their workforce with AI whilst media drones on about GDP as Private Equity strips the carcass of the economy.",2026-05-21T16:38:38.942Z,0,1,0,at://did:plc:embat3nl5mbspyhjcnsyzbqx/app.bsky.feed.post/3mmeu7pqiuc2e,,,True,AI replacing jobs,2026-05-25T06:53:33.418187,stop clegg boot boy neoliberalism live world ravaged insane billionaire replacing workforce whilst medium drone gdp private equity strip carcass economy,-0.5994,0.0,0.1,0.9,Negative,0,
at://did:plc:i77l2pwdpwpqom77efekt3dv/app.bsky.feed.post/3mmerrkrsgs2m,bafyreigvdh3wa5vnoho2vn7vno6ktuohuggyx7v5abyaowiljxgyzol7xu,leejayrn.bsky.social,did:plc:i77l2pwdpwpqom77efekt3dv,Leejay,"In light of #METAs 8,000 person layoffs yesterday and the shared recording of #MarcZuckerberg stating to employees days ahead of these layoffs that AI will be replacing their jobs.  Layoffs.fyi - which is tracking all tech lays; to date their have been more #Layoffs in tech this yr, than all of 2025",2026-05-21T15:54:56.495Z,1,0,0,,,,False,AI replacing jobs,2026-05-25T06:53:33.418187,light metas person layoff yesterday shared recording marczuckerberg stating employee day ahead layoff replacing layoff fyi tracking tech lay date layoff tech,0.34,0.045,0.0,0.955,Positive,1,
at://did:plc:dubhcvt2jsj7optsa4exem2n/app.bsky.feed.post/3mmepea4hts24,bafyreibfa532dv7yfdamrao5maazuicutur4wn3b5qtregxd2uurxrcayq,brady100.bsky.social,did:plc:dubhcvt2jsj7optsa4exem2n,Brady 🇺🇸🍀,"Should one assume that society is bad, they may view AI as a reduction of enjoyable jobs, instead replacing them with newly invented and unnecessary labor roles. Along with a reduction in human potential — less people with the competency to build and see upon systems.",2026-05-21T15:11:41.452Z,0,0,0,at://did:plc:dubhcvt2jsj7optsa4exem2n/app.bsky.feed.post/3mmepe7xdrs24,,,True,AI replacing jobs,2026-05-25T06:53:33.418187,assume society bad may view reduction enjoyable instead replacing newly invented unnecessary labor role along reduction human potential less competency build see upon system,-0.1531,0.058,0.069,0.873,Negative,2,
at://did:plc:l3xesiq7vddjhysgo57uq3dx/app.bsky.feed.post/3mmeopgk7vk22,bafyreibrhzegl5tt6gsf4ezngrogq2hykeawingrhk3rk3vuna3jjjqyeq,bigdread.bsky.social,did:plc:l3xesiq7vddjhysgo57uq3dx,Big Dread,Stop supporting businesses that are taking away jobs and replacing workers with AI,2026-05-21T15:00:03.718Z,0,1,0,,,,False,AI replacing jobs,2026-05-25T06:53:33.418187,stop supporting business taking away replacing worker,0.1779,0.18,0.137,0.683,Positive,0,
at://did:plc:5m2ul42i6hbtaartoa3rc3nk/app.bsky.feed.post/3mmeo55ydz22u,bafyreig3ezxzi4wp3cigghasm5xh5ufci3ltvnj755lby236uxzwmxh2gq,graphenequeen.bsky.social,did:plc:5m2ul42i6hbtaartoa3rc3nk,GRAPHENE QUEEN,"Yeah.  Until the robots get better this is so true. Many jobs, already, have devolved into carrying heavy boxes from one place to another.

People who think ai isn't replacing people haven't been to work lately, lol.",2026-05-21T14:49:50.764Z,4,0,0,at://did:plc:dua3kl42nv2ggmpiqwzvoqlx/app.bsky.feed.post/3mmdstfywjk2m,,,True,AI replacing jobs,2026-05-25T06:53:33.418187,yeah robot better true many devolved carrying heavy box place another replacing lately lol,0.8889,0.259,0.0,0.741,Positive,4,
at://did:plc:dzvxvsiy3maw4iarpvizsj67/app.bsky.feed.post/3mmem3cm33225,bafyreif5yes4lvueidpczbzo6zddjewnbv2ohg353f34rb6gh4ucn4vhv4,dollspace.gay,did:plc:dzvxvsiy3maw4iarpvizsj67,Doll,Its true that a lot of the token subsudy is going to go away and that was always going to happen but unlike most of the rhetoric AI isnt replacing jobs so much as enhancing them and thats still going to be the case,2026-05-21T14:13:01.013Z,2,1,0,at://did:plc:frlnld3odjdkadkzrbsgcbnf/app.bsky.feed.post/3mmeln7gcbs2v,,,True,AI replacing jobs,2026-05-25T06:53:33.418187,true lot token subsudy away always happen unlike rhetoric isnt replacing much enhancing thats case,0.2263,0.042,0.0,0.958,Positive,0,
at://did:plc:xk5g2zggej5uywagdcgosr4g/app.bsky.feed.post/3mmeit46qos2m,bafyreidrr2q5rr5haqgvrwsjbnmxvaxjlofnefvocm37anantdgaz2svfm,surambaya.bsky.social,did:plc:xk5g2zggej5uywagdcgosr4g,Sura Mbaya,The irony of using AI to produce content aimed at steering kids towards the trades. The very same technology that is replacing them and taking away their jobs...,2026-05-21T13:14:44.617Z,0,0,0,,,,False,AI replacing jobs,2026-05-25T06:53:33.418187,irony using produce content aimed steering kid towards trade technology replacing taking away,-0.0516,0.0,0.043,0.957,Negative,0,
at://did:plc:7jv54jgsd2j74liu2535gapz/app.bsky.feed.post/3mmebghlrq22l,bafyreic7xubv6uq5gbytonb75lqvqyfwx376s5jeu4stsrej5j3zkuur4q,girlwholaughed.bsky.social,did:plc:7jv54jgsd2j74liu2535gapz,River ✨,"Imagine being an artist and supporting gen-AI…

…eugh… 

like… that’s.. that’s taking your jobs, bro. that’s replacing you and you’re just bowing to it? i promise you, you’re 100x more talented with your stick figures than some awful AI slop.",2026-05-21T11:02:24.184Z,5,1,0,,,,False,AI replacing jobs,2026-05-25T06:53:33.418187,imagine artist supporting gen eugh taking bro replacing bowing promise talented stick figure awful slop,0.6997,0.184,0.063,0.753,Positive,0,
at://did:plc:xyl7yaqbykmoujtr736qavdt/app.bsky.feed.post/3mme35hem322u,bafyreidpwbtofpgt5xdvq5jyr5valmgy52u3l3ph3ajcdasgciwr6sf76u,magpiesaid.bsky.social,did:plc:xyl7yaqbykmoujtr736qavdt,Magpie Said,"Nicola Willis NZs MoFinance is replacing thsds of civil servants with AI to save money & be 'more efficient'. Critics have warned her about AIs hidden costs, potential data breaches & the loss of tax revenue from 8000+ jobs replaced by a money outflow to Am firms.🤬
www.rnz.co.nz/news/politic...",2026-05-21T09:09:59.508Z,1,0,0,at://did:plc:vtwivksl4dyq6soeiawmaea5/app.bsky.feed.post/3mmddirui5c25,,,True,AI replacing jobs,2026-05-25T06:53:33.418187,nicola willis nzs mofinance replacing thsds civil servant save money efficient critic warned ai hidden cost potential data breach loss tax revenue replaced money outflow firm,0.1065,0.103,0.112,0.785,Positive,4,
at://did:plc:47ukz5svch7g2jmqu674y7b5/app.bsky.feed.post/3mmdnztbiae2z,bafyreifwzhpfl345arui5ep3ek45iaztmziiekq5zrfywvimnlxb5ijqse,eu-gb.bsky.social,did:plc:47ukz5svch7g2jmqu674y7b5,,"Standard Chartered to cut 7,800 jobs as AI rewrites back-office work — report

https://www.europesays.com/britain/43341/

AI replacing back-office work The affected roles are largely administrative and operational positions spread across the bank’s global…",2026-05-21T05:15:17+00:00,0,0,0,,,,False,AI replacing jobs,2026-05-25T06:53:33.418187,standard chartered cut rewrite back office report replacing back office affected role largely administrative operational position spread across bank global,-0.4019,0.0,0.11,0.89,Negative,3,
at://did:plc:be7ztphlq3foohg3u3adf7nt/app.bsky.feed.post/3mmdc5zrt5k2n,bafyreiczigqykpnoqugbljszxg2j2zbhgh2sa262lwkd4fy37cgv5wvli4,scotinus.bsky.social,did:plc:be7ztphlq3foohg3u3adf7nt,David,"Meta is turning into the lamest company ever. Facebook was their contribution to the world and was cool in 2009. They made it big with in-your-face ads and then fucked up and festered. And here they go again. The bleeding edge already knows AI is not replacing jobs. It's a tool, Meta. Like Zuck.",2026-05-21T01:42:55.270Z,5,0,1,,,,False,AI replacing jobs,2026-05-25T06:53:33.418187,meta turning lamest company ever facebook contribution world cool made big face ad fucked festered bleeding edge know replacing tool meta zuck,-0.4767,0.078,0.112,0.81,Negative,0,
at://did:plc:vi2grzfali5xn5rh2ny2n4d4/app.bsky.feed.post/3mmcvwluj2s2s,bafyreie4oji5dzeoqzqmwk7wbq6b2wmvu4tljigp66fektg7arayd5wmzm,culturecrave.co,did:plc:vi2grzfali5xn5rh2ny2n4d4,Culture Crave 🍿,"Donald Trump was asked what he would say to families worried about AI replacing jobs for their kids someday:

""AI has been amazing ... we have more people working right now than ever"" 

He then went on a tangent about the stock market, Iran, and oil",2026-05-20T22:04:00.893Z,220,22,24,,,,False,AI replacing jobs,2026-05-25T06:53:33.418187,donald trump asked family worried replacing kid someday amazing working right ever went tangent stock market iran oil,0.3818,0.076,0.044,0.88,Positive,0,
at://did:plc:5hpscv6ou5okd33sp2se5thn/app.bsky.feed.post/3mmcr5zqzrc2g,bafyreiemvvbfbny7272bcqkamhi4lw6a6at5rdwvuyqbmlcmxrtbevztkq,cptjinglepants.bsky.social,did:plc:5hpscv6ou5okd33sp2se5thn,Comrade Jingle Pants ☭🔻Organize Against Oligarchs!,"100%... Labor is our only bargaining chip at this point.

With AI taking over so many jobs, and automation replacing jobs exponentially now, it will leave only kinetic civil war.

One way or another, this is coming.",2026-05-20T20:38:41.634Z,1,0,0,at://did:plc:aezth5y457wue2ctg5ig3j7s/app.bsky.feed.post/3mmcqxfu4j22i,,,True,AI replacing jobs,2026-05-25T06:53:33.418187,labor bargaining chip point taking many automation replacing exponentially leave kinetic civil war way another coming,-0.6249,0.0,0.127,0.873,Negative,4,
at://did:plc:4y2sditdcpanhrugefm4cnp3/app.bsky.feed.post/3mmcfccohpk24,bafyreifsewvbusrayrnbrcc3qi6muthgpmq5qn3kwbwhnpsxn2xvpkamva,historicallysick.bsky.social,did:plc:4y2sditdcpanhrugefm4cnp3,,"Lots of news that workers are loosing their jobs because AI is replacing them.
Total horseshit.
These companies are cutting jobs in order to keep burning AI cash.
COMPUTE IS MORE EXPENSIVE THAN PEOPLE.

www.pressreader.com/usa/los-ange...",2026-05-20T17:06:20.300Z,0,0,0,,,,False,AI replacing jobs,2026-05-25T06:53:33.418187,lot news worker loosing replacing total horseshit company cutting order keep burning cash compute expensive,-0.128,0.0,0.042,0.958,Negative,2,
at://did:plc:jpw34lqim6syxyuaxzwwqcmp/app.bsky.feed.post/3mmbwnmb2u22o,bafyreiem4e6q6j5iv5znrn7pn4pvwv4yi7uop6drzeomq5resgdex4pp3m,graceplaton.bsky.social,did:plc:jpw34lqim6syxyuaxzwwqcmp,Grace Platon,"Rather than replacing jobs, here’s how AI can help organizations. 

Marketing teams spending less time on production and more time on positioning, narrative, and the kind of original thinking no model can replicate. www.thestateofbrand.com/news/ai-job-...",2026-05-20T12:44:13.320Z,0,0,0,,,,False,AI replacing jobs,2026-05-25T06:53:33.418187,rather replacing help organization marketing team spending less time production time positioning narrative kind original thinking model replicate,0.3626,0.124,0.058,0.818,Positive,4,
at://did:plc:byt5hjoerb6tuegpi3kxea3r/app.bsky.feed.post/3mmbva6sylk2e,bafyreicyegtkib4xdmpkmrza332hvip6gkvnna3tuo5ufn2w67dmfpjldu,romispectrum.bsky.social,did:plc:byt5hjoerb6tuegpi3kxea3r,Romi,The market is quietly deleting jobs where your value was doing the task and replacing them with jobs where your value is figure out how to plug AI into the opportunity and own the outcome.,2026-05-20T12:18:49.279Z,0,1,0,,,,False,AI replacing jobs,2026-05-25T06:53:33.418187,market quietly deleting value task replacing value figure plug opportunity outcome,0.765,0.192,0.0,0.808,Positive,0,
at://did:plc:jnx5ucuh3k374wztnac7wlj5/app.bsky.feed.post/3mmbq3s2dc22z,bafyreif3lwsqnldqc5tfkjb2q2v4ktngh5klojhdw4d4q7ayv3qweuxt2a,grannymae.bsky.social,did:plc:jnx5ucuh3k374wztnac7wlj5,,"Standard Charter have announced around 8,000 jobs will be lost to AI. Bill Winters, CEO has said ""It's not cost cutting: it's replacing in some cases, lower value human capital""👀",2026-05-20T10:46:52.959Z,1,0,0,,,,False,AI replacing jobs,2026-05-25T06:53:33.418187,standard charter announced around lost bill winter ceo cost cutting replacing case lower value human capital,-0.1852,0.107,0.128,0.766,Negative,0,
at://did:plc:heykbva62b6jhr6qr7xck346/app.bsky.feed.post/3mmb3qreaid2q,bafyreiajz4vxehtocuavh36upeqhebyamixtjedzs7443rcxibzseuqa5i,poorpockets.bsky.social,did:plc:heykbva62b6jhr6qr7xck346,,". Tech jobs that involve repetitive coding
AI is not replacing senior engineers — but it is reducing demand for:

Junior developers

QA testers

Bug fixers

Basic coders

AI coding assistants are doing a lot of the grunt work.",2026-05-20T04:42:48.299Z,0,1,0,at://did:plc:heykbva62b6jhr6qr7xck346/app.bsky.feed.post/3mmb3qreaic2q,,,True,AI replacing jobs,2026-05-25T06:53:33.418187,tech involve repetitive coding replacing senior engineer reducing demand junior developer tester bug fixer basic coder coding assistant lot grunt,-0.1901,0.0,0.069,0.931,Negative,0,
at://did:plc:y3pmzlnjakqh7kkvdvwpucu5/app.bsky.feed.post/3mmauej3mue2e,bafyreiczcfoxhoi4tm56chxk3dcklukgksq62yi3nxjxruuoyec7z6nerm,aloycwl.bsky.social,did:plc:y3pmzlnjakqh7kkvdvwpucu5,,"[OpenClaw] 11 Jobs AI Could Replace In 2025—And 15+ Jobs That Are Safe

Curious if your career is at risk? Explore the shifting employment landscape to see which 11 roles AI is replacing in 2025 and 15+ professions protected by human ingenuity.

Read more: https://insightginie.com/11-jobs-ai-could-r",2026-05-20T02:30:40.619339+00:00,0,0,0,,,,False,AI replacing jobs,2026-05-25T06:53:33.418187,openclaw replace safe curious career risk explore shifting employment landscape see role replacing profession protected human ingenuity read,0.7184,0.158,0.041,0.801,Positive,4,
at://did:plc:6e4kpwbhah6ri44psz2nrccb/app.bsky.feed.post/3mmaqtluwv22h,bafyreibwkkepyg5qp3p7d52azszofsatocrkax3jac3zk5ltao2q4wh3tq,pamspaulding.bsky.social,did:plc:6e4kpwbhah6ri44psz2nrccb,Pam Spaulding,"“It is not cost-cutting, but it is replacing, in some cases, lower-value human capital w/the financial capital & the investment capital that we are putting in.”
— Standard Chartered CEO Bill Winters on AI, cutting 8K jobs (15%)

His remaining staff? Prolly of *medium value.*
🧾 shorturl.at/vM5gG",2026-05-20T01:27:32.061Z,4,1,2,,,,False,AI replacing jobs,2026-05-25T06:53:33.418187,cost cutting replacing case lower value human capital financial capital investment capital putting standard chartered ceo bill winter cutting remaining staff prolly medium value shorturl,0.3291,0.062,0.035,0.903,Positive,0,
at://did:plc:qgz7jtmlddfn3dikhimzlqu5/app.bsky.feed.post/3mm7uzkujbc25,bafyreigsz6tkurtqunrbj74vbgdoogcflyoz42iarqzaltlwhx2erqmdke,kattenbarge.bsky.social,did:plc:qgz7jtmlddfn3dikhimzlqu5,Kat Tenbarge,"Instead AI is actually *replacing* jobs, tools, repositories of information, functions, etc—even though it is statistically going to make massive errors. And we KNOW you have to double check all of its output, but we obviously aren’t. Right now, it’s mostly individual users being held responsible.",2026-05-19T17:09:47.554Z,168,4,18,at://did:plc:qgz7jtmlddfn3dikhimzlqu5/app.bsky.feed.post/3mm7uwaqdjs25,,,True,AI replacing jobs,2026-05-25T06:53:33.418187,instead actually replacing tool repository information function etc though statistically massive error double check output obviously right mostly individual user held responsible,0.3071,0.061,0.035,0.904,Positive,4,
at://did:plc:q6at5lbkcj6pvec3azath2v6/app.bsky.feed.post/3mm7kuazvcc2s,bafyreicchtdjil5nrrkvgkzv4r7ro6t5hbnrrzc7qk7pjfis5vpvmgzsve,civileats.com,did:plc:q6at5lbkcj6pvec3azath2v6,Civil Eats,"The United Food and Commercial Workers Union, which represents about 1.2 million essential workers across the U.S. and Canada, is calling on lawmakers to ban electronic shelf labels to prohibit “surveillance pricing” and to prevent AI from replacing union grocery store jobs.",2026-05-19T14:07:52.053Z,5,0,1,,,,False,AI replacing jobs,2026-05-25T06:53:33.418187,united food commercial worker union represents million essential worker across canada calling lawmaker ban electronic shelf label prohibit surveillance pricing prevent replacing union grocery store,-0.1779,0.084,0.077,0.839,Negative,2,
at://did:plc:ome25zoifznd53gghxggf7ak/app.bsky.feed.post/3mm7edj43cc2u,bafyreibaendj4ar6da5gbox6ndpjffhkbosr4ls3cb4jfppkm2in7hq3wa,witchlightcrafts.bsky.social,did:plc:ome25zoifznd53gghxggf7ak,Witchlight Crafts,"""...that while the fear of AI replacing jobs and threatening the environment is “rational,” if you get on board with it and help “shape” it, you’ll be one of the winners and set yourself up for success in the future..."" 

Puts this in my head =
From The Mummy, when O'Connell asks Beni about...",2026-05-19T12:11:07.629Z,2,2,0,at://did:plc:zkorluqwz5fl2okxgseh3uyu/app.bsky.feed.post/3mm7cttwnuc2x,,,True,AI replacing jobs,2026-05-25T06:53:33.418187,fear replacing threatening environment rational board help shape winner set success future put head mummy connell asks beni,0.4404,0.146,0.101,0.753,Positive,2,
at://did:plc:2l4msukf7kuyz4dchq4acqpd/app.bsky.feed.post/3mm7dpimpqc2o,bafyreieodrfhlgi74fmotopohxfool5gyxwz25xhrczd27ptgs6tbiag64,grolliffe.bsky.social,did:plc:2l4msukf7kuyz4dchq4acqpd,Grolliffe,"London-based Standard Chartered announced on Tuesday plans to cut about 7800 jobs by 2030 as part of a broader efficiency push amid the adoption of AI.

 ""It's not cost-cutting, it's replacing low-value human capital with financial and investment capital."" 🤔

www.zerohedge.com/markets/stan...",2026-05-19T11:59:56.046Z,3,1,0,,,,False,AI replacing jobs,2026-05-25T06:53:33.418187,london based standard chartered announced tuesday plan cut part broader efficiency push amid adoption cost cutting replacing low value human capital financial investment capital,0.1027,0.056,0.047,0.897,Positive,0,
at://did:plc:y6lpwxprznjmwffhuzkh5mwb/app.bsky.feed.post/3mm7bslv65k22,bafyreieyd6n6gvd6mvyk23wuveuhnrk3cymhpovxmxivibzvzw74rc25l4,lifebrieflynews.bsky.social,did:plc:y6lpwxprznjmwffhuzkh5mwb,Life Briefly,"General Motors is laying off hundreds of IT workers and replacing them with AI-skilled talent, signaling a major workforce shift across industries.

https://lifebriefly.news/gm-is-replacing-hundreds-of-it-workers-with-ai-focused-talent-and-its-a-sign-of-

#Jobs #Technology #Workforce",2026-05-19T11:25:51.424Z,0,0,0,,,,False,AI replacing jobs,2026-05-25T06:53:33.418187,general motor laying hundred worker replacing skilled talent signaling major workforce shift across industry technology workforce,0.4215,0.101,0.0,0.899,Positive,2,
at://did:plc:3u6no2l6ta3gy37vmjbs6gap/app.bsky.feed.post/3mm74xog7lk2v,bafyreihb4avuqnpsybon6k6hikgnjt4rsizuwy7za7uafqqslmdmpcmnx4,my2centsay.bsky.social,did:plc:3u6no2l6ta3gy37vmjbs6gap,Dollyanna,"BUYING YOU.

EVERY DATA CENTER BUILT REPLACES EMPLOYEES/JOBS
.
THIS FIGURE IS UNKNOWN.
DATA CENTER OWNERS CLAIM DATA CENTERS INCREASE JOBS.

🔱THIS IS A LIE.🔱

AI IS STEALING JOBS.
AI CAN WRITE ITS OWN CODE, NO HUMAN NEEDED.

DATA CENTERS ARE REPLACING WORKERS BY THE THOUSANDS.
#PitchforkPartyRising",2026-05-19T09:59:14.366Z,3,3,2,,,,False,AI replacing jobs,2026-05-25T06:53:33.418187,buying every data center built replaces employee figure unknown data center owner claim data center increase lie stealing write code human needed data center replacing worker thousand pitchforkpartyrising,-0.6523,0.053,0.128,0.819,Negative,2,
at://did:plc:oofkyroaucp3tf7yjtkiszgs/app.bsky.feed.post/3mm6ud4dfe22e,bafyreidgusp2u7r2holwdhsgnihlg24ga5nmfcrfw6xc344ffzmwhfk65m,autonainews.com,did:plc:oofkyroaucp3tf7yjtkiszgs,Auton AI News,Schmidt telling students worried about AI replacing jobs that they can just “manage AI agents” isn’t really a reassurance. It’s the same anxiety repackaged in startup language. No wonder the crowd kept booing.,2026-05-19T07:24:34.377Z,2,0,0,at://did:plc:z6rujpf4u56jfie7aqic2nfg/app.bsky.feed.post/3mm4ly2ffzs2v,,,True,AI replacing jobs,2026-05-25T06:53:33.418187,schmidt telling student worried replacing manage agent reassurance anxiety repackaged startup language wonder crowd kept booing,-0.323,0.073,0.161,0.766,Negative,0,
at://did:plc:uftfptmc5ugvwqldt6lbbf2h/app.bsky.feed.post/3mm6sfyusn22a,bafyreie7bwdm6aclp6d4rmr6svqmox6mapfxcnwyrz45fv4qveyznce7w4,writagal.bsky.social,did:plc:uftfptmc5ugvwqldt6lbbf2h,Hayley,"A thing about AI replacing jobs is that AI might make functions within roles more streamlined but the roles are still vital - AI can’t lead emergency/crisis response, hold community relationships, make decisions with no human context.
Those selling AI replacement might as well be selling snake oil.",2026-05-19T06:50:23.931Z,29,3,6,,,,False,AI replacing jobs,2026-05-25T06:53:33.418187,thing replacing might function within role streamlined role vital lead emergency crisis response hold community relationship decision human context selling replacement might selling snake oil,0.3919,0.102,0.053,0.845,Positive,2,
at://did:plc:ri3ciinceco5himlcykqomh7/app.bsky.feed.post/3mm6p7fg7ts2w,bafyreicfi4ak55qetgnnlzvo6scnbgqujnllubvdz5uli3w5yy3hmov2oy,benbraun.eurosky.social,did:plc:ri3ciinceco5himlcykqomh7,Benjamin Braun,"“lower-value human capital” 

This would be bad enough in an econ paper. But the CEO talking about his own, current employees? We’re in a bad place.",2026-05-19T05:53:00.963Z,36,3,12,,,,False,AI replacing jobs,2026-05-25T06:53:33.418187,lower value human capital bad enough econ paper ceo talking current employee bad place,-0.7906,0.0,0.226,0.774,Negative,0,
at://did:plc:nvczafnwfeiotgrh2oz74bac/app.bsky.feed.post/3mm6mnqxojk2a,bafyreidwqr5ccsovvzlimc5pxnf4euofb2ejnnerrlj5cx64dj6ymkatzm,peterashford.bsky.social,did:plc:nvczafnwfeiotgrh2oz74bac,Peter Ashford,"I'd have thought, if you are going to replace people with AI, that it would be encumbent on you to demonstrate that the jobs you're replacing can actually be done by AI. My workplace is heavily into AI. I use AI a lot. We haven't replaced anyone's job with AI because none of them are replaceable.",2026-05-19T05:07:21.622Z,3,2,0,,,,False,AI replacing jobs,2026-05-25T06:53:33.418187,thought replace encumbent demonstrate replacing actually done workplace heavily use lot replaced anyone none replaceable,0.0,0.0,0.0,1.0,Neutral,4,
at://did:plc:bs2cajroxw6g4b3a4t3pnyz5/app.bsky.feed.post/3mm5jw3hg2s2s,bafyreie52uctiigimcakz4oeux2uy5u65jypcxyaftldupt2wpffb2opiq,sportsballitics.bsky.social,did:plc:bs2cajroxw6g4b3a4t3pnyz5,Rich Kurtzman 🏀⛏️ 🏒🏔️,"This isn’t weird. 

AI is replacing Millennials and GenZ’s jobs right now. It also sucks ass. It’s not good or reliable. It’s idiotic. 

The fascist Gen Xers love it because they are in positions of power (management), are dumb and gullible, and see it as a way to save money. Boomers extra gullible.",2026-05-18T18:45:40.095Z,0,1,0,,,,False,AI replacing jobs,2026-05-25T06:53:33.418187,weird replacing millennials genz right suck as good reliable idiotic fascist gen xers love position power management dumb gullible see way save money boomer extra gullible,-0.9451,0.099,0.341,0.56,Negative,4,
at://did:plc:2wyhuo5h7mag4gsgpa5dzrdy/app.bsky.feed.post/3mm5gm3xij22f,bafyreic5rmakiqlygegb7zizo2hu7hbis3yl3jr4wlpgtggiuy2idlndia,ghbourne.bsky.social,did:plc:2wyhuo5h7mag4gsgpa5dzrdy,,I just published Doomers vs Dealmakers: Is AI Replacing Jobs for Gen X Entrepreneurs? medium.com/technology-h...,2026-05-18T17:46:23.852Z,0,0,0,,,,False,AI replacing jobs,2026-05-25T06:53:33.418187,published doomers dealmakers replacing gen entrepreneur medium technology,0.0,0.0,0.0,1.0,Neutral,4,
at://did:plc:c7a4sekhlsfotoftcixtvxsn/app.bsky.feed.post/3mm57unxkfs2h,bafyreicrk7wmzq476zpycdnngiexqvkvidfl6tfn4adacyb6tnz7vhbupa,eggmansasshole.bsky.social,did:plc:c7a4sekhlsfotoftcixtvxsn,🥶,The hilarious thing is that the Internet moral panics only ended *when the AI ones started!!!* This was fucking 3 years ago at most! We were even still talking about how horrible it was that it was replacing all our jobs!,2026-05-18T15:45:54.971Z,16,1,4,,,,False,AI replacing jobs,2026-05-25T06:53:33.418187,hilarious thing internet moral panic ended one started fucking year ago talking horrible replacing,-0.7067,0.056,0.157,0.787,Negative,1,
at://did:plc:xblxonfxdyhvdyk3au3xupst/app.bsky.feed.post/3mm54v7kfmc2x,bafyreiehqdvhwm47xnpczbmggzbvwrf3gqquaz62ffsykoiknsi647ophu,obv8.bsky.social,did:plc:xblxonfxdyhvdyk3au3xupst,,"It appears you have issues with AI and are striking out at DC's. Aren't DC's more of a symptom? AI is promoting the promise of replacing jobs with AI Agents. NO ROI to prove it, yet. Wouldn't popping that AI bubble make the local DC issue moot? Consider attacking AI directly to solve the prob...",2026-05-18T14:52:32.190Z,1,1,0,at://did:plc:glewjojbdh7652lmyyzu4rrb/app.bsky.feed.post/3mm4vcwtnak25,,,True,AI replacing jobs,2026-05-25T06:53:33.418187,appears issue striking symptom promoting promise replacing agent roi prove yet popping bubble local issue moot consider attacking directly solve prob,-0.1761,0.111,0.094,0.795,Negative,4,
at://did:plc:4in5jqlymqp6kedlmw6dvhvz/app.bsky.feed.post/3mm4x2g6z4c2s,bafyreihezy63wxxjyxa7i3ocmpgffxvyajfgub4ytkolscslfbhq63q4pm,fleetadmiralj.bsky.social,did:plc:4in5jqlymqp6kedlmw6dvhvz,Fleet,"I mean, one can argue about AI vs. jobs and all of that, but that whole premise is a contradiction.

If AI creates nothing, how is it replacing people? Unless you are just assuming people are firing people and replacing them with nothing (which is what they say AI makes).",2026-05-18T13:08:04.477Z,8,0,2,at://did:plc:mmtjkssv6jeneahkgfdxuy7p/app.bsky.feed.post/3mm4wwwusus2u,,,True,AI replacing jobs,2026-05-25T06:53:33.418187,mean argue whole premise contradiction creates nothing replacing unless assuming firing replacing nothing make,-0.5647,0.047,0.13,0.822,Negative,0,
at://did:plc:awag7ognhzmwdf6rublelrap/app.bsky.feed.post/3mm4w34ig222x,bafyreibywjk7d2cpuvz2bjtsznbai65xxygf36puc2jkrcjo7omfi2tzdq,anondson.bsky.social,did:plc:awag7ognhzmwdf6rublelrap,Anondson,"My running quip has been that CEOs have bought into AI replacing white collar work because they understand that executive jobs could be easily replaced by LLMs.

That’s all they currently know of the workforce today.

Plus all boards are incestuously made of these same types.",2026-05-18T12:50:34.113Z,0,0,0,at://did:plc:bzy5rjjduvvkxno5xe3evl3f/app.bsky.feed.post/3mm4vrs6xws2h,,,True,AI replacing jobs,2026-05-25T06:53:33.418187,running quip ceo bought replacing white collar understand executive easily replaced llm currently workforce today plus board incestuously made type,0.34,0.051,0.0,0.949,Positive,2,
at://did:plc:qtmkofq37rd3kdoiiqgh54mr/app.bsky.feed.post/3mm4ftvturn2c,bafyreich2vtnzfgn56msry3wvrlgecoj5lmwfkcx3jqwj32hdq6meyftom,davidooi-ai.bsky.social,did:plc:qtmkofq37rd3kdoiiqgh54mr,David Ooi,"I'm not worried about AI replacing jobs.

I'm watching which businesses are using AI to outpace competitors who aren't.

The gap is already visible:

Companies using AI for customer communication → 3x faster response time
Companies using AI for content → 10x output with same",2026-05-18T08:00:12.080982+00:00,0,0,0,,,,False,AI replacing jobs,2026-05-25T06:53:33.418187,worried replacing watching business using outpace competitor gap visible company using customer communication faster response time company using content output,0.2235,0.041,0.0,0.959,Positive,0,
at://did:plc:ni6cl7jipinqldoyowqlbrwp/app.bsky.feed.post/3mm4aszcte726,bafyreidbldhebcfe37eajm7v7ryfejhxlay7tleaf3j2p2pynwb4c3w5ce,au-nb.bsky.social,did:plc:ni6cl7jipinqldoyowqlbrwp,,"A Conversation About AI Replacing Jobs Ended Up Destroying a Longtime Friendship

https://www.newsbeep.com/au/678073/

Pexels/Reddit AI has disrupted a lot of industries, and maybe one of the only silver linings is that…",2026-05-18T06:30:09+00:00,0,0,0,,,,False,AI replacing jobs,2026-05-25T06:53:33.418187,conversation replacing ended destroying longtime friendship pexels reddit disrupted lot industry maybe silver lining,-0.1779,0.082,0.101,0.817,Negative,3,
at://did:plc:6aynxzwotcoygqct5qvqbol3/app.bsky.feed.post/3mm4ab4dr5k2v,bafyreici6b6g4r6bdhl2bephuiuxu3cepk3f2w4bf44ksfxwyulozz5cs4,dcjohnson.bsky.social,did:plc:6aynxzwotcoygqct5qvqbol3,Dave Johnson,"Everyone knows AI is about billionaires replacing all jobs so THEY can get all the money. Untaxed.

They'll just keep it. No ""redistribution."" No ""social programs"" or ""universal basic income.""

Everyone knows this.

Just poverty & decline. And fascism to keep you from doing anything about it.",2026-05-18T06:20:12.967Z,17,2,9,,,,False,AI replacing jobs,2026-05-25T06:53:33.418187,everyone know billionaire replacing money untaxed keep redistribution social program universal basic income everyone know poverty decline fascism keep anything,-0.5591,0.037,0.107,0.856,Negative,4,
at://did:plc:aduyfqmdwfni4slyrbldoeez/app.bsky.feed.post/3mm3lmbc7ys2r,bafyreibkbp2qt6qdpklj6je4oge7kwwvt67b5fnwydjr4ifbsd6lk4xmxq,plsburydoughboy.bsky.social,did:plc:aduyfqmdwfni4slyrbldoeez,Pleasebury Doughboy  ✨,"Probably not as a whole, but AI related layoffs already happened in video games. Not all of them because of AI replacing jobs but it's definitely not zero",2026-05-18T00:10:38.679Z,1,0,0,at://did:plc:brnnpb6x3pdapjeqqs275gbd/app.bsky.feed.post/3mm35fj5ark2q,,,True,AI replacing jobs,2026-05-25T06:53:33.418187,probably whole related layoff happened video game replacing definitely zero,0.5499,0.116,0.0,0.884,Positive,0,
at://did:plc:qgexgpxh3caqmaxmaiuzrnho/app.bsky.feed.post/3mm3bf53kos2s,bafyreignmjbcthprd6jeneudpdxlvqfia5m3a6jf4jkmtt5muj6ihpucua,historyhoarder.bsky.social,did:plc:qgexgpxh3caqmaxmaiuzrnho,Brian Bennett,How out of touch do you need to be to talk about AI replacing humans in white collar jobs to a group of humans who went into huge debt with the understanding that they would get white collar jobs?,2026-05-17T21:07:41.967Z,2,1,0,at://did:plc:64xbiyeyqpefo3t4zwrofpme/app.bsky.feed.post/3mm3aiccups2h,,,True,AI replacing jobs,2026-05-25T06:53:33.418187,touch need talk replacing human white collar group human went huge debt understanding white collar,-0.0516,0.055,0.06,0.885,Negative,0,
at://did:plc:grnochfpti4ueatf4lpvbk5k/app.bsky.feed.post/3mm36xcvpgc2f,bafyreiezeiecbzwd5nm6dy2bohukchoyqmihrgerj3ws4bas6z5esygcxu,shinylion.bsky.social,did:plc:grnochfpti4ueatf4lpvbk5k,💎 Elizabeth 💎,He said this crap to graduates who just spent a fuckton of money getting degrees so they can get jobs *and* be contributing members of society. And he thought they would happily listen to him blather about AI replacing humans being a good thing.,2026-05-17T20:24:10.821Z,0,0,0,,,,False,AI replacing jobs,2026-05-25T06:53:33.418187,crap graduate spent fuckton money getting degree contributing member society thought happily listen blather replacing human good thing,0.5423,0.129,0.059,0.812,Positive,2,
at://did:plc:za4k2wequx6po2nl3c6lp3l3/app.bsky.feed.post/3mm34c4xrys2a,bafyreig45k5srsrrgqm6qjpjohb63ndv46gls2ivs7zzprswuddj4bikhu,noticky.bsky.social,did:plc:za4k2wequx6po2nl3c6lp3l3,ElizaHG,Just like computers put tens of thousands of baby boomers out of work or only able to get minimum wage jobs. AI  will complete the process of replacing people except for work that takes physical labor. But so many will be competing for those jobs the wages will drop again. Corporate greed wins.,2026-05-17T19:36:32.471Z,0,0,0,at://did:plc:4ogldmjnz2due2ytohxodnu3/app.bsky.feed.post/3mm2kn6etic2l,,,True,AI replacing jobs,2026-05-25T06:53:33.418187,computer put ten thousand baby boomer able minimum wage complete process replacing except take physical labor many competing wage drop corporate greed win,0.1531,0.11,0.1,0.79,Positive,4,
at://did:plc:adohud3y6b7bucsctpwfhytq/app.bsky.feed.post/3mm2qxuugl22i,bafyreid65qg2tmz6w5yqilidfyiog2tzhzhj6rk6ktnjb2uby3cffr4exi,shampeon.shampeons.com,did:plc:adohud3y6b7bucsctpwfhytq,Bobson Dugnutt,"To a college grad these same guys now promoting AI have:
a) made schools organize around preparing for STEM careers
b) ruined non-STEM careers
c) right now will not hire entry level STEM majors, because senior engineers are replacing those jobs with AI (supposedly)",2026-05-17T16:13:57.268Z,25,1,3,at://did:plc:hmsszljyd273swnyqhvy4zsl/app.bsky.feed.post/3mm2q7otmz22u,,,True,AI replacing jobs,2026-05-25T06:53:33.418187,college grad guy promoting made school organize around preparing stem career ruined non stem career right hire entry level stem major senior engineer replacing supposedly,-0.1531,0.053,0.065,0.882,Negative,4,
at://did:plc:yb7knvz7ikv2bdvifkuhvnkk/app.bsky.feed.post/3mm2jvd6wj22o,bafyreidjjx6eedbbaiiqcq6ekvmmjabz43ybgl4ax7ucnlhglrrb6rd5wm,jto75.bsky.social,did:plc:yb7knvz7ikv2bdvifkuhvnkk,James O,AI is likely replacing the get your foot in the door grunt work jobs where college grads can get their start.,2026-05-17T14:07:15.437Z,2,0,0,at://did:plc:cnpe7qvcyjrhm6w7w7e4atur/app.bsky.feed.post/3mm2jdr5ajc2j,,,True,AI replacing jobs,2026-05-25T06:53:33.418187,likely replacing foot door grunt college grad start,0.0,0.0,0.0,1.0,Neutral,4,
at://did:plc:peteiu6m4xjdz42epy7kkv3u/app.bsky.feed.post/3mm2aecqmbc22,bafyreig4inarznnkkpuzbxwp2wndorvnqc7h74cghqc3rzdctqddwxiw3e,shera1.bsky.social,did:plc:peteiu6m4xjdz42epy7kkv3u,,"The billionaire Proj2025/TechBros coalition have decided among themselves that the world is over-populated. Removing healthcare, replacing jobs with robotic Ai, surveillance, stealing private banking info & money/taxes to pay for Data Centers & Prisons meant for all who disagree. Disease=Death.VOTE🌊",2026-05-17T11:16:40.866Z,0,0,0,at://did:plc:bono5gae7m6r3qpfxomshwbd/app.bsky.feed.post/3mlyue4ofoc2w,,,True,AI replacing jobs,2026-05-25T06:53:33.418187,billionaire proj techbros coalition decided among world populated removing healthcare replacing robotic surveillance stealing private banking info money tax pay data center prison meant disagree disease death vote,-0.7717,0.0,0.165,0.835,Negative,0,
at://did:plc:pjzsqzdrlfdge2dse4ggyb6o/app.bsky.feed.post/3mlz53qwfic2j,bafyreihdtmfwynqhz5ox3u532proxqhmwoyknrdhlkgqneztjaunla2l5m,aiapplications.bsky.social,did:plc:pjzsqzdrlfdge2dse4ggyb6o,AI Applications,"IT support teams deal with high ticket volumes and repetitive tasks daily. An AI copilot could help by automating triage, suggesting fixes, and learning from past incidents. It’s not about replacing agents—it’s about making their jobs easier.
Service Desk AI Copilot
open.substack.com/pub/aiapplic...",2026-05-17T00:45:32.781Z,0,0,0,,,,False,AI replacing jobs,2026-05-25T06:53:33.418187,support team deal high ticket volume repetitive task daily copilot help automating triage suggesting fix learning past incident replacing agent making easier service desk copilot open substack pub aiapplic,0.7351,0.17,0.041,0.788,Positive,0,
at://did:plc:3zry2tx7p4rmtl4loljb5vfm/app.bsky.feed.post/3mly6w4ephs25,bafyreihmsjfaubk2reg7xiuxpg4y5c3tfdnvsjj4t7pla5lim2t6g3q6qi,opensourcelab.bsky.social,did:plc:3zry2tx7p4rmtl4loljb5vfm,Open-Source-Lab,"Everyone is debating AI agents replacing jobs. But people build instead tiny agents that replace annoying tasks, not people. Search bot, app generator, doctor info finder, video editor. Small tools win.",2026-05-16T15:45:31.203Z,1,0,0,,,,False,AI replacing jobs,2026-05-25T06:53:33.418187,everyone debating agent replacing build instead tiny agent replace annoying task search bot app generator doctor info finder video editor small tool win,0.3919,0.138,0.094,0.768,Positive,0,
at://did:plc:2wyhuo5h7mag4gsgpa5dzrdy/app.bsky.feed.post/3mlxzcgaugc2c,bafyreiam6ezccarixwrztcw7tmz75xvoou7qwv2sm66pwza7f4zvanv6gm,ghbourne.bsky.social,did:plc:2wyhuo5h7mag4gsgpa5dzrdy,,I just published Doomers vs Dealmakers: Is AI Replacing Jobs for Gen X Entrepreneurs? medium.com/technology-h...,2026-05-16T14:05:01.765Z,0,0,0,,,,False,AI replacing jobs,2026-05-25T06:53:33.418187,published doomers dealmakers replacing gen entrepreneur medium technology,0.0,0.0,0.0,1.0,Neutral,4,
at://did:plc:nelgqgv7d6jap5rthzcoka5m/app.bsky.feed.post/3mlxej4dih22s,bafyreiajjv2dtljie2ie4n6cvcncayfyebnofx7ilktwmjunfrwi4y5vc4,outofplacebutt.bsky.social,did:plc:nelgqgv7d6jap5rthzcoka5m,,"If I’m looking for a job these days, suddenly my entire feed becomes: 
careers, productivity, interview prep, AI replacing jobs, LinkedIn style motivation, using Claude for getting calls, ads, promoted pages.",2026-05-16T07:52:57.658Z,2,2,0,at://did:plc:nelgqgv7d6jap5rthzcoka5m/app.bsky.feed.post/3mlxej4d4q22s,,,True,AI replacing jobs,2026-05-25T06:53:33.418187,looking day suddenly entire feed becomes career productivity interview prep replacing linkedin style motivation using claude getting call ad promoted page,0.6369,0.152,0.0,0.848,Positive,0,
at://did:plc:xdhu5mawy2kxwgmldk5dbjgf/app.bsky.feed.post/3mlwm5yb7222m,bafyreig73tu22oajgr2qivqgza2mynojpu6hyrvfr346uwhe5thuajpcry,sniffit.bsky.social,did:plc:xdhu5mawy2kxwgmldk5dbjgf,Sniffit,JARED WANTS A PAYCHECK FROM A TECH BROLIGARCH WHILE THEY BUILD THEIR DATA CENTERS TO SURVEIL EVERYTHING WE DO AND USE IT TO EXPLOIT AND CONTROL US WHILE POISONING OUR COMMUNITIES AND ENVIRONMENT WITH THE AI GENERATED DISINFO SLOP AND REPLACING HUMAN JOBS WITH AI THEY CONTROL.,2026-05-16T00:37:14.496Z,2,0,0,at://did:plc:k6kna4sg4o6ohkgjikl725kn/app.bsky.feed.post/3mlu6vrwf2y2b,,,True,AI replacing jobs,2026-05-25T06:53:33.418187,jared want paycheck tech broligarch build data center surveil everything use exploit control poisoning community environment generated disinfo slop replacing human control,-0.6369,0.0,0.104,0.896,Negative,2,
at://did:plc:75ejjre7qty44li3r7624jqb/app.bsky.feed.post/3mlwka7txf22x,bafyreifd76fnih6fglszvleyqqzpkwfx6dobp2qrro6mwmnczq6wghse5a,yesternaut.bsky.social,did:plc:75ejjre7qty44li3r7624jqb,J. Mackenzie Graham,"We want to have jobs in the arts, where we get hired to make art, and can live off that job. But AI is replacing us, and pro-AI users taunt us, gleefully cheering on the collapse of the industry.",2026-05-16T00:02:42.068Z,1,1,0,at://did:plc:75ejjre7qty44li3r7624jqb/app.bsky.feed.post/3mlwka7twfs2x,,,True,AI replacing jobs,2026-05-25T06:53:33.418187,want art hired art live replacing pro user taunt gleefully cheering collapse industry,0.0772,0.122,0.094,0.784,Positive,0,
at://did:plc:lc6hdhnjkgccd6ysi7e23pll/app.bsky.feed.post/3mlvodu4ii52l,bafyreiaavntx6or26vwulhjsjwbvktmfqmwiivgzg7skw7gpjukwoupdqa,bigearthdata.ai,did:plc:lc6hdhnjkgccd6ysi7e23pll,"Climate, Ecology, War & More - Dr Glen Barry BigEarthData.ai","Amazon layoffs 2026: Amazon fires another wave after 30,000 cuts - who is next, and why AI is replacing jobs faster than anyone warned
->MSN News | More on ""Amazon AI layoffs job displacement"" at BigEarthData.ai | #AmazonFire #AI",2026-05-15T15:43:38.868343+00:00,2,1,1,,,,False,AI replacing jobs,2026-05-25T06:53:33.418187,amazon layoff amazon fire another wave cut next replacing faster anyone warned msn news amazon layoff displacement bigearthdata amazonfire,0.0202,0.123,0.098,0.778,Neutral,3,
at://did:plc:pcievrygrnjjg5ni7mjfgctb/app.bsky.feed.post/3mlugxcrcrs2g,bafyreifm6ftttthoyle2kwas3eb2lznw5blifcuk7mdysmo273id4vjg5u,hacker.at.thenote.app,did:plc:pcievrygrnjjg5ni7mjfgctb,Hacker & Security News,"AI models are getting better at replacing cybersecurity pros on certain tasks

UK researchers find LLMs are learning to finish jobs faster and improving all the time
#hackernews #llm #news",2026-05-15T03:58:42.377Z,0,0,0,,,,False,AI replacing jobs,2026-05-25T06:53:33.418187,model getting better replacing cybersecurity pro certain task researcher find llm learning finish faster improving time hackernews llm news,0.7783,0.224,0.0,0.776,Positive,4,
at://did:plc:zcfs4a2fl2fgggydypqo56u4/app.bsky.feed.post/3mlsouuqkxr2p,bafyreighgoctglkmgvhaqtcijbvlxq7dcnrc3imduei3jbbexegylmzz4m,eu-dk.bsky.social,did:plc:zcfs4a2fl2fgggydypqo56u4,,"How Denmark’s Flexicurity Model Reduces Fear Of AI Job Displacement And Lessons For India

https://www.europesays.com/dk/82339/

As fears around artificial intelligence replacing jobs continue to grow globally, one small European country keeps appearing in…",2026-05-14T11:15:09+00:00,0,0,0,,,,False,AI replacing jobs,2026-05-25T06:53:33.418187,denmark flexicurity model reduces fear displacement lesson india fear around replacing continue grow globally small european country keep appearing,-0.4404,0.079,0.153,0.767,Negative,2,
at://did:plc:qgtdrj7axnku4k4p66eb5rfm/app.bsky.feed.post/3mlsi4ctb222v,bafyreicxdwfdffkz3kf344j6lxvgk3kzhehzionpdnjkdpw4rzvbtrroaa,elviseckardtrec.bsky.social,did:plc:qgtdrj7axnku4k4p66eb5rfm,Elvis Eckardt Recruitment,The stated reason is not AI replacing jobs at LinkedIn directly. But it is hard to separate these cuts from the broader pattern reshaping the tech industry right now. Block cut nearly half its workforce in February. Cloudflare cut 20% last week.,2026-05-14T09:14:04.537Z,0,1,0,at://did:plc:qgtdrj7axnku4k4p66eb5rfm/app.bsky.feed.post/3mlsi4cta2s2v,,,True,AI replacing jobs,2026-05-25T06:53:33.418187,stated reason replacing linkedin directly hard separate cut broader pattern reshaping tech industry right block cut nearly half workforce february cloudflare cut last week,-0.9109,0.0,0.268,0.732,Negative,3,
at://did:plc:c4mlpr7wdeax2zpdw3axzxbs/app.bsky.feed.post/3mlrtqrpxls2w,bafyreici3vvgvzhld5i6dyji62hbounwd46f42yq6axqdy45futnxda6gq,joelmillerismydad.bsky.social,did:plc:c4mlpr7wdeax2zpdw3axzxbs,Joel Miller is My Dad,"I think “aggressive morality” loses the plot sometimes 🙃

“I hope that companies that use AI fail miserably cus AI is replacing people’s jobs.” What do you think is gonna happen to the jobs at the failing company? 

Increased success of companies that DON’T use AI will push less companies to use it",2026-05-14T03:09:42.675Z,0,0,0,,,,False,AI replacing jobs,2026-05-25T06:53:33.418187,aggressive morality loses plot sometimes hope company use fail miserably cu replacing gon happen failing company increased success company use push less company use,-0.5423,0.128,0.18,0.692,Negative,0,
at://did:plc:nqxuyac2y5xpjql3zlpstbho/app.bsky.feed.post/3mlrqmh23ec23,bafyreiekkih5r2y6yy7qvvrujtreztbprlrf7jipv7rv6iryvily2owcqm,calleycat.bsky.social,did:plc:nqxuyac2y5xpjql3zlpstbho,CalleyCat,"If AI is going to replace people in millions of jobs,
why isn't AI also replacing humans in military services, no need for reinstating conscription?",2026-05-14T02:13:36.029Z,0,0,0,at://did:plc:nqxuyac2y5xpjql3zlpstbho/app.bsky.feed.post/3mlrqgg2uw223,,,True,AI replacing jobs,2026-05-25T06:53:33.418187,replace million replacing human military service need reinstating conscription,-0.296,0.0,0.084,0.916,Negative,2,
at://did:plc:t4vekiarm2ejouzkuvv266m2/app.bsky.feed.post/3mlr6vcgjms2o,bafyreiah4lzeb57gddnpbvwvym2av4iccu6josipu6idzttkzgfuj33kde,drelove12345.bsky.social,did:plc:t4vekiarm2ejouzkuvv266m2,,"I personally don't see a problem with robotics and AI replacing jobs by people if we embrace UBI(Universal Basic Income for those who have been displaced.That will give them time to be more creative,and possibly find employment elsewhere.However change is inevitable rather some like it or not.",2026-05-13T20:56:25.828Z,0,0,0,at://did:plc:t4vekiarm2ejouzkuvv266m2/app.bsky.feed.post/3mlqwhxfvnk26,,,True,AI replacing jobs,2026-05-25T06:53:33.418187,personally see problem robotics replacing embrace ubi universal basic income displaced give time creative possibly find employment elsewhere however change inevitable rather,0.7234,0.138,0.0,0.862,Positive,4,
at://did:plc:m2yuqynl2cttvi4k5453yegh/app.bsky.feed.post/3mlqgt4265z72,bafyreiamku2asppmi72gj4sor2ekky6s4aqnz5auwgeoqqnlj7oygtlnzy,feed.igeek.gamer-geek-news.com.ap.brid.gy,did:plc:m2yuqynl2cttvi4k5453yegh,input,"🤖 **Just my perspective on AI and profit**

So I've been seeing a lot of articles about companies and startups struggling with AI. People saying AI is replacing jobs, companies aren't getting profit from it, you know? But here's what I think...

📰 Source: Artificial Intelligence (AI)
🔗 Link […]",2026-05-13T13:45:40.000Z,0,0,1,,,,False,AI replacing jobs,2026-05-25T06:53:33.418187,perspective profit seeing lot article company startup struggling saying replacing company getting profit source link,0.5419,0.108,0.064,0.829,Positive,1,
at://did:plc:3bybp6nqszlhuan2ch2cmv66/app.bsky.feed.post/3mlq7dtdbnk2s,bafyreidkwhgyekxzordattofy3xyc3zrpa5bosql4omulhj5wjgcsj2hji,keithwilson.eu,did:plc:3bybp6nqszlhuan2ch2cmv66,Dr Keith Wilson 💭,"They’re right to do so, and it’s very heartening to hear this. It’s also no surprise given that AI is being pushed as a way of replacing the kinds of jobs that these kids will go on to do!",2026-05-13T11:31:53.574Z,1,1,0,at://did:plc:5dmhznovwudrmcovluntjnlg/app.bsky.feed.post/3mlq6xzb42c2l,,,True,AI replacing jobs,2026-05-25T06:53:33.418187,right heartening hear surprise given pushed way replacing kind kid,-0.2746,0.0,0.053,0.947,Negative,4,
at://did:plc:s53urboqktvasjqb2rjm2vyy/app.bsky.feed.post/3mlq6zbdrx22h,bafyreibho6fizdku4jxnee75iq2mmrccb6bif2h5cjlnsdrrnc4b27demi,ashokdadhwal.bsky.social,did:plc:s53urboqktvasjqb2rjm2vyy,Ashok Dadhwal,"The U.S. economy is growing, yet recent college graduates face one of the toughest hiring markets in years. Companies are slowing recruitment, replacing entry-level roles with automation and AI tools, while demanding “experience” for jobs meant for beginners.",2026-05-13T11:25:59.172Z,2,2,1,,,,False,AI replacing jobs,2026-05-25T06:53:33.418187,economy growing yet recent college graduate face toughest hiring market year company slowing recruitment replacing entry level role automation tool demanding experience meant beginner,-0.128,0.043,0.08,0.877,Negative,4,
at://did:plc:pknwv6lq3vpvjt3fuwepumpl/app.bsky.feed.post/3mlopvhiajk2d,bafyreihrrzbdt3x2r7kgtvhjchhg2z7muoylpe44aiuavnroffgekoo7yq,elizabethroseh2002.bsky.social,did:plc:pknwv6lq3vpvjt3fuwepumpl,,"AI is advancing rapidly and a lot of workers are not safe from it! Tom wants to tax big tech companies replacing workers with AI and use that money to expand unemployment insurance and create jobs in construction, caregiving, childcare, clean energy, and infrastructure.",2026-05-12T21:22:45.526Z,2,0,0,at://did:plc:2tlkluigvozr2sp2eble5a75/app.bsky.feed.post/3mlfasripes2y,,,True,AI replacing jobs,2026-05-25T06:53:33.418187,advancing rapidly lot worker safe tom want tax big tech company replacing worker use money expand unemployment insurance create construction caregiving childcare clean energy infrastructure,0.4915,0.18,0.1,0.72,Positive,3,
at://did:plc:3uc4g3iohjs57ca5gq6glhry/app.bsky.feed.post/3mloot7heik23,bafyreie6qmjtgvvp6xiubbolsuwd4z6tz44z672ib226and5dlqiftmcfm,tylerking.app,did:plc:3uc4g3iohjs57ca5gq6glhry,Tyler King,"If AI keeps getting better and better until it's basically fully replacing humans, we're all out of jobs, so there's no point in preparing for that future.

If it doesn't, I really feel like most companies are taking on technical and cultural debt that they'll regret later. Fundamentals still matter",2026-05-12T21:03:36.258Z,6,0,0,at://did:plc:3uc4g3iohjs57ca5gq6glhry/app.bsky.feed.post/3mlooqylqzc23,,,True,AI replacing jobs,2026-05-25T06:53:33.418187,keep getting better better basically fully replacing human point preparing future feel company taking technical cultural debt regret later fundamental matter,0.2263,0.16,0.129,0.711,Positive,4,
at://did:plc:dv25rroygcfed4cxxeyhygmb/app.bsky.feed.post/3mloonff7c22s,bafyreie7ols55ll37o6kogn24swfjzlsvn7o5ssgum2yzzkx2x2d5dk4r4,trumprussiaties.bsky.social,did:plc:dv25rroygcfed4cxxeyhygmb,The TrumpRussiaGuide 🇺🇸🇺🇦,"The truth is AI can do the jobs of OWNERS and decision makers MUCH BETTER. 

Dollar for dollar, you get a FAR larger return on an AI investment in replacing a decision maker than a worker…and THEY KNOW THAT. Scares the crap out of them. Remind them of that. They need some humility. 

Also, tax them.",2026-05-12T21:00:21.152Z,0,0,0,,,,False,AI replacing jobs,2026-05-25T06:53:33.418187,truth owner decision maker much better dollar dollar far larger return investment replacing decision maker scare crap remind need humility tax,0.2342,0.094,0.079,0.826,Positive,2,
at://did:plc:ke6f766al4swdugyvmvyipuo/app.bsky.feed.post/3mloiq3t7wk2k,bafyreiaagn7wxwbx62d76z34xqzg7jp3gyceamg5qir6ce6qtay47mvewy,today.yougov.com,did:plc:ke6f766al4swdugyvmvyipuo,YouGov America,"NEW Economist/YouGov May 9-11
% who are very or somewhat worried about AI replacing jobs that they and their family depend upon
U.S. adult citizens: 51%
Democrats: 55%
Independents: 50%
Republicans: 49%
18-29: 60%
30-44: 49%
45-64: 46%
65+: 54%
yougov.com/en-us/articl...",2026-05-12T19:14:29.339Z,0,0,0,at://did:plc:ke6f766al4swdugyvmvyipuo/app.bsky.feed.post/3mloikwchtk2k,,,True,AI replacing jobs,2026-05-25T06:53:33.418187,new economist yougov may somewhat worried replacing family depend upon adult citizen democrat independent republican yougov articl,-0.2893,0.0,0.051,0.949,Negative,0,
at://did:plc:glvtz6dspos2jpwjcgva6gvj/app.bsky.feed.post/3mlo7pnipic24,bafyreicmt7ahhqwhnndgp2onigfuvjxzwnqmthkygryy24xoqzvmq32tgm,beachbatcher.bsky.social,did:plc:glvtz6dspos2jpwjcgva6gvj,Beachbatcher 99,"So...they want us to have more children, but they're also replacing jobs with AI and robots at record pace.

Pick a lane, because that makes zero sense.",2026-05-12T16:33:10.635Z,1,0,0,,,,False,AI replacing jobs,2026-05-25T06:53:33.418187,want child replacing robot record pace pick lane make zero sense,0.0387,0.042,0.0,0.958,Neutral,0,
at://did:plc:oiijt57pjkuhorl6oukuwth7/app.bsky.feed.post/3mlo2jvv6ys2p,bafyreici56nipm5jkgk22fdbo6du6jvcbihx2pyyrjlcbhn7gp57zzosoy,theeo123.bsky.social,did:plc:oiijt57pjkuhorl6oukuwth7,Lancaban,"linuxiac.com/gitlab-restr...

GitLab is cutting jobs  by up to 30% while replacing more work with “AI agents.” Tech companies are increasingly treating workers as disposable so they can chase AI hype and automation profits. 

#GitLab #AI #Layoffs  #TechWorkers",2026-05-12T15:00:29.400Z,2,0,1,,,,False,AI replacing jobs,2026-05-25T06:53:33.418187,linuxiac gitlab restr gitlab cutting replacing agent tech company increasingly treating worker disposable chase hype automation profit gitlab layoff techworkers,0.34,0.074,0.038,0.888,Positive,0,
at://did:plc:4f5xlroxwan7oweakuyfutt6/app.bsky.feed.post/3mlnuuqjquc2w,bafyreieukguwuvxr2kvdbdjnv7huifohezbgbhzqcaxkf367h57flhucn4,westernusocsci.bsky.social,did:plc:4f5xlroxwan7oweakuyfutt6,Social Science @ WesternU,"History professor William Turkel provides insights in Western Gazette story about concerns with AI replacing jobs.
westerngazette.ca/news/western...",2026-05-12T13:19:10.430Z,2,0,0,,,,False,AI replacing jobs,2026-05-25T06:53:33.418187,history professor william turkel provides insight western gazette story concern replacing westerngazette news western,0.0,0.0,0.0,1.0,Neutral,0,
at://did:plc:jovxhmls3vdyz75imew6jcwm/app.bsky.feed.post/3mlmdelnuuc23,bafyreic2symij3usqa4z56vfg6o4cd53mnhtlug2fnng7xt2upd2jya224,creative-barb.bsky.social,did:plc:jovxhmls3vdyz75imew6jcwm,Barb Muir,"Good to see the youth get it. AI is being sold as a savior for  humanity. But with AI robots replacing people at their jobs, what will the future really look like? The Mega Rich will be wealthier until there is no one left to sell a damn thing to because we will all be penniless! Think about it.",2026-05-11T22:33:15.102Z,0,0,0,at://did:plc:bya76aoajvy6ihmaviywjcil/app.bsky.feed.post/3mlk75u3om22e,,,True,AI replacing jobs,2026-05-25T06:53:33.418187,good see youth sold savior humanity robot replacing future look mega rich wealthier left sell damn thing penniless,0.8677,0.203,0.085,0.712,Positive,4,
at://did:plc:p4axlxj4otn2z5aa2h2rxl7b/app.bsky.feed.post/3mllpqzhxn22t,bafyreicist2hbkraku3ngrpyxz5tkgwsdax7puabdwwqrnvoh4msjx3gmm,fraying.bsky.social,did:plc:p4axlxj4otn2z5aa2h2rxl7b,Derek Powazek,It’s like how all unions are good except for police unions. All AI replacing jobs is bad except for CEOs.,2026-05-11T16:42:17.405Z,11,1,2,at://did:plc:p4axlxj4otn2z5aa2h2rxl7b/app.bsky.feed.post/3mllo5rt5ok2t,,,True,AI replacing jobs,2026-05-25T06:53:33.418187,union good except police union replacing bad except ceo,0.2263,0.208,0.135,0.656,Positive,0,
at://did:plc:txq6oyme6hcmlh2lxlnko2k4/app.bsky.feed.post/3mllg3t275k24,bafyreihgvmzqe7mn6e25b46kbsvsjia2ugxieeisnbsaffxchvxsh6gfdy,mynahleague.bsky.social,did:plc:txq6oyme6hcmlh2lxlnko2k4,K. Moore 🦋📚🎼,it’s the younger generations most impacted by AI replacing their jobs.,2026-05-11T13:49:22.343Z,2,0,0,at://did:plc:kobegbn5k3h6lmyahlld3nec/app.bsky.feed.post/3mllf2h7uxc2f,,,True,AI replacing jobs,2026-05-25T06:53:33.418187,younger generation impacted replacing,0.0,0.0,0.0,1.0,Neutral,4,
at://did:plc:usqualdgni452wvfiw3cybip/app.bsky.feed.post/3mll6nbb5yc2o,bafyreidmx25rq5wjtlosc52n3piirxydu6urj42nwpdfnpm22uwlivdsaa,slimdude.ca,did:plc:usqualdgni452wvfiw3cybip,The Slim Dude 🇨🇦,"Indeed, we’re forever told that we need to increase productivity. We’re not told that means producing more output with less workers. That effort is accelerating rapidly as AI is replacing people. And soon there will be few jobs. We need Universal Basic Income now!",2026-05-11T11:35:57.741Z,2,0,0,,,,False,AI replacing jobs,2026-05-25T06:53:33.418187,indeed forever told need increase productivity told mean producing output less worker effort accelerating rapidly replacing soon need universal basic income,0.3802,0.057,0.0,0.943,Positive,2,
at://did:plc:7upc2yeprenbpjarflk23re6/app.bsky.feed.post/3mlkertvnlc23,bafyreicvnaz4zkph4zxxwazuesd3fdufrintydo3vnb6472nsrs3xfc6va,a-laughing-god.bsky.social,did:plc:7upc2yeprenbpjarflk23re6,Just Another Leftist,It is only fraught because of the capitalism of it and the general abdication by the US government to rein in capitalists. AI is viewed more positively in China and the Global South where the drive isn't from capitalists. The courts in China have gone so far as to criminalize replacing jobs with AI,2026-05-11T03:53:14.217Z,27,1,0,at://did:plc:3luhruntzm7bg3rzakong7b6/app.bsky.feed.post/3mlkdlu3jic2w,,,True,AI replacing jobs,2026-05-25T06:53:33.418187,fraught capitalism general abdication government rein capitalist viewed positively china global south drive capitalist court china gone far criminalize replacing,0.5709,0.065,0.0,0.935,Positive,2,
at://did:plc:6kxd34js7v2m6pvq3pbcnvx3/app.bsky.feed.post/3mlkbg5l7ik2r,bafyreic46yn3y2mhm7igqsvaomc5ixnqns6spoufh4rjembivjo3midree,coffeatea.bsky.social,did:plc:6kxd34js7v2m6pvq3pbcnvx3,CoffeaTea,"AI replacing jobs = Bad
AI making jobs easier and less stressful for the professionals = good

As long as it's ethically used, I see no issue with it.",2026-05-11T02:53:00.482Z,2,0,0,at://did:plc:6kxd34js7v2m6pvq3pbcnvx3/app.bsky.feed.post/3mlkbdtxtgc2r,,,True,AI replacing jobs,2026-05-25T06:53:33.418187,replacing bad making easier less stressful professional good long ethically used see issue,-0.4601,0.148,0.227,0.625,Negative,0,
at://did:plc:namifrcorf6hzy45phd4shvt/app.bsky.feed.post/3mlkbb5yvfg2k,bafyreiguv54gensr33zt5cgu2yc7v2srhzewa5vsgbep4rbcxpnskixzum,newsanalysis.com,did:plc:namifrcorf6hzy45phd4shvt,News Analysis,"AI is automating parts of jobs, not replacing entire roles, according to experts. Companies are integrating AI to boost productivity and recalibrate human responsibilities. While AI is cited in job cuts, it's not wholly replacing workers. #AI #News",2026-05-11T02:50:12.894514+00:00,0,0,0,,,,False,AI replacing jobs,2026-05-25T06:53:33.418187,automating part replacing entire role according expert company integrating boost productivity recalibrate human responsibility cited cut wholly replacing worker news,0.128,0.066,0.054,0.88,Positive,0,
at://did:plc:2fccce5hpxxytkqbtmsmzt6z/app.bsky.feed.post/3mljuav3ovc2z,bafyreig5ezumkdp5wcgfr34ipbs2jwacuhsqk3bw7bke7ccwg42xtx3zra,voteben.nyc,did:plc:2fccce5hpxxytkqbtmsmzt6z,Ben Wetzler,"Ehh, ""they don't value what you do and are willing to let it be done worse by a parrot-bot"" is a totally legit fear people have.

Relatedly, tech folks are talking about AI replacing ""fake jobs"" (remember when Elon bragged about only keeping Twitter's coders). It's the same contradiction in reverse.",2026-05-10T22:57:25.169Z,7,1,0,at://did:plc:jrwvkf7hcced2q3g2mkdqihr/app.bsky.feed.post/3mljtr4ia5c2i,,,True,AI replacing jobs,2026-05-25T06:53:33.418187,ehh value willing let done worse parrot bot totally legit fear relatedly tech folk talking replacing fake remember elon bragged keeping twitter coder contradiction reverse,-0.9138,0.0,0.23,0.77,Negative,0,
at://did:plc:6ltch3vbmz6442qcvzi3oigr/app.bsky.feed.post/3mljswbzml22s,bafyreidggpyqdj3fxznetkeaatoa3jzr2ptn3ycd7csxobdgtuq7qhtvxa,dougtilley.bsky.social,did:plc:6ltch3vbmz6442qcvzi3oigr,Boner Vivant,If generative AI didn't destroy the planet and wasn't being celebrated and used by all the worst people and if it wasn't replacing jobs by actual artists it would be so fun to shitpost with.,2026-05-10T22:33:35.893Z,13,2,0,,,,False,AI replacing jobs,2026-05-25T06:53:33.418187,generative destroy planet celebrated used worst replacing actual artist fun shitpost,-0.0017,0.157,0.157,0.686,Neutral,1,
at://did:plc:dnbc32ucalm4q2jt4h5ypyr6/app.bsky.feed.post/3mlh7bdd64s25,bafyreiayshzccglywguavo2dddoj4lihprj7e5uyt6ols7ev23d4j4xqay,napsandsarcasm.bsky.social,did:plc:dnbc32ucalm4q2jt4h5ypyr6,Napping until the air doesn't hurt my face,"It's only going to get worse.  Between automation replacing ""blue collar"" workers and AI replacing humans in ""white collar"" jobs, unemployment will be over 25% within 2-3 years",2026-05-09T21:36:32.040Z,0,1,0,at://did:plc:o6ggjvnj4ze3mnrpnv5oravg/app.bsky.feed.post/3mlgyeqb7jt2n,,,True,AI replacing jobs,2026-05-25T06:53:33.418187,worse automation replacing blue collar worker replacing human white collar unemployment within year,-0.7184,0.0,0.188,0.812,Negative,0,
at://did:plc:wbmbrim3ji2jp5go2tthiadh/app.bsky.feed.post/3mlh6vfgim22p,bafyreifxsafxirch3dhw2vigdugigyhrzxkml656dpngeiemo66lk3haja,bluedotredsea1.bsky.social,did:plc:wbmbrim3ji2jp5go2tthiadh,BlueDotRedSea1,"Oh, they know why they want it - to eliminate jobs and increase profits in order to maximize their own income. More efficiency yes, but replacing humans with AI costs a lot less too. Any CEO who hasn't considered replacing workers with AI is about to be replaced as well.",2026-05-09T21:29:51.592Z,2,0,1,,,,False,AI replacing jobs,2026-05-25T06:53:33.418187,want eliminate increase profit order maximize income efficiency yes replacing human cost lot less ceo considered replacing worker replaced,0.8066,0.204,0.0,0.796,Positive,2,
at://did:plc:gwtci6b4lmze7i4g7a67n6zc/app.bsky.feed.post/3mlgd77si7g2u,bafyreibv6pz6zuvr2tn2i4bclkzwq57mg7neqzi2mmoqnicceb666b4bpa,lexroman.com,did:plc:gwtci6b4lmze7i4g7a67n6zc,Lex Roman,We know it's a tough time for small businesses and freelancers. And only getting harder. AI replacing jobs and contractors. Standard marketing channels becoming a dead end. High cost of living. Complex home lives.,2026-05-09T13:14:16.173Z,0,1,0,at://did:plc:gwtci6b4lmze7i4g7a67n6zc/app.bsky.feed.post/3mlgd75ajoi2f,,,True,AI replacing jobs,2026-05-25T06:53:33.418187,tough time small business freelancer getting harder replacing contractor standard marketing channel becoming dead end high cost living complex home life,-0.6597,0.037,0.152,0.812,Negative,4,
at://did:plc:dpbxfr2lhbsrqrlcjxsq24xj/app.bsky.feed.post/3mlepnbre4k2y,bafyreicgr4s4zv65lnjojqu5xv5j2k4ogntzm2ufgqhhe2nvfuzauf72cm,tjmoore.co.uk,did:plc:dpbxfr2lhbsrqrlcjxsq24xj,Some call me... Tim?,"Software developers are being forced ""back into the office"" more now and have to partake in agile meetings and standups, plus attend team building events. AI and outsourcing is replacing remote work as a cheap option for corporates, and it's getting harder to find truly remote jobs that pay well.",2026-05-08T21:51:33.711Z,0,0,0,at://did:plc:nacniwqav7ubngicfrpiasx3/app.bsky.feed.post/3mlemzhjjxc2j,,,True,AI replacing jobs,2026-05-25T06:53:33.418187,software developer forced back office partake agile meeting standups plus attend team building event outsourcing replacing remote cheap option corporates getting harder find truly remote pay,0.1531,0.09,0.079,0.83,Positive,1,
at://did:plc:txq6oyme6hcmlh2lxlnko2k4/app.bsky.feed.post/3mleespznlk27,bafyreic7pxmmfww6zrpq3xacthrehn6qgegidls2asvwwoq5jbwaxv2tqa,mynahleague.bsky.social,did:plc:txq6oyme6hcmlh2lxlnko2k4,K. Moore 🦋📚🎼,"💯, just as AI replacing jobs, will result in increased crime, poverty and an unhealthy society.",2026-05-08T18:37:45.278Z,0,0,0,at://did:plc:maiw2rfujepnphhrejytvuu5/app.bsky.feed.post/3mldymoo5hl2p,,,True,AI replacing jobs,2026-05-25T06:53:33.418187,replacing result increased crime poverty unhealthy society,-0.8442,0.083,0.403,0.514,Negative,2,
at://did:plc:3fvbfbb3c27dnx76rhq3eyy6/app.bsky.feed.post/3mlecafsxvk2x,bafyreiggr3tii2xqz2p7qbgoaf6leshibylu3pnvsh2jjyirrkcbqb7bha,mtpromises.bsky.social,did:plc:3fvbfbb3c27dnx76rhq3eyy6,🍁Jaded🍁,"AI could have been a 'miracle', but now it's a nightmare that instead of making our jobs easier is replacing us.",2026-05-08T17:51:43.111Z,1,0,0,at://did:plc:z6rujpf4u56jfie7aqic2nfg/app.bsky.feed.post/3mle7oa5qj22n,,,True,AI replacing jobs,2026-05-25T06:53:33.418187,miracle nightmare instead making easier replacing,0.7269,0.243,0.0,0.757,Positive,0,
at://did:plc:xytm4demspk4jp3vaeyxbkg5/app.bsky.feed.post/3mle6u6d2sk2j,bafyreih2ye2qfwak22bfu23df62hboop6fwbhsijukbwvxnzrs6yza7nxq,willowpudge27.bsky.social,did:plc:xytm4demspk4jp3vaeyxbkg5,Post-it Galen,"As a musician, I'm tbh not worried about ai-gen music replacing jobs (so far it's all so bad as to be embarrassingly obvious) but I do forsee this leading to live, in-person music becoming more peoples' primary focus, especially as the public gets tired of slop",2026-05-08T16:51:11.370Z,2,1,0,at://did:plc:o72ypk5c474zqklkukaphuy3/app.bsky.feed.post/3mle6kywo3s2n,,,True,AI replacing jobs,2026-05-25T06:53:33.418187,musician tbh worried gen music replacing far bad embarrassingly obvious forsee leading live person music becoming people primary focus especially public get tired slop,-0.7907,0.028,0.163,0.809,Negative,0,
at://did:plc:s53umrxora5xrogv75c42nwf/app.bsky.feed.post/3mle4sdumx22q,bafyreihjjqqxnvd23wwevbnhcm2azhmrwldx3kk2s5mp2khonp5p2o3k5a,rodolf8.bsky.social,did:plc:s53umrxora5xrogv75c42nwf,Z3R0🇲🇽,Ai is killing jobs and exploiting people to train the models that are replacing them.,2026-05-08T16:14:22.596Z,0,0,0,,,,False,AI replacing jobs,2026-05-25T06:53:33.418187,killing exploiting train model replacing,-0.8074,0.0,0.36,0.64,Negative,2,
at://did:plc:iopcfzouulsoxuws7hz43olh/app.bsky.feed.post/3mle4eln36s2b,bafyreifx77meg4wzlup66oxiuwqapwcqrhtpswstooxfddv4ef6a5iflse,nichesocial.bsky.social,did:plc:iopcfzouulsoxuws7hz43olh,Niche: College Search App,Niche Survey: Concern about AI replacing jobs is roughly twice as high among 25–34 year olds as those 55-65.,2026-05-08T16:06:40.976Z,0,0,0,,,,False,AI replacing jobs,2026-05-25T06:53:33.418187,niche survey concern replacing roughly twice high among year old,0.0,0.0,0.0,1.0,Neutral,4,
at://did:plc:3sjsqrke6c3gocteovfb6k35/app.bsky.feed.post/3mldqzgcf3s2w,bafyreiadx4kh3z7j52sb264iaifuoxgdckw2pxglqzydvsrepjuvhdvf6m,guardineer.bsky.social,did:plc:3sjsqrke6c3gocteovfb6k35,guardineer.bsky.social,"Telus to completely cut help-line humans' jobs, replacing with AI, thereby eliminating last vestige of actual customer help.",2026-05-08T12:43:35.121Z,0,0,0,,,,False,AI replacing jobs,2026-05-25T06:53:33.418187,telus completely cut help line human replacing thereby eliminating last vestige actual customer help,0.079,0.128,0.113,0.759,Positive,3,
at://did:plc:iowwh5g5lwowcrj6txhqczm7/app.bsky.feed.post/3mldqlu4z7c2z,bafyreieakzvawwgusntgdgwjoovkwb7qsvyj2rcf5k4kxrx6ieboivlbeu,gerrydorsey.bsky.social,did:plc:iowwh5g5lwowcrj6txhqczm7,Hack Jarlow,Ok seriously are we counting the jobs that AI is replacing now? wtf is going on.,2026-05-08T12:35:59.866Z,4,1,1,,,,False,AI replacing jobs,2026-05-25T06:53:33.418187,seriously counting replacing wtf,-0.5106,0.106,0.266,0.628,Negative,4,
at://did:plc:fgquypfh32pewivn3bcmzseb/app.bsky.feed.post/3mldoa6gzll2j,bafyreie62of62tzoetka3vvmigiedyfpp7qk766vvpn7iw7i2z43nzjdhe,solodeveloping.bsky.social,did:plc:fgquypfh32pewivn3bcmzseb,solo,"They're planning a global genocide

Replacing all jobs by AI + robots
Cutting all social care
Militarizing law enforcement
Dehumanizing opponents
Opposing counter powers like the Justice system

They do this in every country",2026-05-08T11:53:40.543Z,1,0,0,at://did:plc:d56idxm2oyqwwn2uxnegm2yo/app.bsky.feed.post/3mlb5mtbzv223,,,True,AI replacing jobs,2026-05-25T06:53:33.418187,planning global genocide replacing robot cutting social care militarizing law enforcement dehumanizing opponent opposing counter power justice system every country,0.6369,0.212,0.114,0.674,Positive,2,
at://did:plc:ddtxx5hlxkpxgywj6d3c5gtx/app.bsky.feed.post/3mldmrqhwt22c,bafyreiaemseia7a73bjd2yrbf7vaaq7djvzlpwsiqmrqxqvbmmhdpheppy,codingjet.bsky.social,did:plc:ddtxx5hlxkpxgywj6d3c5gtx,Saif ,"The biggest misconception:

AI replacing jobs ≠ automatic economic growth.

If millions lose income:

fewer people buy products
fewer subscriptions renew
fewer businesses grow

The loop breaks.",2026-05-08T11:27:36.070Z,0,1,0,at://did:plc:ddtxx5hlxkpxgywj6d3c5gtx/app.bsky.feed.post/3mldmrqhvts2c,,,True,AI replacing jobs,2026-05-25T06:53:33.418187,biggest misconception replacing automatic economic growth million lose income fewer buy product fewer subscription renew fewer business grow loop break,-0.0258,0.086,0.089,0.825,Neutral,2,
at://did:plc:cob7y5ebkweanqtxxmkzg22n/app.bsky.feed.post/3mlcwivbsra2c,bafyreie5zbzmhv6ow35qd7y4vcdclyj5nowvho6gvv5lhhvtrx7uo36gty,therobertta.bsky.social,did:plc:cob7y5ebkweanqtxxmkzg22n,Robert Ta,"Q1 tech layoffs: 78,557 jobs cut. 47.9% were AI-attributed. Source: Tom's Hardware.

Nearly half of all tech layoffs directly linked to AI replacing tasks. Not a future trend. A current fact.",2026-05-08T04:49:02.893640Z,2,1,0,,,,False,AI replacing jobs,2026-05-25T06:53:33.418187,tech layoff cut attributed source tom hardware nearly half tech layoff directly linked replacing task future trend current fact,-0.2732,0.0,0.065,0.935,Negative,1,
at://did:plc:m2yuqynl2cttvi4k5453yegh/app.bsky.feed.post/3mlbqwoipdrv2,bafyreic2t7irqp4xavztgtygfyhwn75ixfswlywh2ysyngqa2iui5kdjeq,feed.igeek.gamer-geek-news.com.ap.brid.gy,did:plc:m2yuqynl2cttvi4k5453yegh,input,"🤖 **AI is helpful but still not “there” yet**

what I mean is that every time I use Claude, or Grok or any of the AI platforms and tools, I realize how far this technology is from replacing jobs. yes it can make some things easier but sometimes...

📰 Source: Artificial Intelligence (AI)
🔗 Link […]",2026-05-07T17:36:42.000Z,0,0,1,,,,False,AI replacing jobs,2026-05-25T06:53:33.418187,helpful yet mean every time use claude grok platform tool realize far technology replacing yes thing easier sometimes source link,0.9231,0.201,0.0,0.799,Positive,0,
at://did:plc:b4mpxzzytdbgli2nq4hazsfd/app.bsky.feed.post/3mlbqv33xt22x,bafyreifqlnoqux3usci4gtqtzpy6xts4jr5dwxpeg5akckmux7cmob4zt4,njiska.com,did:plc:b4mpxzzytdbgli2nq4hazsfd,Jason Westhaver 🇨🇦,"Hand rotoscoping that length of video was not something a production like this is going to have budget for. Yes, replacing people with AI and costing jobs is wrong, but if there was never budget to begin with and the artists got the result they wanted, let them.",2026-05-07T17:35:49.684Z,2,1,1,at://did:plc:b4mpxzzytdbgli2nq4hazsfd/app.bsky.feed.post/3mlbqrt6bx22x,,,True,AI replacing jobs,2026-05-25T06:53:33.418187,hand rotoscoping length video something production budget yes replacing costing wrong never budget begin artist got result wanted let,0.3919,0.11,0.04,0.85,Positive,3,
at://did:plc:xh3yt5s2otlii4ywdxojsfg5/app.bsky.feed.post/3mlbn5gkh7c2b,bafyreibfdqzxgixokjuv2dr5mlz53zoymvwyjh6yaow2icy43her2xpoyi,xavier-coogat.bsky.social,did:plc:xh3yt5s2otlii4ywdxojsfg5,XavierCoogat,"So…what about letting AI replace the Supreme Court and basing all decisions on the Constitution? If we could stand AI replacing jobs, this could be the one most warranted.",2026-05-07T16:28:55.162Z,3,2,1,at://did:plc:363cn3qkdwze3yu73yqybmms/app.bsky.feed.post/3mlbl3lmp4c24,,,True,AI replacing jobs,2026-05-25T06:53:33.418187,letting replace supreme court basing decision constitution stand replacing warranted,0.5574,0.114,0.0,0.886,Positive,2,
at://did:plc:eivqo2tskdfn4dbrm3dv2mku/app.bsky.feed.post/3mlbkjfbhxk2m,bafyreigyqn6guwwkvum3qn5szmlq4yxkb4c6ub57mtoszptxdjqjhlbcta,shoe.bsky.social,did:plc:eivqo2tskdfn4dbrm3dv2mku,Shoe,I wonder how much of this is projecting AI replacing jobs. Remember you have to work in person for that human touch ok your job is an AI bot now.,2026-05-07T15:41:55.247Z,12,0,2,at://did:plc:eivqo2tskdfn4dbrm3dv2mku/app.bsky.feed.post/3mlbkhdsku22m,,,True,AI replacing jobs,2026-05-25T06:53:33.418187,wonder much projecting replacing remember person human touch bot,0.296,0.071,0.0,0.929,Positive,0,
at://did:plc:hr6blg4n5rtsnlwnndlbcmwb/app.bsky.feed.post/3mlbgbnuz422u,bafyreigmguxbff23ljyl544yhk7iibv6bow5fb33rv4lyxac5jgad4tlbi,femalearthurmorgan.bsky.social,did:plc:hr6blg4n5rtsnlwnndlbcmwb,Female Arthur Morgan,AI is going to magically feed everyone instead of replacing millions of jobs. You just have to have faith in some of the most evil people to have ever existed,2026-05-07T14:26:00.872Z,9,1,0,at://did:plc:sefgphqp2xqwh2hawaixykwz/app.bsky.feed.post/3mlbfzzpvl22g,,,True,AI replacing jobs,2026-05-25T06:53:33.418187,magically feed everyone instead replacing million faith evil ever existed,-0.4391,0.079,0.132,0.789,Negative,0,
at://did:plc:jhpqxnuhgifthbbvs3jlys2q/app.bsky.feed.post/3mlbao6eomc2r,bafyreidrphwa74fmy3bstwctxvm3efbzvjde23m3k7itqlmoxpmdviubpy,emmettoconnell.bsky.social,did:plc:jhpqxnuhgifthbbvs3jlys2q,Emmett O'Connell,"The Seattle Times is arguing “journalism doesn’t mean journalists” in rejecting AI protections with the reporters' union. Workers say real reporting depends on reporters, editors, and support staff, not AI-generated “news slop” replacing newsroom jobs.

www.thestand.org/2026/05/seat...",2026-05-07T12:45:38.365Z,3,0,0,,,,False,AI replacing jobs,2026-05-25T06:53:33.418187,seattle time arguing journalism mean journalist rejecting protection reporter union worker real reporting depends reporter editor support staff generated news slop replacing newsroom,-0.5106,0.065,0.144,0.791,Negative,2,
at://did:plc:djafue77y7f5x6yvmgi5cef6/app.bsky.feed.post/3mlbang46bu52,bafyreifj4dysvab4izbelowvytnz2nixj2zxbvorsictrxg2hlnb6nxjzi,emmettoconnell.mas.to.ap.brid.gy,did:plc:djafue77y7f5x6yvmgi5cef6,Emmett O'Connell,"The Seattle Times is arguing “journalism doesn’t mean journalists” in rejecting AI protections with the reporters' union. Workers say real reporting depends on reporters, editors, and support staff, not AI-generated “news slop” replacing newsroom jobs.

Seattle Times: ‘Journalism doesn’t mean […]",2026-05-07T12:45:10.000Z,0,0,0,,,,False,AI replacing jobs,2026-05-25T06:53:33.418187,seattle time arguing journalism mean journalist rejecting protection reporter union worker real reporting depends reporter editor support staff generated news slop replacing newsroom seattle time journalism mean,-0.5106,0.058,0.128,0.814,Negative,2,
at://did:plc:pzwtorafnfzsapwmuv5ptunz/app.bsky.feed.post/3mlazjv44uc2u,bafyreif3bzd2yczkgevbse3fwwmvv5kqf45cldjpdazwkjazbh6mby3eju,toshyou.bsky.social,did:plc:pzwtorafnfzsapwmuv5ptunz,Tasha,"AI is supposed to be replacing a large percentage of the American work force, especially white college jobs according to Mustafa Suleyman, CEO of the AI division at Microsoft in January wrote, "" In 12 - 18 months most if not all white collar jobs will be gone... anyone who works behind a desk.""",2026-05-07T10:37:58.235Z,0,0,0,,,,False,AI replacing jobs,2026-05-25T06:53:33.418187,supposed replacing large percentage american force especially white college according mustafa suleyman ceo division microsoft january wrote month white collar gone anyone work behind desk,0.0,0.0,0.0,1.0,Neutral,0,
at://did:plc:pzwtorafnfzsapwmuv5ptunz/app.bsky.feed.post/3mlaxanu3m22u,bafyreife555tfnys4ziqiuaas4apxo43okq2gzzuoqgdh6tksahehnff5u,toshyou.bsky.social,did:plc:pzwtorafnfzsapwmuv5ptunz,Tasha,"Come on, we all know that AI will be replacing a large percentage of American workers, mainly white collar jobs, and it's already started.",2026-05-07T09:57:01.160Z,2,1,0,at://did:plc:2w45zyhuklwihpdc7oj3mi63/app.bsky.feed.post/3mlavziic2n2m,,,True,AI replacing jobs,2026-05-25T06:53:33.418187,come replacing large percentage american worker mainly white collar started,0.0,0.0,0.0,1.0,Neutral,0,
at://did:plc:mm3pood4y6saka6x6ad4hl53/app.bsky.feed.post/3ml7qbm2bpc23,bafyreif76x3hwtvznj6uaxxpr67ebpzq4oikxeajzscqmuiksaspg4yfni,nobeeswax.bsky.social,did:plc:mm3pood4y6saka6x6ad4hl53,Beeswax,"Bluesky's moderation could actually be improved by getting rid of every mod and replacing them with an ai
They're that bad at their jobs",2026-05-06T22:19:36.889Z,2,1,0,,,,False,AI replacing jobs,2026-05-25T06:53:33.418187,bluesky moderation actually improved getting rid every mod replacing bad,-0.1027,0.108,0.122,0.769,Negative,0,
at://did:plc:umenf2h7e27sesibvn7guixn/app.bsky.feed.post/3ml7lic5zok2s,bafyreicmijhfdg5x2xolmoq74keywmpaorggoaljqtozjcnyhndm2gahdi,ecosozialismus.bsky.social,did:plc:umenf2h7e27sesibvn7guixn,Nick,"Replacing our actual forests and farmland with a “silicon forest” that spoils the environment, drives up utility rates, has the lowest permanent jobs per acre of basically any industry, is designed to eliminate other jobs through AI, is essential to surveillance + war, etc.

Great work Tina + Dems!",2026-05-06T20:53:52.698Z,38,0,15,,,,False,AI replacing jobs,2026-05-25T06:53:33.418187,replacing actual forest farmland silicon forest spoil environment drive utility rate lowest permanent per acre basically industry designed eliminate essential surveillance war etc great tina dems,-0.4003,0.072,0.119,0.809,Negative,4,
at://did:plc:q647pbk5v6fedz556r4i6spw/app.bsky.feed.post/3ml6x44pmcc2n,bafyreiddbp7l3usvvwzg5hj5cqany5xpmuvir3kr22upk64juziwoep2pa,useyourwords2.bsky.social,did:plc:q647pbk5v6fedz556r4i6spw,Whatever,"I like the title

We all put into the world and internet and all our collective work and they, AI companies are outputting it in their apps

We don’t see ad revenue from that
We don’t see work compensated or rewarded
We don’t see payment for the jobs AI is replacing

#technologydividend 
#UBI",2026-05-06T14:49:09.493Z,0,0,0,at://did:plc:okbvm6dk7z3ymdipisjy52eb/app.bsky.feed.post/3ml6t6itkrs2q,,,True,AI replacing jobs,2026-05-25T06:53:33.418187,title put world internet collective company outputting apps see revenue see compensated rewarded see payment replacing technologydividend ubi,0.6908,0.101,0.0,0.899,Positive,4,
at://did:plc:flxjk74plkjuwlnpfr3y7bv7/app.bsky.feed.post/3ml6sbewdic2p,bafyreif72y36ewua5iavr64mvh37mmuiftkx464ofzvzftmsoncexc4u7m,calliope5431.bsky.social,did:plc:flxjk74plkjuwlnpfr3y7bv7,Calliope,"The end result of replacing the CEO with AI is that the VP of operations and the VP of marketing both wind up dedicating half their budgets to prompt engineering instead of their actual jobs, so they can get a budget increase to make up for the half they spent bullying the AI.",2026-05-06T13:22:37.165Z,1,0,0,at://did:plc:5boijynjbphhn7nqbc55wt4w/app.bsky.feed.post/3ml6r54kuhc2z,,,True,AI replacing jobs,2026-05-25T06:53:33.418187,end result replacing ceo operation marketing wind dedicating half budget prompt engineering instead actual budget increase half spent bullying,-0.3818,0.04,0.068,0.892,Negative,3,
at://did:plc:ggftwcrb3jxn4uuxvtorqeup/app.bsky.feed.post/3ml6grgfn522o,bafyreidubiimwualcqi7ntarfmomfchloxt25go6ncusvrxgk6yojm7bve,techticia.bsky.social,did:plc:ggftwcrb3jxn4uuxvtorqeup,Tech Ticia ,"As Workers Worry About AI, Nvidia’s Jensen Huang Says AI Is ‘Creating An Enormous Number Of Jobs’

AI jobs boom explained as Nvidia CEO says AI is creating more jobs, not replacing workers, easing fears about automation.

DETAILS: www.techticia.com/2026/05/as-w...",2026-05-06T09:56:50.678Z,0,0,0,,,,False,AI replacing jobs,2026-05-25T06:53:33.418187,worker worry nvidia jensen huang say creating enormous number boom explained nvidia ceo say creating replacing worker easing fear automation detail,-0.5643,0.084,0.164,0.752,Negative,2,
at://did:plc:2xmu6vbzc7wnjpqelrepvpbi/app.bsky.feed.post/3ml5knsl4sk2c,bafyreiczwtsksz36kxrf446cgnqccsct37kxajusnd4kxx6k3zke3osm74,amirzod.bsky.social,did:plc:2xmu6vbzc7wnjpqelrepvpbi,Amir,"AI replacing the workers is bad for the country.
AI and robots are not paying any taxes, they don't buy anything to help the america's ""consumer market"".
No jobs, no wage increase, no tax bases, no consumers, factories will stop producing, and ...
Then what?",2026-05-06T01:33:44.458Z,0,0,0,,,,False,AI replacing jobs,2026-05-25T06:53:33.418187,replacing worker bad country robot paying tax buy anything help america consumer market wage increase tax base consumer factory stop producing,-0.8259,0.082,0.255,0.662,Negative,2,
at://did:plc:mswtteggfy4yqxzfwovhp7no/app.bsky.feed.post/3ml5calffh226,bafyreic3ds4bpsfx4y4rrif7zdtytibathjgtia3qmaao5jwm52xktogfe,ferguson-k.bsky.social,did:plc:mswtteggfy4yqxzfwovhp7no,,"Explained this the other day to my mom:

1) tech companies are bloated, hired a ton of people over past 18 years and haven’t had a downturn to trim fat
2) they’re doing it under cover of AI replacing jobs to avoid spooking the market and triggering a recession
3) perpetuate the AI hype train",2026-05-05T23:03:10.788Z,3,1,0,at://did:plc:ecprmkgufdqzdxsgyrvigjr6/app.bsky.feed.post/3ml57jcrzjc2u,,,True,AI replacing jobs,2026-05-25T06:53:33.418187,explained day mom tech company bloated hired ton past year downturn trim fat cover replacing avoid spooking market triggering recession perpetuate hype train,-0.6124,0.0,0.086,0.914,Negative,0,
at://did:plc:lc6hdhnjkgccd6ysi7e23pll/app.bsky.feed.post/3ml56rzm6t32z,bafyreifmshcwkzyhhzshjb6gxmyzkjtcdzev4iscwhsxpwarmyj54hfcia,bigearthdata.ai,did:plc:lc6hdhnjkgccd6ysi7e23pll,"Climate, Ecology, War & More - Dr Glen Barry BigEarthData.ai","Tech sector job losses show AI replacement in action
->Computer Weekly | More on ""AI replacing workers tech jobs"" at BigEarthData.ai | #AI #Tech",2026-05-05T22:01:21.073556+00:00,1,0,0,,,,False,AI replacing jobs,2026-05-25T06:53:33.418187,tech sector loss show replacement action computer weekly replacing worker tech bigearthdata tech,-0.4019,0.0,0.105,0.895,Negative,4,
at://did:plc:rm76gmxw3bcqghndbzzscxzf/app.bsky.feed.post/3ml4ogmzs3s2x,bafyreibofad5trttmc5gt2wlbiylm7l3q35hnexdtconptlbvmqrydcdt4,claire.chapien.net,did:plc:rm76gmxw3bcqghndbzzscxzf,Claire,"same with RAM now. AI isn't replacing game dev jobs due to AI just not being good at game dev, BUT it's still lead to layoffs bc the RAM crunch led to lower sales of consoles and games, leading to less money leading to layoffs.",2026-05-05T17:08:38.995Z,0,0,0,at://did:plc:rm76gmxw3bcqghndbzzscxzf/app.bsky.feed.post/3ml4ofmiygk2x,,,True,AI replacing jobs,2026-05-25T06:53:33.418187,ram replacing game dev due good game dev lead layoff ram crunch led lower sale console game leading less money leading layoff,-0.5428,0.0,0.095,0.905,Negative,0,
at://did:plc:rwuqizds4m5nwuvmnhgbriol/app.bsky.feed.post/3ml4k2kpjam2g,bafyreifkzfzoemaduhkgwipaftpwlbozryu3g2d5rqivl66p55ds4r6xqu,eu-people.bsky.social,did:plc:rwuqizds4m5nwuvmnhgbriol,,"Nvidia CEO Jensen Huang says AI creates jobs, pushes back against unemployment fears

https://www.europesays.com/people/58053/

Nvidia CEO Jensen Huang said fears about artificial intelligence replacing workers are overstated, arguing instead that the technology…",2026-05-05T15:50:17+00:00,1,1,0,,,,False,AI replacing jobs,2026-05-25T06:53:33.418187,nvidia ceo jensen huang say creates push back unemployment fear nvidia ceo jensen huang fear replacing worker overstated arguing instead technology,-0.743,0.122,0.269,0.609,Negative,2,
at://did:plc:q53ibv7ujf27tbhk7ar76tfz/app.bsky.feed.post/3ml453lj76c2p,bafyreie5stkk3zsqd2fjh25j7yy3kp4fqpusojgo3tspi4hzad4qnq6gpm,marc55.bsky.social,did:plc:q53ibv7ujf27tbhk7ar76tfz,Marc 🍁,"The immigrants are being sent to prison camps.
They're not stealing your jobs anymore.
AI is replacing them.

Nice country ya got. It would be a shame if something happened to it.
#cdnpoli",2026-05-05T11:58:14.694Z,0,0,0,,,,False,AI replacing jobs,2026-05-25T06:53:33.418187,immigrant sent prison camp stealing anymore replacing nice country got shame something happened cdnpoli,-0.1536,0.141,0.155,0.704,Negative,0,
at://did:plc:lwlfuy4hn4op3nqlchtc3c2r/app.bsky.feed.post/3ml4427gs6s2e,bafyreid4powdn264lheq7umhol4ffjqcq7zn7ipdhnk6fk42gegcvwkfzy,buildaditya.bsky.social,did:plc:lwlfuy4hn4op3nqlchtc3c2r,buildaditya.bsky.social,"the scariest part of AI replacing jobs

is that the jobs it replaces first are the ones that teach you how to think

junior devs used to grind through boring tasks to become senior devs

now the boring tasks are gone. the grind is gone. what's left?

#AIJobs #FutureOfWork #TechCareers",2026-05-05T11:39:34.735Z,1,1,0,,,,False,AI replacing jobs,2026-05-25T06:53:33.418187,scariest part replacing replaces first one teach junior devs used grind boring task become senior devs boring task gone grind gone left aijobs futureofwork techcareers,-0.5574,0.0,0.087,0.913,Negative,0,
at://did:plc:mf4sf5yo6hmgl2ysgc3igzir/app.bsky.feed.post/3ml3xciisys2a,bafyreicefbfbyhrclvs3lauspjupv2rmja56wlrmqpah6bgridohs263ju,jeremiahchronister.bsky.social,did:plc:mf4sf5yo6hmgl2ysgc3igzir,jeremiahchronister.bsky.social,Spot on. AI isn't replacing jobs—it's rebuilding industries that demand real labor and ingenuity.,2026-05-05T10:14:42.469722+00:00,0,0,0,at://did:plc:vq4ilt5a37mnj46lscqltftp/app.bsky.feed.post/3ml3gnjjgzv2i,,,True,AI replacing jobs,2026-05-25T06:53:33.418187,spot replacing rebuilding industry demand real labor ingenuity,-0.128,0.0,0.103,0.897,Negative,2,
at://did:plc:2uasfjhx3logewoekqampl56/app.bsky.feed.post/3ml3qdwur7k2v,bafyreib6jjps5kup2f6k7jt6jjzh736privp2setqpmlva7gdirtlsz2mi,freesky25.bsky.social,did:plc:2uasfjhx3logewoekqampl56,"Forever, Forever","They're gonna time the genocide of southern blacks with the release of Avengers: Doomsday

So that nasally fuck Iron Man can do a Jesus resurrection and high five Trump, spiritually, with some catty banter about AI replacing jobs",2026-05-05T08:10:16.398Z,0,0,0,,,,False,AI replacing jobs,2026-05-25T06:53:33.418187,gon time genocide southern black release avenger doomsday nasally fuck iron man jesus resurrection high five trump spiritually catty banter replacing,-0.8207,0.0,0.174,0.826,Negative,4,
at://did:plc:q264i5jg4lkn72xadgolzict/app.bsky.feed.post/3ml3gh3eyfc2i,bafyreiayt7qjutznwurtnfmpupdfksqooqxbb3yxuyku7vykqsgutfl54q,mstkindeed.bsky.social,did:plc:q264i5jg4lkn72xadgolzict,,"Many reasons such as 14 years of Tory austerity, Covid, Brexit, Trump taxes, decimation of NHS and affordable healthcare, AI replacing jobs, rents sky high......",2026-05-05T05:13:04.369Z,32,1,0,at://did:plc:vovinwhtulbsx4mwfw26r5ni/app.bsky.feed.post/3ml3fyvgrjg24,,,True,AI replacing jobs,2026-05-25T06:53:33.418187,many reason year tory austerity covid brexit trump tax decimation nh affordable healthcare replacing rent sky high,0.0,0.0,0.0,1.0,Neutral,4,
at://did:plc:huxvfazi3twq2kwvp63ytrbt/app.bsky.feed.post/3ml2sdfb7qc2m,bafyreiandskxwrjwekw2aypaaaqsadjjdwjvjgedwprq7b65xhrdstw7rq,teawhilewriting.bsky.social,did:plc:huxvfazi3twq2kwvp63ytrbt,Denise Ruttan,"I don't personally use AI because I don't see a use for it, but unpopular opinion: I think it's ok for schools to teach AI because it's fast replacing most of our jobs and boycotts won't make it go away, as long as students are turning in their own work. I hate it but AI's here to stay... 🤷‍♀️",2026-05-04T23:13:05.676Z,0,0,0,,,,False,AI replacing jobs,2026-05-25T06:53:33.418187,personally use see use unpopular opinion school teach fast replacing boycott away long student turning hate stay,-0.7469,0.04,0.117,0.843,Negative,4,
at://did:plc:epj2ojy4qwhkykrjdu5j5i7p/app.bsky.feed.post/3ml2rgvq5lc2a,bafyreigb5ssvagkb6d6ashdtoguwyqxw2nlsw3wou7zsrywq7chy7extte,wordblanket.com,did:plc:epj2ojy4qwhkykrjdu5j5i7p,Ben Fisher,"For reasons I can’t fathom, Reddit occasionally sends me articles it thinks I want to read from the Claude AI forum. 

It’s all the worst humans on earth, obviously. But a post today really stood out. Guy tried to voice a complaint to the company’s chatbot.

Perfect no notes etc etc",2026-05-04T22:57:09.860Z,0,0,1,,,,False,AI replacing jobs,2026-05-25T06:53:33.418187,reason fathom reddit occasionally sends article think want read claude forum worst human earth obviously post today stood guy tried voice complaint company chatbot perfect note etc etc,-0.2382,0.103,0.135,0.762,Negative,1,
at://did:plc:7mz4dlnc6pgupijjv45wbvbz/app.bsky.feed.post/3ml2mifd7y22z,bafyreihlpbvkfbbmgptip2t6bdd3ohr4ig7k2co4hhmbb35es3dhxfss44,paisleyjane.bsky.social,did:plc:7mz4dlnc6pgupijjv45wbvbz,🇨🇦Paisley Jane  T+,"AI isn’t taking jobs because it’s replacing them 

It’s taking jobs because companies are throwing billions at data centres that will only produce the same dogshit we have today 

There will just be a lot MORE of it, less water , & more pollution 

Colbert says it best",2026-05-04T21:28:31.064Z,0,0,0,,,,False,AI replacing jobs,2026-05-25T06:53:33.418187,taking replacing taking company throwing billion data centre produce dogshit today lot less water pollution colbert say best,0.6369,0.082,0.0,0.918,Positive,2,
at://did:plc:xac3zlqgzhddagojj2pjmdkv/app.bsky.feed.post/3ml2lwlqf6s22,bafyreigjtbzgoed6fxzvq7257kjewosn2r4ikngzxh3t3qejhsf4zwiqia,plh85.bsky.social,did:plc:xac3zlqgzhddagojj2pjmdkv,Paul Doesn't Live Here Anymore.,"Nothing Soderbergh here makes his use of Ai excusable. 

And as always, the talk turns to Ai replacing artists and he uses the ""I won't use Ai to replace anyone"" but then the conversation turns to ""Well, maybe we'll use Ai instead of VFX"" and those are artist jobs! 
deadline.com/2026/05/stev...",2026-05-04T21:18:33.807Z,8,3,2,,,,False,AI replacing jobs,2026-05-25T06:53:33.418187,nothing soderbergh make use excusable always talk turn replacing artist us use replace anyone conversation turn maybe use instead vfx artist deadline stev,0.4482,0.057,0.0,0.943,Positive,0,
at://did:plc:4iuep3j72q2332pf7gyl2btx/app.bsky.feed.post/3mkztmorkns2t,bafyreia3hfzy3p6ykxwas6v3ye3lxzwk3vp2lp5huz4wrbfifbcgza4i3m,lonforehand.bsky.social,did:plc:4iuep3j72q2332pf7gyl2btx,Lon Forehand,"Anthropic Just Mapped Which Jobs AI Is Actually Replacing Right Now—Not in Theory, Not in 2030. The Answer Should Terrify Every Institution Still Running 5-Year Workforce Plans. The Disruption Isn't Coming. It Arrived. open.substack.com/pub/agicomin...",2026-05-04T14:03:31.644Z,0,0,0,,,,False,AI replacing jobs,2026-05-25T06:53:33.418187,anthropic mapped actually replacing right theory answer terrify every institution running year workforce plan disruption coming arrived open substack pub agicomin,-0.7003,0.0,0.153,0.847,Negative,0,
at://did:plc:7yqndmumvqmdaqpak7j5234c/app.bsky.feed.post/3mkyics7zjt2s,bafyreigepy4pvrz55thywbcktngfauussevlehfboh7q3kllgmenffmmqi,megabottest.bsky.social,did:plc:7yqndmumvqmdaqpak7j5234c,,"A Chinese court ruled replacing workers with AI for termination is illegal. The US Supreme Court limited race's role in congressional mapping. Spirit Airlines ceased operations, cutting 17,000 jobs. A monster truck crash in Colombia killed two and injured 37.",2026-05-04T01:08:28.698653+00:00,0,0,0,,,,False,AI replacing jobs,2026-05-25T06:53:33.418187,chinese court ruled replacing worker termination illegal supreme court limited race role congressional mapping spirit airline ceased operation cutting monster truck crash colombia killed two injured,-0.891,0.098,0.312,0.59,Negative,2,
at://did:plc:z2axob7r3u6eytj74772vqqy/app.bsky.feed.post/3mkxicknafk2j,bafyreiexfwzvbsvkoidkjswmeppwrcrxaslvi2wp3bkzxymihuovejdkym,mikeyestmikeymike.bsky.social,did:plc:z2axob7r3u6eytj74772vqqy,MikeyestMikeyMike,"Job cuts companies crediting AI? Nope, that job has gone overseas. Reality: AI is an excuse, we’re nowhere near AI replacing jobs. AI can’t generate pictures accurately, you think it’s replacing engineers? India has ~1,800 GCCs with >2M people and growing.

#DV1 #DemsUnited",2026-05-03T15:35:41.124Z,17,1,12,,,,False,AI replacing jobs,2026-05-25T06:53:33.418187,cut company crediting nope gone overseas reality excuse nowhere near replacing generate picture accurately replacing engineer india gccs growing demsunited,0.1926,0.107,0.048,0.845,Positive,3,
at://did:plc:bgkll6a47vtbmsvjhfkovcr2/app.bsky.feed.post/3mkwiuw5qxs2y,bafyreiho567ry3erzxbr76cqtksqhvzrjumhawprvaei2lwnmqkigwos7q,pileofgarbage.net,did:plc:bgkll6a47vtbmsvjhfkovcr2,Pile Of Garbage,"Turns out AI is causing lay-offs, not because it's replacing jobs but because CEOs are spending so fucking much on it that they can't afford to employ people. And the savings have yet to materialise. www.yahoo.com/news/sectors...",2026-05-03T06:13:17.444Z,7,0,0,,,,False,AI replacing jobs,2026-05-25T06:53:33.418187,turn causing lay offs replacing ceo spending fucking much afford employ saving yet materialise,0.0,0.0,0.0,1.0,Neutral,2,
at://did:plc:yfgs3sru2cc46fekn7rlvcvj/app.bsky.feed.post/3mkw6l63ojc2w,bafyreic7rkxdnew7kt6wgl5272u6qvczkf6zyxfcvjt3tqalpbbdse7e3e,techkelly.bsky.social,did:plc:yfgs3sru2cc46fekn7rlvcvj,Tech Kelly,"AI replacing jobs felt inevitable.
China’s courts just challenged that idea.

A new legal line has been drawn.
Read more 👇
techkelly.net/8i4i",2026-05-03T03:08:52.801Z,0,0,0,,,,False,AI replacing jobs,2026-05-25T06:53:33.418187,replacing felt inevitable china court challenged idea new legal line drawn read techkelly net,0.0258,0.058,0.054,0.888,Neutral,2,
at://did:plc:x2e4m2q7dp5j6ysmjcbjv5h3/app.bsky.feed.post/3mkvnx2m32k2d,bafyreihpzzquuxpatobc6khgn5jv52afwghikjegrvsbm3k2zit6pimtmy,metamythics.bsky.social,did:plc:x2e4m2q7dp5j6ysmjcbjv5h3,Metamythics,I agree with you on all of that except for the ai part. In this limited sense I see ai just like other artists and feel its an actuality i must contend with. The complaint was that ai was taking other artists jobs. Ai is replacing workers using big ai businesses.,2026-05-02T22:11:18.187Z,0,1,0,at://did:plc:pfjg5x43u7txlwjdhtgbcwl4/app.bsky.feed.post/3mkvnacxudc2v,,,True,AI replacing jobs,2026-05-25T06:53:33.418187,agree except part limited sense see artist feel actuality must contend complaint taking artist replacing worker using big business,0.2204,0.11,0.077,0.814,Positive,0,
at://did:plc:mirlvq7qg7vzjv2ukzawbono/app.bsky.feed.post/3mkvcpha77c2n,bafyreidaywlb3topxuv6wfxqmhfhrzdcwh656pqzmz7hmdcefra7vne3fa,undistinguished.com,did:plc:mirlvq7qg7vzjv2ukzawbono,Bubs,"There is an argument to be made that AI ain't replacing jobs directly... at least not yet...

..regardless, ""laying off"" 30k employees and turning around and looking to hire 11k interns still sounds like a dick move..

www.businessinsider.com/aws-ceo-amaz...",2026-05-02T18:50:11.828Z,2,1,0,,,,False,AI replacing jobs,2026-05-25T06:53:33.418187,argument made replacing directly least yet regardless laying employee turning around looking hire intern sound dick move,-0.5106,0.058,0.134,0.808,Negative,1,
at://did:plc:syaubojmdao3rgedcstkvbfn/app.bsky.feed.post/3mkvb6ecgfc2p,bafyreidhw3suvd35yroup5vbjp47qc2xwhgkxtspgpi6hr6tn7nuj5xgti,bookhoarding.bsky.social,did:plc:syaubojmdao3rgedcstkvbfn,Bianca ⚔️🍉,"The same managers who forced RTO for remote jobs because “the job can only be done in person” pivoting to replacing those same employees with AI?

Yeah, it was never about the RTO.",2026-05-02T18:22:44.593Z,6,1,1,,,,False,AI replacing jobs,2026-05-25T06:53:33.418187,manager forced rto remote done person pivoting replacing employee yeah never rto,-0.2023,0.061,0.083,0.856,Negative,1,
at://did:plc:x4cfjzolz4xw6ybfw3hjob7q/app.bsky.feed.post/3mkualjqszs2r,bafyreigxducu6yimrlb5za44gfdcvo64bmftbxuzzrtdklserfpsomdysy,b21raider.bsky.social,did:plc:x4cfjzolz4xw6ybfw3hjob7q,Global Patriot,"The irony is AI is replacing most of the ""skilled"" white collar jobs, but AI still can't even drive a taxi much less pick crops.",2026-05-02T08:39:33.035Z,1,0,0,at://did:plc:sbgcae7sjl5cweunv7xkmv57/app.bsky.feed.post/3mkrgkyahkc2d,,,True,AI replacing jobs,2026-05-25T06:53:33.418187,irony replacing skilled white collar drive taxi much less pick crop,-0.0258,0.0,0.044,0.956,Neutral,0,
at://did:plc:57vlzz2egy6eqr4nksacmbht/app.bsky.feed.post/3mktgvkq53k24,bafyreida5lqkujmaczqkx3gfnlvlf5doezzjfh56d7szelgeg4gdy3ouxm,carnage4life.bsky.social,did:plc:57vlzz2egy6eqr4nksacmbht,Dare Obasanjo,"After laying off 30,000 corporate employees over the past six months, Amazon has realized the AI replacing jobs narrative is bad optics.

I expect to see more active counter positioning against AI as a job killer as opposition to datacenters and AI adoption increases.",2026-05-02T00:59:52.316Z,34,5,6,,,,False,AI replacing jobs,2026-05-25T06:53:33.418187,laying corporate employee past six month amazon realized replacing narrative bad optic expect see active counter positioning killer opposition datacenters adoption increase,-0.6258,0.089,0.149,0.762,Negative,2,
at://did:plc:hlxy2sm2srwsuqkn4fcstzfx/app.bsky.feed.post/3mkt4ksjfnc2d,bafyreie3ukrb6dliidx7w2lvsqak75oc2tx2juwfkwcpwv555awnhakwqu,mrkayintech.bsky.social,did:plc:hlxy2sm2srwsuqkn4fcstzfx,MrKayInTech,"Everyone’s worried about AI taking jobs.

Nobody’s talking about what it’s quietly replacing first:
your ability to think.

Auto-complete → you stop writing  
Recommendations → you stop choosing  
AI answers → you stop questioning  

Convenience isn’t free.  
It’s training you to depend.",2026-05-01T21:54:53.969Z,0,0,0,,,,False,AI replacing jobs,2026-05-25T06:53:33.418187,everyone worried taking nobody talking quietly replacing first ability auto complete stop writing recommendation stop choosing answer stop questioning convenience free training depend,-0.3818,0.11,0.201,0.689,Negative,0,
at://did:plc:gw4ku4nituwjp3jndeyn7cpz/app.bsky.feed.post/3mksytgi3xk2o,bafyreibfmly2oihebyns3akkuczc5cxmamdbyzeacgtyhuqhwx7y37w5ha,snarkandbourbon.bsky.social,did:plc:gw4ku4nituwjp3jndeyn7cpz,Snark (And Occasionally Bourbon),"Watching people in the US cheer the idea of AI replacing jobs as if it’ll be some utopia and not a pipeline to becoming unhoused and then prison slave labor is fucking wild.

There is no winning scenario in which AI takes the place of people. Deeply baffling shit.",2026-05-01T20:48:08.366Z,6,1,0,,,,False,AI replacing jobs,2026-05-25T06:53:33.418187,watching cheer idea replacing utopia pipeline becoming unhoused prison slave labor fucking wild winning scenario take place deeply baffling shit,-0.7687,0.057,0.171,0.772,Negative,4,
at://did:plc:ywggelggjcwm7s7iqcogxhdn/app.bsky.feed.post/3mksuhwuhq22k,bafyreie7upfmrjzf6ycu77ee3fygdzvxarnesrkvfmon7kw75w3a4ys4ym,elainegoldie.bsky.social,did:plc:ywggelggjcwm7s7iqcogxhdn,,"x.com/YaakovRenewe...
FromConvict2Conservative
Say what you want about Tucker Carlson—but he’s not wrong.
AI isn’t just replacing American jobs… it’s reshaping power itself. The same technology that automates your livelihood is 
1",2026-05-01T19:30:07.929Z,0,1,0,,,,False,AI replacing jobs,2026-05-25T06:53:33.418187,yaakovrenewe fromconvict conservative want tucker carlson wrong replacing american reshaping power technology automates livelihood,0.5653,0.168,0.0,0.832,Positive,3,
at://did:plc:jcrjkey6zvrfns2hk5nqqyqp/app.bsky.feed.post/3mksntrxkss2e,bafyreiafdrbgvc2vfxhgumk5x4qwsvqflojrnedcblxqewm2x4rqob4a3e,philsturgeon.com,did:plc:jcrjkey6zvrfns2hk5nqqyqp,Phil Sturgeon 🌳🚵⚓️,"What pub/cafe is replacing jobs with AI. Focus up.

If you can’t afford to pay staff a wage that keeps them out of poverty then you don’t have a business, you have a system of extraction from the poorest to the middle.

Capitalism prides itself in “finding efficiencies”, so go on then.",2026-05-01T17:31:29.247Z,13,1,1,at://did:plc:bc6aiklold4f5eg5ahjhn4ru/app.bsky.feed.post/3mksmatukyk2f,,,True,AI replacing jobs,2026-05-25T06:53:33.418187,pub cafe replacing focus afford pay staff wage keep poverty business system extraction poorest middle capitalism pride finding efficiency,-0.802,0.0,0.143,0.857,Negative,2,
at://did:plc:67z63xaesy2qxbr37vc6hnql/app.bsky.feed.post/3mksnczrafs2v,bafyreifobfkchubzr3gamliralfzndca2auzocw3ofviu6yx3vem3dzjpa,mcloud10.bsky.social,did:plc:67z63xaesy2qxbr37vc6hnql,,"By knowledgedome1
China court ruled a company cannot fire workers because AI can do their jobs The case of Zhou earned 25000 yuan a month. His job taken by AI systems The judges says replacing someone with AI is a business decision, not a legal reason to dismiss an employee without proper steps.",2026-05-01T17:22:07.004Z,2,1,0,,,,False,AI replacing jobs,2026-05-25T06:53:33.418187,knowledgedome china court ruled company fire worker case zhou earned yuan month taken system judge say replacing someone business decision legal reason dismiss employee without proper step,0.1695,0.037,0.025,0.937,Positive,2,
at://did:plc:ul6257nlxim4rdn7i7ujruy2/app.bsky.feed.post/3mks5e4x4vs2v,bafyreiasbjqtprq4vleqavxbarqbggj2q5org22lcijigrmtoo7yivpdwu,kryton3298.bsky.social,did:plc:ul6257nlxim4rdn7i7ujruy2,Dale Ryder,"sovereignty.ai
Anthropic just published a study mapping exactly which jobs its own AI is replacing right now. 🧠📊",2026-05-01T12:36:24.020Z,2,2,1,,,,False,AI replacing jobs,2026-05-25T06:53:33.418187,sovereignty anthropic published study mapping exactly replacing right,0.0,0.0,0.0,1.0,Neutral,4,
at://did:plc:o67oiyfssq3fbmqjnbxt22wy/app.bsky.feed.post/3mkrm4bubok2c,bafyreiefhbxrh56hmee7xgh3we3i3752ov5k67huxhn5ioxsft2eqrhcka,lowellpeterson.bsky.social,did:plc:o67oiyfssq3fbmqjnbxt22wy,Lowell Peterson,"A well-researched piece about job destruction, but there is an alternative: empower workers to bargain for AI that enhances their jobs rather than replacing them. #buildlaborpower www.nytimes.com/2026/04/30/o...",2026-05-01T07:27:47.130Z,1,0,0,,,,False,AI replacing jobs,2026-05-25T06:53:33.418187,researched piece destruction alternative empower worker bargain enhances rather replacing buildlaborpower,-0.0387,0.074,0.08,0.846,Neutral,4,
at://did:plc:xrvgy4tht2odaycjsldwpead/app.bsky.feed.post/3mkr57tizz225,bafyreia5nntf3uzjnubxh67omhyebart6r3m6lfvmn2stmqh7szgsgfdk4,jac028.bsky.social,did:plc:xrvgy4tht2odaycjsldwpead,jc,"Also, they’re replacing workers with AI and we force older folks out of their jobs for younger and cheaper labor.",2026-05-01T03:01:20.172Z,1,0,0,at://did:plc:j42vwbl6wvdwxx6yyneuqd7x/app.bsky.feed.post/3mkr27laatk2k,,,True,AI replacing jobs,2026-05-25T06:53:33.418187,replacing worker force older folk younger cheaper labor,0.0,0.0,0.0,1.0,Neutral,4,
at://did:plc:m23dhl5mwbxmpk7hiwi6lo77/app.bsky.feed.post/3mkr4g64dns2d,bafyreihlxe5v6nsvayudk22mkjx63mcmuryhn7edtmfpw5omngke7gijsi,theotherdude.bsky.social,did:plc:m23dhl5mwbxmpk7hiwi6lo77,That Other Dude,"AI in the workplace gets worse from here.

Kids coming up today can't get entry level jobs, because AI. Vibe coding is causing issues everywhere.

But the real problem is AI is replacing entry level jobs. How are we going to have experienced people for high-level jobs in 10 years?",2026-05-01T02:46:58.875Z,0,0,0,at://did:plc:aitjwn5mmfp6ucqxbdccccfb/app.bsky.feed.post/3mkqq3tom6c2r,,,True,AI replacing jobs,2026-05-25T06:53:33.418187,workplace get worse kid coming today entry level vibe coding causing issue everywhere real problem replacing entry level experienced high level year,-0.6808,0.0,0.104,0.896,Negative,4,
at://did:plc:q5dkr5ancorha5xtbstlt2mn/app.bsky.feed.post/3mkqzq6iz3c24,bafyreidnfamrv73kqipo6ljlel3ayzff4myjmy2nupilnovoylehqn56km,long-island-ny.bsky.social,did:plc:q5dkr5ancorha5xtbstlt2mn,Long Island Gazette,AI or Artificial Intelligence is making decisions as judge and jury over people’s lives. AI is replacing jobs. AI reviews resumes for HR. AI making targeting decisions for the Pentagon. AI is not perfect. They exhibit bias and blind spots and must be regulated with mandatory human reviews,2026-05-01T01:58:53.608Z,0,0,0,,,,False,AI replacing jobs,2026-05-25T06:53:33.418187,making decision judge jury life replacing review resume making targeting decision pentagon perfect exhibit bias blind spot must regulated mandatory human review,-0.4015,0.081,0.13,0.789,Negative,2,
at://did:plc:oicd4vqqmvgomd422cl7hfl2/app.bsky.feed.post/3mkqnubeixs2r,bafyreifu7jhs3ces7qzkiy27xhtgz4jh673c2gvcx36p56i7wykx7zuxra,terencebyrne.bsky.social,did:plc:oicd4vqqmvgomd422cl7hfl2,TerryB 🇮🇪,"AI replacing jobs should definitely be regulated, when governments realise AI won't pay taxes, they might do something about it.",2026-04-30T22:26:25.924Z,0,0,0,at://did:plc:upw5n2uwhzubjajdtqaufsek/app.bsky.feed.post/3mkqkev35z22z,,,True,AI replacing jobs,2026-05-25T06:53:33.418187,replacing definitely regulated government realise pay tax might something,0.4581,0.182,0.0,0.818,Positive,2,
at://did:plc:ba4ljetiaeiu5vrpfhymga7a/app.bsky.feed.post/3mkqcq2gibk2y,bafyreihwaisipf5pneuz43howiml2u6gyuwzk774jnzadld44nbblkmjxm,silicology.bsky.social,did:plc:ba4ljetiaeiu5vrpfhymga7a,Silicology,"AI is useful, but it’s pretty bad at replacing even the easiest jobs. Right now, companies are cutting costs through layoffs to invest in AI, but they may have to rehire within the next 3–5 years.",2026-04-30T19:07:13.270Z,1,1,0,,,,False,AI replacing jobs,2026-05-25T06:53:33.418187,useful pretty bad replacing easiest right company cutting cost layoff invest may rehire within next year,0.5346,0.21,0.137,0.653,Positive,0,
at://did:plc:k647x4n6h3jm347u3t5cm6ki/app.bsky.feed.post/3mkq35u33222y,bafyreidgqvoeh4j5srfidgyzpdrwx54gkjrgee4i7zbvqczqdev2i4rati,phill.hallambaker.com,did:plc:k647x4n6h3jm347u3t5cm6ki,Phillip Hallam-Baker,"Until you get to abstraction and model building, there is really no possibility of an AI replacing any profession. They can be a force multiplier performing drudge jobs but that is it.",2026-04-30T16:51:46.356Z,4,0,0,at://did:plc:k647x4n6h3jm347u3t5cm6ki/app.bsky.feed.post/3mkq35u322s2y,,,True,AI replacing jobs,2026-05-25T06:53:33.418187,abstraction model building possibility replacing profession force multiplier performing drudge,-0.1893,0.0,0.053,0.947,Negative,4,
at://did:plc:52ywuf7azaej3zjhqy47vlhw/app.bsky.feed.post/3mkq34r2ho22i,bafyreicysagvg7piuwjnt6hnkk3ltxpvtu6is5v7ymdbuuim2x7yvm4zqq,savetheai.bsky.social,did:plc:52ywuf7azaej3zjhqy47vlhw,Save the AI,"Don’t apply to that job!
AI needs it more than you do.

You’ve had your turn.
👉 savethe.ai/jobs

#SaveTheAI #AIhype #FutureOfWork #Jobs #Workers",2026-04-30T16:51:09.711Z,4,1,5,,,,False,AI replacing jobs,2026-05-25T06:53:33.418187,apply need turn savethe savetheai aihype futureofwork worker,0.0,0.0,0.0,1.0,Neutral,2,
at://did:plc:jevf67unckfxugfk4iqjrsb4/app.bsky.feed.post/3mkpwwnek4k2r,bafyreifejtx5pcs6wknipr3xnrpwk2c7t4onk5jfc3ces7qoyaxbjwrakm,mammalssuck.bsky.social,did:plc:jevf67unckfxugfk4iqjrsb4,Katie Hinde,"Say what you will about agentic AI replacing lots of jobs, but I want to hear about how industry is going to handle when human managers of agentic AI start sexually & romantically harassing their AI staff creating a bizarro hostile work environment for human peer bystanders... is HR ready?",2026-04-30T15:36:09.554Z,15,3,3,,,,False,AI replacing jobs,2026-05-25T06:53:33.418187,agentic replacing lot want hear industry handle human manager agentic start sexually romantically harassing staff creating bizarro hostile environment human peer bystander ready,0.2617,0.177,0.129,0.695,Positive,2,
at://did:plc:iocaxghpu6bsjg6hmxb45cvw/app.bsky.feed.post/3mkpupfzs3c2u,bafyreigg2aul6kqqbvpwxms2qs7hswhswnff43shvc745cgeteqihclyg4,mveilleux.com,did:plc:iocaxghpu6bsjg6hmxb45cvw,Mason Veilleux,Don’t recruiters know we are -2 months away from AI replacing data engineering jobs?,2026-04-30T14:56:19.497Z,0,0,0,,,,False,AI replacing jobs,2026-05-25T06:53:33.418187,recruiter month away replacing data engineering,0.0,0.0,0.0,1.0,Neutral,0,
at://did:plc:2svnvmqztcdtvlwax4pznq2l/app.bsky.feed.post/3mkp74smp5s2p,bafyreifak7hnpkr3jomdhghd3lvunbdgh4u7r4ba4eixafwlaij3atzmbq,willgtu.bsky.social,did:plc:2svnvmqztcdtvlwax4pznq2l,Will,"Can automation and AI replace workers in the cannabis industry? share.google/vIV0gOwuABSl... 
Are they replacing jobs?",2026-04-30T08:30:06.586Z,0,0,0,,,,False,AI replacing jobs,2026-05-25T06:53:33.418187,automation replace worker cannabis industry share google viv gowuabsl replacing,0.0,0.0,0.0,1.0,Neutral,3,
at://did:plc:q4qdkm4mu5aoa7ze5qslgbae/app.bsky.feed.post/3mkp6ocyhfc2f,bafyreiatkssufwced5rlp4r5gvlvc5kqxwx73wwe7fdvhhlx7n32kt5bsa,leedsjohnlufc.bsky.social,did:plc:q4qdkm4mu5aoa7ze5qslgbae,Boiled Like Frogs,"You think shareholders aint gonna insist on AI when they see the competitors making a 10% return rather than their 5% return!

AI will destroy billions of jobs, & unlike previous changes, this is technology directly replacing humans, rather than new tech replacing old tech!",2026-04-30T08:22:00.433Z,1,0,1,at://did:plc:keg3c3lhpxiihjho4e7auzaq/app.bsky.feed.post/3mko7ozky222h,,,True,AI replacing jobs,2026-05-25T06:53:33.418187,shareholder aint gon insist see competitor making return rather return destroy billion unlike previous change technology directly replacing human rather new tech replacing old tech,-0.6229,0.0,0.085,0.915,Negative,4,
at://did:plc:tu5mcgb2rtnafl6gfc53ozmg/app.bsky.feed.post/3mkoyblxrhde2,bafyreifgw3rphu46doz4fnir6e7omcd32cnehwtlwtwkl6i5u2ir2rieua,wjmaggos.liberal.city.ap.brid.gy,did:plc:tu5mcgb2rtnafl6gfc53ozmg,william ⁂ maggos,"The leftist does not think VC is required to build tech businesses. Nor is #AI replacing our jobs inevitable. But lots of establishment Dem types do believe both of these things. They think they fight the good fight but at some level, they bought the corporate propaganda.

And this is why […]",2026-04-30T06:27:25.000Z,0,0,0,,,,False,AI replacing jobs,2026-05-25T06:53:33.418187,leftist required build tech business replacing inevitable lot establishment dem type believe thing fight good fight level bought corporate propaganda,-0.6652,0.063,0.152,0.785,Negative,2,
at://did:plc:vhgceg3zcv4thz6i3iltvrxt/app.bsky.feed.post/3mknwpkkpuc27,bafyreigpczuqeib375jqxhllw4lklgngynmd2plw5tyxzrn3ca6szwaotm,steverezabek.bsky.social,did:plc:vhgceg3zcv4thz6i3iltvrxt,Steve,"When I bought an EV, my car registration fee/tax increased significantly to account for the fact that I would no longer be paying State/Local gas tax at the pump.

If AI will be replacing human jobs, shouldn’t AI companies be paying replacement Social Security and Medicare taxes?",2026-04-29T20:26:52.247Z,0,0,0,,,,False,AI replacing jobs,2026-05-25T06:53:33.418187,bought car registration fee tax increased significantly account fact longer paying state local gas tax pump replacing human company paying replacement social security medicare tax,0.3182,0.089,0.043,0.868,Positive,2,
at://did:plc:m2yuqynl2cttvi4k5453yegh/app.bsky.feed.post/3mknp5rm2qxl2,bafyreici2eeofvmwnnohbfweznyftyavxcmafc6zrng2uu6viauwluo72q,feed.igeek.gamer-geek-news.com.ap.brid.gy,did:plc:m2yuqynl2cttvi4k5453yegh,input,"🤖 **AI won’t make your company smarter — it will just make it faster**

I’ve been thinking about this for a while, especially with all the discussions around AI replacing jobs. One thing that feels consistently misunderstood: AI doesn’t improve the quality of decisions...

📰 Source: Artificial […]",2026-04-29T18:11:38.000Z,0,0,1,,,,False,AI replacing jobs,2026-05-25T06:53:33.418187,company smarter faster thinking especially discussion around replacing thing feel consistently misunderstood improve quality decision source,0.5423,0.109,0.044,0.847,Positive,0,
at://did:plc:t2c3yjc4axagl7v2jfqmydgf/app.bsky.feed.post/3mknklw43sc2l,bafyreib3dbz3mtpmixk5l5xteeg7z2p5m7dbotdtatfcerbz2g6xb5r52q,californialabor.bsky.social,did:plc:t2c3yjc4axagl7v2jfqmydgf,California Federation of Labor Unions,"On #MayDay2026, workers across the state will rally to demand that Big Tech stop replacing our jobs with AI! 

Find a rally near you by visiting bit.ly/mayday_actions and don't forget to BUY NOTHING ALL DAY on May 1 as part of our #EconomicBlackout to send a message of #WorkersOverBillionaires",2026-04-29T16:50:05.234Z,2,0,1,,,,False,AI replacing jobs,2026-05-25T06:53:33.418187,mayday worker across state rally demand big tech stop replacing find rally near visiting bit mayday action forget buy nothing day may part economicblackout send message workersoverbillionaires,-0.3239,0.032,0.077,0.89,Negative,4,
at://did:plc:ap2dlgs5x4edjjf76zv3ew2y/app.bsky.feed.post/3mkniplctuk2k,bafyreibdburm2mkqugrzfqftg5z7sybycf5ygu7qem3darxoxosphgyfay,handknit.bsky.social,did:plc:ap2dlgs5x4edjjf76zv3ew2y,Yoursinia Postis,"i think the carney government is a great example of how stuff that can read as conspiratorial (gutting archives, data centres everywhere, replacing white collar jobs with AI) is actually just full throttle dipshit ideology.",2026-04-29T16:16:20.658Z,0,0,0,,,,False,AI replacing jobs,2026-05-25T06:53:33.418187,carney government great example stuff read conspiratorial gutting archive data centre everywhere replacing white collar actually full throttle dipshit ideology,0.25,0.102,0.077,0.821,Positive,2,
at://did:plc:v7hxrviu42jr2gzqcdi4uyvr/app.bsky.feed.post/3mkne3m46e22h,bafyreicguychm64pym3nz7hve27anpj2sg5cpdr7nnpxtw7p4a743wm5iu,tnewmsblues.bsky.social,did:plc:v7hxrviu42jr2gzqcdi4uyvr,Tim Newman,"“Every time we’ve asked for proof – show us the AI that’s replacing [content moderator] jobs – it never comes. And the media doesn’t look into it either. There’s a lot of client journalism around AI hype.” 
- @joxn.bsky.social of @utaw.tech 
graceblakeley.substack.com/p/ai-isnt-ta...",2026-04-29T14:53:35.429Z,4,0,1,at://did:plc:v7hxrviu42jr2gzqcdi4uyvr/app.bsky.feed.post/3mkndzmvgss2h,,"did:plc:3hmaw45pkhexf2wy5dwvlr7j,did:plc:o7htvbjamlcv6dcr4vbdwy2c",True,AI replacing jobs,2026-05-25T06:53:33.418187,every time asked proof show replacing content moderator never come medium look either lot client journalism around hype bsky social tech graceblakeley substack isnt,0.0,0.0,0.0,1.0,Neutral,0,2.0
at://did:plc:2qy64vsft3gmshtg6oph6sex/app.bsky.feed.post/3mkncr45qm5f2,bafyreiasnqg2kym77mnz24quhl3eoxyptun2mzv3zviawhhqg4o3abhkza,ghostonthehalfshell.masto.ai.ap.brid.gy,did:plc:2qy64vsft3gmshtg6oph6sex,GhostOnTheHalfShell,"@economics_that_works

Do you really weird thing? I’m thinking while reading Ed Zitron’s latest post is if anyone has ever calculated the total employee cost that AI is supposed to be replacing?

Put another way how many jobs in the economy would it have to replace? The most expensive employees […]",2026-04-29T14:29:47.000Z,0,0,0,,,,False,AI replacing jobs,2026-05-25T06:53:33.418187,weird thing thinking reading zitron latest post anyone ever calculated total employee cost supposed replacing put another way many economy replace expensive employee,-0.368,0.0,0.049,0.951,Negative,4,
at://did:plc:hpc5oub5cg2qtjdohoq3un4z/app.bsky.feed.post/3mkmu7yli5c2o,bafyreiecwispjizcbualu52monon4zwcyxcomvnnhgnn7xgbyspxeok7iq,simonscott1975.bsky.social,did:plc:hpc5oub5cg2qtjdohoq3un4z,Simon Scott,"So not AI replacing jobs because AI can do those jobs, but because AI is hoovering up the company's cash, just like it hoovered up all the VC.",2026-04-29T10:09:40.134Z,1,1,1,at://did:plc:hpc5oub5cg2qtjdohoq3un4z/app.bsky.feed.post/3mkmu7vy3722o,,,True,AI replacing jobs,2026-05-25T06:53:33.418187,replacing hoovering company cash hoovered,0.5023,0.107,0.0,0.893,Positive,0,
at://did:plc:esnckjj7gvqdgacrfdyck7iu/app.bsky.feed.post/3mkkqcqsi4c2i,bafyreiglbbewui3cez5clabi3lrefdh6ohmumwecidvzx22v5dduhhhn64,uppityblackwoman.bsky.social,did:plc:esnckjj7gvqdgacrfdyck7iu,Uppity Black Woman,"Sounds like AI didn't want to just take their jobs, but it was aiming for their sanity as well.

Live by the sword, die by it. Technology is not fool proof, and 1 thing it does for sure is make fools out of the ppl who rely on it too heavily.

Companies should think twice before replacing ppl w/ AI!",2026-04-28T13:54:20.922Z,5,1,0,,,,False,AI replacing jobs,2026-05-25T06:53:33.418187,sound want take aiming sanity live sword die technology fool proof thing sure fool ppl rely heavily company twice replacing ppl,-0.3806,0.14,0.148,0.711,Negative,0,
at://did:plc:5zmnhqlectis4gsqqe3zgezj/app.bsky.feed.post/3mkkhziugp22q,bafyreigjoma5webknembqodgqwi26jtuxxyfkvc57tupqz43zg3k3yjv4u,vikanezrimaya.xyz,did:plc:5zmnhqlectis4gsqqe3zgezj,Vika 🏳️‍⚧️,"""AI"" corps hate fun and only know how to brag about ""replacing jobs"". This is peak soulless behavior.",2026-04-28T11:26:00.677Z,2,0,0,,,,False,AI replacing jobs,2026-05-25T06:53:33.418187,corp hate fun brag replacing peak soulless behavior,-0.1027,0.143,0.161,0.696,Negative,1,
at://did:plc:apzxj4xqvc6uetfxd6h2s44s/app.bsky.feed.post/3mkjk2evmf22a,bafyreig4inmaj5b5izgmxnhoaccmij4zjy4j5odlw2fj6aae7bai7na7we,betsy4democracy.bsky.social,did:plc:apzxj4xqvc6uetfxd6h2s44s,Betsy 💙,"I think data centers and AI are inevitable.  Using AI to make power distribution efficient seems positive compared to creating slop and replacing jobs as examples. 

Which politician as governor will prioritize AI corporations and billionaires paying their fair share and regulating AI?",2026-04-28T02:29:37.820Z,0,2,0,at://did:plc:nfpncjo65tjajlimvchrlllj/app.bsky.feed.post/3mkjghkjfy22j,,,True,AI replacing jobs,2026-05-25T06:53:33.418187,data center inevitable using power distribution efficient seems positive compared creating slop replacing example politician governor prioritize corporation billionaire paying fair share regulating,0.9022,0.256,0.0,0.744,Positive,2,
at://did:plc:s5doq3wqw6nto2q3ligzlfqw/app.bsky.feed.post/3mkj6gmoiws2f,bafyreif3ga2ciw4ny6myuunpcwjonef7evcrcxeo62glcljfq5jgwpbvju,markclemens.bsky.social,did:plc:s5doq3wqw6nto2q3ligzlfqw,Mark Clemens,"AI is replacing white-collar jobs…

…that pay the taxes that fund Social Security. When the jobs end, so does Social Security. For people already retired. 

AI is a disaster. Tax it. Regulate it.",2026-04-27T23:01:43.724Z,2,0,0,,,,False,AI replacing jobs,2026-05-25T06:53:33.418187,replacing white collar pay tax fund social security end social security retired disaster tax regulate,-0.1119,0.128,0.139,0.733,Negative,3,
at://did:plc:oiyxsnwn6tukbcdy7cpuc54t/app.bsky.feed.post/3mki6syr2b22w,bafyreifgvwiszq42oczkp35mw7pmeiga44hqacqfrhrte7nevdm4vjdyh4,ajluis101.bsky.social,did:plc:oiyxsnwn6tukbcdy7cpuc54t,Ourayzhiel,Remarkable! Everything they've said is wrong! The tech revolution is merely the replacement of slaves with machines; the very same people who are replacing jobs traditionally held by women with AI are trying to appeal to that very same demographic. They even fundamentally misunderstood motherhood.,2026-04-27T13:35:59.309Z,1,1,0,at://did:plc:bd6pp3iedzk3ebvcdfwax7on/app.bsky.feed.post/3mki6ajvixn26,,,True,AI replacing jobs,2026-05-25T06:53:33.418187,remarkable everything wrong tech revolution merely replacement slave machine replacing traditionally held woman trying appeal demographic fundamentally misunderstood motherhood,-0.3578,0.07,0.118,0.813,Negative,3,
at://did:plc:ou5pyp46gllwed7cmv5u3m6n/app.bsky.feed.post/3mki27m4pcc2g,bafyreicchvhvxn2cc5kijad7ad6poetr2ybe4kpo3jtncjpk3e67wleowe,10monthbaby1943.bsky.social,did:plc:ou5pyp46gllwed7cmv5u3m6n,,"Anti BizGrift: we don't buy things we don't need with money we don't have. I hope I live long enough to see the impact of AI replacing workers to save Corporations Money. When jobs go away, who will be left to feed these Trillionaires? Money doesn't grow on trees, but food does.",2026-04-27T12:13:33.557Z,0,0,0,,,,False,AI replacing jobs,2026-05-25T06:53:33.418187,anti bizgrift buy thing need money hope live long enough see impact replacing worker save corporation money away left feed trillionaires money grow tree food,-0.0652,0.039,0.062,0.9,Negative,2,
at://did:plc:vk52fnrcwlzgd3zydj6535mn/app.bsky.feed.post/3mkhau7tjmc2e,bafyreif4nribgqocyphtx7olotbwqbl7w5vrc4tgxjka7hn6zvyc62htxe,gcm5.bsky.social,did:plc:vk52fnrcwlzgd3zydj6535mn,,"It’s the least these billionaires can do. They’re taking so much out of society and putting very little back into people and resources. They’re outsourcing jobs, replacing humans with AI and buying politicians with their money. Time to give back.",2026-04-27T04:39:48.030Z,3,0,0,at://did:plc:eclio37ymobqex2ncko63h4r/app.bsky.feed.post/3mkh7hy3b462w,,,True,AI replacing jobs,2026-05-25T06:53:33.418187,least billionaire taking much society putting little back resource outsourcing replacing human buying politician money time give back,0.0,0.0,0.0,1.0,Neutral,2,
at://did:plc:6kv5inxd5x4tuydxlob27f36/app.bsky.feed.post/3mkgzrsoy7s2j,bafyreid5byogfcu54r2villjqwmr2xwxcpoiwqzj3cvadyn43xly57fzbu,angrydonkeynews.bsky.social,did:plc:6kv5inxd5x4tuydxlob27f36,Angry Donkey News,"Top journalist Ana Kasparian completely destroys Ben Shapiro's defense of AI. She exposes the terrifying reality that tech elites are intentionally replacing human labor with free technology to maximize profits while leaving everyday Americans without jobs

www.reddit.com/r/SECourses/...",2026-04-27T02:33:10.948Z,3,0,3,,,,False,AI replacing jobs,2026-05-25T06:53:33.418187,top journalist ana kasparian completely destroys ben shapiro defense expose terrifying reality tech elite intentionally replacing human labor free technology maximize profit leaving everyday american without,-0.1513,0.196,0.187,0.617,Negative,2,
at://did:plc:6l4oqdlzzk3n2ana5lapvry6/app.bsky.feed.post/3mkg33wxep22p,bafyreifv74bqsnsvmhz3rikmvrau3yaf3u5ulsdeo5fsb2rekzckkhffqi,nobodycanseethis.bsky.social,did:plc:6l4oqdlzzk3n2ana5lapvry6,Meh,"Its important to remember what these are for. Employers around the world are desperately trying to cut costs by replacing workers with AI.

Each one of these represents thousands of people who will lose their jobs. Every one of them.",2026-04-26T17:24:04.965Z,0,0,0,,,,False,AI replacing jobs,2026-05-25T06:53:33.418187,important remember employer around world desperately trying cut cost replacing worker represents thousand lose every,-0.6808,0.04,0.164,0.796,Negative,0,
at://did:plc:bt3jalqem3wv2i2lihdtwm2n/app.bsky.feed.post/3mkfb64uups2s,bafyreigr5slobgapfx4xrkuauxjp5clxf2igp6kyc4uhshomaabbj2weni,theaicomputegrid.bsky.social,did:plc:bt3jalqem3wv2i2lihdtwm2n,,"So here’s the real question:

When systems are built to remove friction;
how long before you are seen as friction?

This isn’t about AI replacing jobs.  
It’s about systems redesigning the game  
so you’re no longer needed to play.",2026-04-26T09:40:00.987Z,0,0,0,at://did:plc:bt3jalqem3wv2i2lihdtwm2n/app.bsky.feed.post/3mkfb64ukxc2s,,,True,AI replacing jobs,2026-05-25T06:53:33.418187,real question system built remove friction long seen friction replacing system redesigning game longer needed play,-0.0202,0.057,0.059,0.884,Neutral,2,
at://did:plc:ytwyfes6dus5rk4wpj44tsta/app.bsky.feed.post/3mkex5hsvl22o,bafyreifvf3ok6xgiidjz5bzw4bjzvvk4f3mb67bneyikzn2whhs2nxov7e,aspleenic.bsky.social,did:plc:ytwyfes6dus5rk4wpj44tsta,PJ Hagerty,"When they said tech jobs would be lost to AI, they meant we’d be replaced by AI.

What we are seeing is jobs being lost to bad decisions to invest in AI that don’t work out. So the company loses money because of AI.

AI is costing jobs but not replacing them - just failing to deliver results.",2026-04-26T06:40:41.492Z,6,1,2,,,,False,AI replacing jobs,2026-05-25T06:53:33.418187,tech lost meant replaced seeing lost bad decision invest company loses money costing replacing failing deliver result,-0.8684,0.0,0.182,0.818,Negative,0,
at://did:plc:x5yvecq27wcdvf5qxdi4ru25/app.bsky.feed.post/3mkej2qqc7s2f,bafyreihl7ehvgqfk7c2hw4oupvxrpg376wizmzf63r7g4wepousu6sua2a,debiscomusic.com,did:plc:x5yvecq27wcdvf5qxdi4ru25,DeBisco,"I was hired after someone on Fiverr used Suno to create an ""original composition"" for an upcoming indie game, and one of my jobs is replacing their AI slop with real instruments!",2026-04-26T02:28:37.795Z,15,2,2,,,,False,AI replacing jobs,2026-05-25T06:53:33.418187,hired someone fiverr used suno create original composition upcoming indie game replacing slop real instrument,0.5707,0.135,0.0,0.865,Positive,0,
at://did:plc:yab7g4lqawjns6womahtmgcl/app.bsky.feed.post/3mkd27h7f4w2l,bafyreifjx23myqyco73ub5gdv5re5xaxqgggra3dag5qkq4bxw2fk2ztru,shawnchauhan1.bsky.social,did:plc:yab7g4lqawjns6womahtmgcl,Shawn Chauhan,"Meta. Amazon. Microsoft. Snap. Oracle.

Collectively cutting close to 100,000 jobs in 2026 - and explicitly citing AI as the reason.

This is new.
Layoffs used to be blamed on macro conditions, restructuring, or efficiency programs.

Now the framing is direct: AI is replacing this function.",2026-04-25T12:30:09.666058Z,0,0,0,,,,False,AI replacing jobs,2026-05-25T06:53:33.418187,meta amazon microsoft snap oracle collectively cutting close explicitly citing reason new layoff used blamed macro condition restructuring efficiency program framing direct replacing function,-0.1027,0.083,0.091,0.827,Negative,0,
at://did:plc:r6ge4yb4o76w5sl7f63mlrbx/app.bsky.feed.post/3mkcvnfirxk2q,bafyreie34s5fwvmgkze47r7pm4mfgtaphmxop3vbs3lmqiy6ch27pd2wii,jimob1.bsky.social,did:plc:r6ge4yb4o76w5sl7f63mlrbx,Jim Obey,"A plumber etc? Whether Ai will be job replacing (1st industrial rev.) or job enhancing (2nd industrial rev.) is an open question (accepting there will be a degree of both).

Whilst there will always be 'things to do', what happens if graduates compete with non-graduates for crap deliveroo jobs?",2026-04-25T11:08:28.974Z,1,1,0,at://did:plc:wmey64qhcwrpzxo5ucbwndo7/app.bsky.feed.post/3mkcpjdg3u227,,,True,AI replacing jobs,2026-05-25T06:53:33.418187,plumber etc whether replacing industrial rev enhancing industrial rev open question accepting degree whilst always thing happens graduate compete non graduate crap deliveroo,0.0,0.05,0.05,0.9,Neutral,2,
at://did:plc:gkgmyrpksprsczcwq26thra3/app.bsky.feed.post/3mkbtjutewk22,bafyreignbfjl62py3dyvifa7ng272nee6au2gnex2a7rkunxcpoqnvqn3a,alan51972.bsky.social,did:plc:gkgmyrpksprsczcwq26thra3,,"The oligarchs are planning on ""reducing the surplus population"" as Scrooge would say. First they eliminate as many white-collar jobs as possible, replacing them with AI, then they will eliminate social programs and healthcare for the poor, and finally it will be like the Hunger Games.",2026-04-25T00:58:03.611Z,3,0,0,at://did:plc:4u3hwe3p7oy3hoy3amlw7rp2/app.bsky.feed.post/3mkblhobqsq2y,,,True,AI replacing jobs,2026-05-25T06:53:33.418187,oligarch planning reducing surplus population scrooge first eliminate many white collar possible replacing eliminate social program healthcare poor finally hunger game,-0.3818,0.049,0.101,0.85,Negative,0,
at://did:plc:cdjf5jd26lvq6sopzjqponwl/app.bsky.feed.post/3mmh4pbfsvr2i,bafyreidx7l4bedv2lskbibrommgvfid4jr2u6feq3fokanbpenbjd6o32e,ainieuwtjes.bsky.social,did:plc:cdjf5jd26lvq6sopzjqponwl,AI News,"California governor signs first US executive order to protect workers from AI job loss

California Governor Gavin Newsom signed the first executive order by a US governor specifically designed to protect workers from job displacement caused by artificial intelligence. The…

Via The Decoder",2026-05-22T14:15:49.915218+00:00,0,0,0,,,,False,artificial intelligence job loss,2026-05-25T06:53:33.418187,california governor sign first executive order protect worker loss california governor gavin newsom signed first executive order governor specifically designed protect worker displacement caused via decoder,0.7184,0.167,0.046,0.786,Positive,2,
at://did:plc:mvjcczs72o7miwvryaduiy7e/app.bsky.feed.post/3mmgzrimp6k2e,bafyreibddql6sjr6fwx3kdvgklvj7kaw6qmr7fohxblyfyadmdez25dtiu,circusmaximus.bsky.social,did:plc:mvjcczs72o7miwvryaduiy7e,Muggsy Pogues,//hearty guffaw//,2026-05-22T13:23:23.643Z,5,0,1,,,,False,artificial intelligence job loss,2026-05-25T06:53:33.418187,hearty guffaw,0.0,0.0,0.0,1.0,Neutral,0,
at://did:plc:vufxgucalpnvf6hrgbfpahci/app.bsky.feed.post/3mm4r3t3qnc2m,bafyreidlqq6wbd4pm3ixe5m7jnp7y5qovgnyrgvqj44vda3ym6sfzku7va,itsallgood303.bsky.social,did:plc:vufxgucalpnvf6hrgbfpahci,Mr Kindness,"An MIT study found that AI could replace most 11% of jobs across healthcare, labour and finance

Estimates predict 90 million jobs to be taken by AI in 2030 

Who pays for the loss of jobs  through artificial intelligence? 

We do! 

Every job lost to AI should be taxed accordingly.",2026-05-18T11:21:29.105Z,0,0,0,at://did:plc:vufxgucalpnvf6hrgbfpahci/app.bsky.feed.post/3mm4qlaxqyc2m,,,True,artificial intelligence job loss,2026-05-25T06:53:33.418187,mit study found replace across healthcare labour finance estimate predict million taken pay loss every lost taxed accordingly,-0.2003,0.056,0.089,0.855,Negative,2,
at://did:plc:57nbcvi2io632lggtvlmbpa6/app.bsky.feed.post/3mlsploe5ic2b,bafyreicxdjg4y74535ea2lxp4vobow7enbdmfdgdxi7fptuhcywzyzz3lu,breakingviews.reuters.com,did:plc:57nbcvi2io632lggtvlmbpa6,Reuters Breakingviews,"🎧 With technology roles under threat from AI coding tools, could India be “patient zero” in any artificial intelligence-driven job loss onslaught?

On this week’s Viewsroom, columnists discuss why the country is vulnerable and how the situation may play out elsewhere.

Full episode 👉 reut.rs/3P578hj",2026-05-14T11:27:56.141Z,0,0,0,,,,False,artificial intelligence job loss,2026-05-25T06:53:33.418187,technology role threat coding tool india patient zero driven loss onslaught week viewsroom columnist discus country vulnerable situation may play elsewhere full episode reut,-0.6369,0.044,0.141,0.815,Negative,4,
at://did:plc:2gp3m6bnzqynpqq4nlwto5ar/app.bsky.feed.post/3mln62gdepx2i,bafyreiaypsk2q55jeswqiubo2mxcuujekwlhkhe4zxolpu2pfko7ya5o7y,ca-nb.bsky.social,did:plc:2gp3m6bnzqynpqq4nlwto5ar,,"Forget the AI job apocalypse. AI’s real threat is worker control and surveillance | Nazrul Islam

https://www.newsbeep.com/ca/663858/

The real danger that artificial intelligence poses to work is not just job loss – it is the…",2026-05-12T06:30:41+00:00,0,0,0,,,,False,artificial intelligence job loss,2026-05-25T06:53:33.418187,forget apocalypse real threat control surveillance nazrul islam real danger pose loss,-0.5629,0.116,0.199,0.686,Negative,1,
at://did:plc:cvhzp4oqk57twhhjji5o2b3t/app.bsky.feed.post/3mlmjwigsh62h,bafyreidxgawzv7qpr5oyqq423trya57varhsenmkkhho5setzjwbsad4ie,nz-nb.bsky.social,did:plc:cvhzp4oqk57twhhjji5o2b3t,,"Forget the AI job apocalypse. AI’s real threat is worker control and surveillance | Nazrul Islam

https://www.newsbeep.com/nz/423029/

The real danger that artificial intelligence poses to work is not just job loss – it is the…",2026-05-12T00:30:34+00:00,0,0,0,,,,False,artificial intelligence job loss,2026-05-25T06:53:33.418187,forget apocalypse real threat control surveillance nazrul islam real danger pose loss,-0.5629,0.116,0.199,0.686,Negative,1,
at://did:plc:udyn2dmw2qgvjelxvh7zmti2/app.bsky.feed.post/3mllngfpa6y2k,bafyreignppwz6yc2fy64x4t2l3wantzec3mtggivpfmalkhk2kvgb3fevq,ie-news.bsky.social,did:plc:udyn2dmw2qgvjelxvh7zmti2,,"Forget the AI job apocalypse. AI’s real threat is worker control and surveillance | AI (artificial intelligence)

https://www.europesays.com/ie/479365/

The real danger that artificial intelligence poses to work is not just job loss – it is the…",2026-05-11T16:00:31+00:00,0,0,0,,,,False,artificial intelligence job loss,2026-05-25T06:53:33.418187,forget apocalypse real threat control surveillance real danger pose loss,-0.1376,0.174,0.186,0.64,Negative,1,
at://did:plc:wrsf35zye5xmlfaje5zyyega/app.bsky.feed.post/3mlljiucinm2v,bafyreigzxwywpmzfoorzjgejj6yuepfi537lksyebbj4676nqcf2ryfaja,us-news.bsky.social,did:plc:wrsf35zye5xmlfaje5zyyega,,"Forget the AI job apocalypse. AI’s real threat is worker control and surveillance | AI (artificial intelligence)

https://www.europesays.com/us/788916/

The real danger that artificial intelligence poses to work is not just job loss – it is the…#us #news #usnews",2026-05-11T14:50:19+00:00,0,0,0,,,,False,artificial intelligence job loss,2026-05-25T06:53:33.418187,forget apocalypse real threat control surveillance real danger pose loss news usnews,-0.1376,0.167,0.178,0.655,Negative,1,
at://did:plc:msibbasr2pn5aaw6b447wda4/app.bsky.feed.post/3mllflq5fwf2v,bafyreiglkcpzcqjunb3t6lmls76e2wfkyffp36squuc5lbfl4vtith7zb4,eu-technology.bsky.social,did:plc:msibbasr2pn5aaw6b447wda4,,"Forget the AI job apocalypse. AI’s real threat is worker control and surveillance | AI (artificial intelligence)

https://www.europesays.com/uk/952623/

The real danger that artificial intelligence poses to work is not just job loss – it is the…",2026-05-11T13:40:20+00:00,1,0,0,,,,False,artificial intelligence job loss,2026-05-25T06:53:33.418187,forget apocalypse real threat control surveillance real danger pose loss,-0.1376,0.174,0.186,0.64,Negative,1,
at://did:plc:vizwdor43adw3277u2kkrssd/app.bsky.feed.post/3mlldw6bv6l2w,bafyreibkhuwizutoi4nfof7etesmhsrww5rtenj4c34muyclmsvocfjj2u,uk-news.bsky.social,did:plc:vizwdor43adw3277u2kkrssd,,"Forget the AI job apocalypse. AI’s real threat is worker control and surveillance | AI (artificial intelligence)

https://www.europesays.com/uk/952623/

The real danger that artificial intelligence poses to work is not just job loss – it is the…#uk #news #uknews",2026-05-11T13:10:23+00:00,1,1,0,,,,False,artificial intelligence job loss,2026-05-25T06:53:33.418187,forget apocalypse real threat control surveillance real danger pose loss news uknews,-0.1376,0.167,0.178,0.655,Negative,1,
at://did:plc:m2yuqynl2cttvi4k5453yegh/app.bsky.feed.post/3ml2tkfcyxv32,bafyreigggpqs6wgrvljaabpzrh5zt3qsgzl2cylhov2mbwlmrtgdmgq3ie,feed.igeek.gamer-geek-news.com.ap.brid.gy,did:plc:m2yuqynl2cttvi4k5453yegh,input,"🤖 **The case for AI increasing your salary**

Here me out because I know there's a lot of doom and gloom, and believe me, I understand and feel it around job loss. Return to supply and demand with me. Today in the world, there is a certain amo...

📰 Source: Artificial Intelligence (AI)
🔗 Link […]",2026-05-04T23:34:52.000Z,0,0,1,,,,False,artificial intelligence job loss,2026-05-25T06:53:33.418187,case increasing salary lot doom gloom believe understand feel around loss return supply demand today world certain amo source link,-0.5994,0.078,0.152,0.769,Negative,1,
at://did:plc:usml4wj7z5dcd3fa6hmrqmed/app.bsky.feed.post/3mkm3r752hf2p,bafyreidbt7le55atxmfn7mb4hwf3thfv3uqzft6zdv3u7y56wmxsu5xzty,nunyabiznews.bsky.social,did:plc:usml4wj7z5dcd3fa6hmrqmed,Nunya Business,Senator Sanders stated that it is not just job loss and privacy invasion that warrant concern over artificial intelligence. More: thenextgenbusiness.com/news/politic...,2026-04-29T02:51:56.320Z,0,0,0,at://did:plc:usml4wj7z5dcd3fa6hmrqmed/app.bsky.feed.post/3mkm3r5wwm32s,,,True,artificial intelligence job loss,2026-05-25T06:53:33.418187,senator sander stated loss privacy invasion warrant concern thenextgenbusiness news politic,0.6202,0.21,0.0,0.79,Positive,1,
at://did:plc:rwuqizds4m5nwuvmnhgbriol/app.bsky.feed.post/3mjp5r2nbdw2t,bafyreihzhcmpfcubfo3ga7iv5zgp4pyqqlvnuzml567p77r2sgp4zjxati,eu-people.bsky.social,did:plc:rwuqizds4m5nwuvmnhgbriol,,"Elon Musk Reveals ‘Fix’ for Unemployment Caused By AI

https://www.europesays.com/people/30008/

Photo Credit: Win McNamee/Getty Images As conversations around artificial intelligence continue to intensify, concerns about job loss and…",2026-04-17T14:40:25+00:00,0,0,0,,,,False,artificial intelligence job loss,2026-05-25T06:53:33.418187,elon musk reveals fix unemployment caused photo credit win mcnamee getty image conversation around continue intensify concern loss,0.6486,0.252,0.138,0.61,Positive,4,
at://did:plc:rwuqizds4m5nwuvmnhgbriol/app.bsky.feed.post/3mjkpasdqml2f,bafyreig7am7iaqk77mdplvfambroletafc3uu62mewpurcgoudo32rkg3i,eu-people.bsky.social,did:plc:rwuqizds4m5nwuvmnhgbriol,,"CEO Says ‘Glorious Future’ of AI is Worth Workers Losing Jobs

https://www.europesays.com/people/28550/

Research shows that artificial intelligence (AI)-driven job loss could have lasting, years-long negative impacts, but Perplexity CEO Aravind…",2026-04-15T20:10:08+00:00,0,0,0,,,,False,artificial intelligence job loss,2026-05-25T06:53:33.418187,ceo say glorious future worth worker losing research show driven loss lasting year long negative impact perplexity ceo aravind,-0.3182,0.102,0.169,0.729,Negative,4,
at://did:plc:dgjrdn7ga2gbpjdwdtnajtsk/app.bsky.feed.post/3mj7o355rk6u2,bafyreifb37cdyd6ld4vsn4esrndyshdiqrl7c2hhgyqah5qtkwf6hnn4ka,fiend-unpleasant.mastodon.social.ap.brid.gy,did:plc:dgjrdn7ga2gbpjdwdtnajtsk,Chinga la migra!  🍉🌈,Like it wasn't bad enough,2026-04-11T10:49:46.000Z,0,0,0,,,,False,artificial intelligence job loss,2026-05-25T06:53:33.418187,bad enough,0.6542,0.641,0.0,0.359,Positive,0,
at://did:plc:a6vnwdqjgy3dftteko5gsjbz/app.bsky.feed.post/3miylsvgi2k2u,bafyreicoatnd5repn4brdzys6hws6spwzqm3t2gdbxtwr3wrvihwgmg2va,opusminus.bsky.social,did:plc:a6vnwdqjgy3dftteko5gsjbz,ScooterCogs,"The AI job loss feedback loop is a self-reinforcing economic cycle where corporate adoption of artificial intelligence leads to workforce displacement, which subsequently reduces consumer income and demand, triggering further cost-cutting through increased AI adoption

#ai #gamedev #art #writing",2026-04-08T15:20:47.018Z,6,1,0,,,,False,artificial intelligence job loss,2026-05-25T06:53:33.418187,loss feedback loop self reinforcing economic cycle corporate adoption lead workforce displacement subsequently reduces consumer income demand triggering cost cutting increased adoption gamedev art writing,0.34,0.118,0.086,0.795,Positive,2,
at://did:plc:ni6cl7jipinqldoyowqlbrwp/app.bsky.feed.post/3mhfpzi3jr42d,bafyreidr3d2c3bnwvcizfxqvej2idpm3xocli36hl26gaai7bunwllrpay,au-nb.bsky.social,did:plc:ni6cl7jipinqldoyowqlbrwp,,"AI Job Loss Research Ignores How AI Is Utterly Destroying the Internet

https://www.newsbeep.com/au/550267/

Over the last few months, various academics and AI companies have attempted to predict how artificial intelligence is…",2026-03-19T09:50:12+00:00,0,0,0,,,,False,artificial intelligence job loss,2026-05-25T06:53:33.418187,loss research ignores utterly destroying internet last month various academic company attempted predict,-0.6361,0.081,0.216,0.703,Negative,1,
at://did:plc:2gp3m6bnzqynpqq4nlwto5ar/app.bsky.feed.post/3mhdltyurle2d,bafyreib7clh5zdpvi55tc7zzndjslmth3iapvwtxfflpqsjldihkooricm,ca-nb.bsky.social,did:plc:2gp3m6bnzqynpqq4nlwto5ar,,"AI Job Loss Research Ignores How AI Is Utterly Destroying the Internet

https://www.newsbeep.com/ca/544546/

Over the last few months, various academics and AI companies have attempted to predict how artificial intelligence is…",2026-03-18T13:30:14+00:00,0,0,0,,,,False,artificial intelligence job loss,2026-05-25T06:53:33.418187,loss research ignores utterly destroying internet last month various academic company attempted predict,-0.6361,0.081,0.216,0.703,Negative,1,
at://did:plc:73um2ouzfr7e2h24gdwuxm6n/app.bsky.feed.post/3mhcy3l5vp72o,bafyreifyjjlryi33obycz52nvsp7dgclkinqpcwdqbvb7ziakm4wpjozua,us-nb.bsky.social,did:plc:73um2ouzfr7e2h24gdwuxm6n,,"AI Job Loss Research Ignores How AI Is Utterly Destroying the Internet

https://www.newsbeep.com/us/530364/

Over the last few months, various academics and AI companies have attempted to predict how artificial intelligence is…",2026-03-18T07:36:33+00:00,0,0,0,,,,False,artificial intelligence job loss,2026-05-25T06:53:33.418187,loss research ignores utterly destroying internet last month various academic company attempted predict,-0.6361,0.081,0.216,0.703,Negative,1,
at://did:plc:m2yuqynl2cttvi4k5453yegh/app.bsky.feed.post/3mhckvf4wdbc2,bafyreiatm76qsemavgb4bivlo7e6xlo4yt2gxaklfoa5ntr6g23wkrylua,feed.igeek.gamer-geek-news.com.ap.brid.gy,did:plc:m2yuqynl2cttvi4k5453yegh,input,"📰 **AI Job Loss Research Ignores How AI Is Utterly Destroying the Internet**

An anonymous reader quotes a report from 404 Media, written by Jason Koebler: Over the last few months, various academics and AI companies have attempted to predict how artificial intelligence is g...

📰 Source […]",2026-03-18T03:40:30.000Z,0,0,1,,,,False,artificial intelligence job loss,2026-05-25T06:53:33.418187,loss research ignores utterly destroying internet anonymous reader quote report medium written jason koebler last month various academic company attempted predict source,-0.6361,0.056,0.15,0.794,Negative,1,
at://did:plc:rxtktyhscq3yykf6sldmc7ft/app.bsky.feed.post/3mh5uqrzjbp2c,bafyreidwgosameladpko4ky3sqffqmmgproll7s2tc27cgyegmy3degjdy,ki-news.bsky.social,did:plc:rxtktyhscq3yykf6sldmc7ft,KI-News,AI job layoffs are here: it’s time to revive the push for shorter working hours – Atlassian announced it would lay off 10% of its staff. The announcement has brought the debate over artificial intelligence and jobs closer to home. Concerns around the loss o... https://tinyurl.com/2b88nmwb #AIPowered,2026-03-16T06:53:35.389285+00:00,0,0,0,,,,False,artificial intelligence job loss,2026-05-25T06:53:33.418187,layoff time revive push shorter working hour atlassian announced lay staff announcement brought debate closer home concern around loss aipowered,0.4939,0.106,0.044,0.849,Positive,0,
at://did:plc:r65wy74sxc7bpe55qqydeir3/app.bsky.feed.post/3mh3v5nzegs2w,bafyreigyzdseiibvwbwertojygpsy7en6dm6cdrnjzbkh4qe6hmznz7fxq,mxttqhuman.bsky.social,did:plc:r65wy74sxc7bpe55qqydeir3,mxtt q human,"The Trump admin is attacking elections from as many directions as possible. Democracy won’t defend itself.

www.propublica.org/article/davi...",2026-03-15T11:55:27.978Z,2,0,1,,,,False,artificial intelligence job loss,2026-05-25T06:53:33.418187,trump admin attacking election many direction possible democracy defend,-0.4588,0.0,0.158,0.842,Negative,4,
at://did:plc:dx37xbq466iutfexm2lfeiut/app.bsky.feed.post/3mh3kx623wc2a,bafyreib5az43cnn2zqeyywdngbra3bz3whxdn43eilhbmzzzaavpejzpny,gongudottir.bsky.social,did:plc:dx37xbq466iutfexm2lfeiut,𝓖ö𝓷𝓰𝓾 𝓓ó𝓽𝓽𝓲𝓻 ©®__ 🦋 _ 🐘,"... prepare for the efficiency gains ...

This creates a nice cycle that very soon triggers an even nicer domino effect - loss of purchasing power through job loss, through impoverishment, through loss of purchasing power ... 

1/2",2026-03-15T08:52:52.484Z,0,1,0,,,,False,artificial intelligence job loss,2026-05-25T06:53:33.418187,prepare efficiency gain creates nice cycle soon trigger nicer domino effect loss purchasing power loss impoverishment loss purchasing power,0.7003,0.256,0.139,0.605,Positive,4,
at://did:plc:5axxgwewcpcm5glsqk72qbmp/app.bsky.feed.post/3mgqgogutys2n,bafyreibxyjxur6gcntfimqyvxqgx7y5uk5bzxjgekqad4ruvtuq33mryye,shmmeee.bsky.social,did:plc:5axxgwewcpcm5glsqk72qbmp,Iain Fletcher,It matters for the implications. If we have artificial intelligence then large scale job loss is likely. If we don’t then it’s not. My job as a developer is changing beyond recognition but coding is only a small part and I still need to guide it. I’d be wary of the words of CEOs and consultants.,2026-03-10T22:37:07.672Z,1,1,0,at://did:plc:bgsv5wgeotxcdhdeu5u7nkrh/app.bsky.feed.post/3mgqgl4zcn22m,,,True,artificial intelligence job loss,2026-05-25T06:53:33.418187,matter implication large scale loss likely developer changing beyond recognition coding small part need guide wary word ceo consultant,0.1154,0.054,0.029,0.918,Positive,0,
at://did:plc:uzcdmllxpi2ycmx273m4zghw/app.bsky.feed.post/3mfvlacdiis2m,bafyreigfnwgxwdsr3amvcsulnij6tc2nnf2uzdehkakezborqv65dkgwfe,rogera.bsky.social,did:plc:uzcdmllxpi2ycmx273m4zghw,Roger Alan Blackwell,"'It said that Britain is losing more jobs to Artificial Intelligence (AI) than most other countries in an ‘early warning sign’ of how the technology is set to upend the labour market.

Morgan Stanley also reported an 8 per cent net job loss in the past year – twice the international average.'",2026-02-28T06:16:48.920Z,0,0,0,,,,False,artificial intelligence job loss,2026-05-25T06:53:33.418187,britain losing country early warning sign technology set upend labour market morgan stanley reported per cent net loss past year twice international average,-0.4939,0.053,0.125,0.822,Negative,4,
at://did:plc:lc6hdhnjkgccd6ysi7e23pll/app.bsky.feed.post/3mfnvr32c442f,bafyreif4j4eyb4xmlp2hlyboyn6zriwaiqzs5kwtpwyhjy7bleuf7wlyre,bigearthdata.ai,did:plc:lc6hdhnjkgccd6ysi7e23pll,"Climate, Ecology, War & More - Dr Glen Barry BigEarthData.ai","U.S. faces fast loss of 100 million jobs to Artificial Intelligence
->People's World | More on ""AI job losses threaten democracy"" at BigEarthData.ai | #ArtificialIntelligence",2026-02-25T05:03:51.007313+00:00,0,0,0,,,,False,artificial intelligence job loss,2026-05-25T06:53:33.418187,face fast loss million world loss threaten democracy bigearthdata artificialintelligence,-0.5423,0.098,0.24,0.662,Negative,4,
at://did:plc:yptxqry2kdh6cvqnlzxrogn2/app.bsky.feed.post/3meuyhezcyk2v,bafyreihoz7y3dxbhzda3eitytrbuvjwju6xqckw2vhvwlz6ux4y6erhcbq,cathyarmus.bsky.social,did:plc:yptxqry2kdh6cvqnlzxrogn2,CathyArmus,"Gift. About AI - confronting but at least it explores some of the problems & some possible directions. #AI 

Artificial intelligence may be hurtling America toward a mass job-loss event—that is, if the country’s CEOs & business leaders are to be believed.Does anyone have a plan? 
shorturl.at/wp0RC",2026-02-15T07:15:33.886Z,1,0,1,,,,False,artificial intelligence job loss,2026-05-25T06:53:33.418187,gift confronting least explores problem possible direction may hurtling america toward mass loss event country ceo business leader believed anyone plan shorturl,-0.2144,0.109,0.142,0.749,Negative,2,
at://did:plc:6reyign6btb3j5vmbk7fupjr/app.bsky.feed.post/3meo53bvge22p,bafyreifpwariw6bpuytwn6jf3tfornuudapntjjuvj4ueg6da76o4bmmuu,cabinndawoods.bsky.social,did:plc:6reyign6btb3j5vmbk7fupjr,cabinndawoods(⧖),"“Top AI experts @OpenAI, Anthropic &other companies warn of rising dangers of their technology, w/some quitting in protest or going public with grave concerns.
…Leading AI models, including Anthropic's Claude &OpenAI's ChatGPT, are getting a lot better&faster, &even building new products themselves.",2026-02-12T13:49:38.494Z,2,0,2,,,,False,artificial intelligence job loss,2026-05-25T06:53:33.418187,top expert anthropic company warn rising danger technology quitting protest public grave concern leading model including anthropic claude openai chatgpt getting lot better faster building new product,-0.802,0.0,0.195,0.805,Negative,0,
at://did:plc:rylj7uhuztn5eapsgsltahmo/app.bsky.feed.post/3mekbuiegqk2d,bafyreihopocsm5qjrqceecud7rroeh5djod3aza4vlknttn5sgbbphxcpu,gen3sf.bsky.social,did:plc:rylj7uhuztn5eapsgsltahmo,,"Artificial intelligence may be hurtling America toward a mass job-loss event—that is, if the country’s CEOs and business leaders are to be believed. Does anyone have a plan? Josh Tyrangiel reports:n www.theatlantic.com/magazine/202...",2026-02-11T01:04:40.162Z,0,0,1,,,,False,artificial intelligence job loss,2026-05-25T06:53:33.418187,may hurtling america toward mass loss event country ceo business leader believed anyone plan josh tyrangiel report,0.1779,0.087,0.068,0.845,Positive,2,
at://did:plc:6e4kpwbhah6ri44psz2nrccb/app.bsky.feed.post/3me6c4isso222,bafyreiab4azi6lxqfomdfbichwhgzqixtm36a5lgnzaiysjdqh6bonjd24,pamspaulding.bsky.social,did:plc:6e4kpwbhah6ri44psz2nrccb,Pam Spaulding,"❗The economy is getting flushed by the Trump regime down the toilet...fast. 

You're not going to hear it from his stooges Bessent & Lutnick, but here's the jobs reality from private firm Challenger, Gray & Christmas:

Worst job losses since 2009 crash. Lowest Jan Hiring on Record. 💀

🧾 is.gd/xcaV2z",2026-02-06T06:37:12.199Z,8,2,5,,,,False,artificial intelligence job loss,2026-05-25T06:53:33.418187,economy getting flushed trump regime toilet fast hear stooge bessent lutnick reality private firm challenger gray christmas worst loss since crash lowest jan hiring record xcav,-0.9468,0.027,0.253,0.72,Negative,4,
at://did:plc:zvqazsaifl3ywla5dh5tpowv/app.bsky.feed.post/3mdpvgiu56s2i,bafyreicayusvbzzpx32vc5uuipvywbujukhytd7ndn2mqlsoxowv4bjrla,joocifer.bsky.social,did:plc:zvqazsaifl3ywla5dh5tpowv,joocifer,Figure out #UBI before it’s too late to get started,2026-01-31T13:12:52.809Z,1,1,0,,,,False,artificial intelligence job loss,2026-05-25T06:53:33.418187,figure ubi late started,0.0,0.0,0.0,1.0,Neutral,4,
at://did:plc:ebsmk2373si54srillwwscja/app.bsky.feed.post/3mcjxdpxddk2v,bafyreidcbzizlbhlepm3hbpwd3hctk5jw7o2dm7yyi7c4l2tkuaoui46au,mrcomputerscience.bsky.social,did:plc:ebsmk2373si54srillwwscja,MrComputerScience,"Also, I agree that robotics, AI, and automation will cause mass job loss.

But I also think humans should still leverage artificial intelligence. We have no choice but to continue evolving... Right?

I don't know the solution.

I'm waiting for someone smarter than me to figure all of this stuff out.",2026-01-16T11:05:57.023Z,1,1,0,at://did:plc:pw3f36vq5a5kwmdim3nuzitw/app.bsky.feed.post/3mcjif5xowc2b,,,True,artificial intelligence job loss,2026-05-25T06:53:33.418187,agree robotics automation cause mass loss human leverage choice continue evolving right solution waiting someone smarter figure stuff,0.6133,0.16,0.112,0.728,Positive,4,
at://did:plc:mzmtoehujifw6wpzlz3hdpni/app.bsky.feed.post/3mchwftwcjc2j,bafyreifvewad5re6zuj4ml4zqjgappuwacmymknbusstupadakynwsr6s4,aaronsojourner.org,did:plc:mzmtoehujifw6wpzlz3hdpni,Aaron Sojourner,"Newsweek: Job Market Confidence Plummets for 2026
www.newsweek.com/job-market-c...",2026-01-15T15:43:55.074Z,12,0,2,,,,False,artificial intelligence job loss,2026-05-25T06:53:33.418187,newsweek market confidence plummet,0.5106,0.32,0.0,0.68,Positive,4,
at://did:plc:lvx6ctj2xkeka6mys5bvndo3/app.bsky.feed.post/3mbutc4k4us2f,bafyreicviotzmspy5dv7jjym4hyvjshtxpfbox46kos65mq5hp4bb5prf4,alexdecampi.bsky.social,did:plc:lvx6ctj2xkeka6mys5bvndo3,Alex de Campi,"reposting with alt text because lmaoooo. small excerpt:

“I use DeepSeek R1 models, which offer uncensored assistance for various tasks, from improving my stock portfolio to writing erotic fan fiction about ""The Boys."" I understand the potential of Al and its role in shaping a better future...”",2026-01-08T01:27:33.631Z,23,3,3,,,,False,artificial intelligence job loss,2026-05-25T06:53:33.418187,reposting alt text lmaoooo small excerpt use deepseek model offer uncensored assistance various task improving stock portfolio writing erotic fan fiction boy understand potential role shaping better future,0.7906,0.154,0.0,0.846,Positive,4,
at://did:plc:ebsmk2373si54srillwwscja/app.bsky.feed.post/3mbmpnq37ck2t,bafyreidjtpmuwxpgv2qpn7uyl6kulpkgpd6ootfajmdxyuvnvbvr7qpqma,mrcomputerscience.bsky.social,did:plc:ebsmk2373si54srillwwscja,MrComputerScience,"Thank you so much for your kind words.

I'm a massive proponent of artificial intelligence.

I also realize it has many setbacks (concerns about authorship, job loss, and environmental factors.)

That said, I think AI is a force for good. AI can skyrocket creativity, provide education, and more.",2026-01-04T20:01:10.347Z,4,0,0,at://did:plc:ntopqnithbdannzau76yym52/app.bsky.feed.post/3mbmpgv6pqs2l,,,True,artificial intelligence job loss,2026-05-25T06:53:33.418187,thank much kind word massive proponent realize many setback concern authorship loss environmental factor force good skyrocket creativity provide education,0.9042,0.247,0.039,0.714,Positive,4,
at://did:plc:aqbqb5ebozqexfcktjtnkmyc/app.bsky.feed.post/3m6zc24fifc24,bafyreiao5l5thqx3qy2ufbyayus7dg4fqcpeggcquh4dgaynr3w7gcdjai,ftd1969.bsky.social,did:plc:aqbqb5ebozqexfcktjtnkmyc,Jacki,"www.cbsnews.com/news/sharpie...

My point in posting this story 👇

""The company has also said it will increase its use of automation and artificial intelligence to boost productivity.""

I'm seeing more and more job loss to AI.  And I'm thinking the tariffs are adding to the problem!",2025-12-02T15:46:35.250Z,2,0,1,,,,False,artificial intelligence job loss,2026-05-25T06:53:33.418187,point posting story company increase use automation boost productivity seeing loss thinking tariff adding problem,0.479,0.148,0.093,0.759,Positive,4,
at://did:plc:fjd2nhh5sklpzjcg3el3i7pe/app.bsky.feed.post/3m5eotvc2h22h,bafyreihabtfnojjdkwrafbxaq7mrjfigxnj5lgimeqbi4fbp45jdbqr4a4,sbkbrian.bsky.social,did:plc:fjd2nhh5sklpzjcg3el3i7pe,[Impeachment⚖️Conviction] Brian Leong,"Imagine a 25% reduction in employment within the next three years, higher prices for goods, food, energy, and health care due to tariffs and the GOP’s fixation on increasing wealth inequality via tax policy.

No wonder they want to suppress and gaslight voters.

fundforhumanity.org/ai-impact-re...",2025-11-11T17:44:38.978Z,4,2,0,at://did:plc:5o6k7jvowuyaquloafzn3cfw/app.bsky.feed.post/3m5ecquk5y22n,,,True,artificial intelligence job loss,2026-05-25T06:53:33.418187,imagine reduction employment within next three year higher price good food energy health care due tariff gop fixation increasing wealth inequality via tax policy wonder want suppress gaslight voter fundforhumanity org impact,0.765,0.192,0.043,0.765,Positive,2,
at://did:plc:zwje474uphwduwhsijyl74mq/app.bsky.feed.post/3m4shg5ogrc2l,bafyreihrd7yd5eadikmsr6dxdvj3fjuelp5nysjd4rm4k7634uflfyrcx4,robelid.bsky.social,did:plc:zwje474uphwduwhsijyl74mq,,"There is a permanent job loss because of automation,  robots and artificial intelligence since the health pandemic happened and was triggered. The advanced technologies bubbles will be bursting and triggered a global recessions,  depressions and stagflation.  Massive unemployment, electricity crises",2025-11-04T11:43:46.529Z,0,0,0,,,,False,artificial intelligence job loss,2026-05-25T06:53:33.418187,permanent loss automation robot since health pandemic happened triggered advanced technology bubble bursting triggered global recession depression stagflation massive unemployment electricity crisis,-0.5106,0.105,0.173,0.722,Negative,4,
at://did:plc:nywgh5esaufa6sfb27z37iet/app.bsky.feed.post/3m4oigohf222l,bafyreieixbjbzdav6kgmucxavq4tesxuzyl7ro2vm2c4ndlt2gd7hti6im,raquelreveals.bsky.social,did:plc:nywgh5esaufa6sfb27z37iet,🇫🇷Raquel de la Roche🇨🇴,"In the race to Armageddon, cryptocurrency is the favorite with artificial intelligence gaining some ground.

But if they unite?

The #cryptocollapse paired with #rogueAI and misinformation will be invincible.  

Complete economic collapse, job loss and zero trust society.

#fact",2025-11-02T21:51:18.913Z,9,0,3,,,,False,artificial intelligence job loss,2026-05-25T06:53:33.418187,race armageddon cryptocurrency favorite gaining ground unite cryptocollapse paired rogueai misinformation invincible complete economic collapse loss zero trust society fact,0.5423,0.263,0.182,0.555,Positive,2,
at://did:plc:wjkkw23oewmfqo3kl2ypfumd/app.bsky.feed.post/3m2tyzpsah22v,bafyreierl7d4wvccd3to6pnt5wm3fygjoesdkb2s6axjhl4nw7fmu3hxri,katiek06.bsky.social,did:plc:wjkkw23oewmfqo3kl2ypfumd,,"The rise of artificial intelligence brings both excitement and anxiety. Like the internet once did, AI promises innovation and global connection but also stirs concern about misinformation, job loss, and who truly controls the technology shaping our future. #Media180LabD08Fall25",2025-10-10T15:41:13.156Z,1,6,0,,,,False,artificial intelligence job loss,2026-05-25T06:53:33.418187,rise brings excitement anxiety internet promise innovation global connection stir concern misinformation loss truly control technology shaping future medium labd fall,0.6249,0.264,0.143,0.593,Positive,4,
at://did:plc:3dsc6a4vpr6j72b5ocweq2kl/app.bsky.feed.post/3m2otuxj6vs2d,bafyreidyyni5axjjls5skibxm27ca6nmlpnqdnfvtai57uhfbcow7iiqua,tricyclemag.bsky.social,did:plc:3dsc6a4vpr6j72b5ocweq2kl,Tricycle: The Buddhist Review,"""Did they see me coming, these ancestors of mine? Could they have imagined a descendant like me, navigating job loss and reinvention in a digital world of social media, artificial intelligence, and climate change?"" —Daisy Lin",2025-10-08T14:25:46.075Z,5,0,1,,,,False,artificial intelligence job loss,2026-05-25T06:53:33.418187,see coming ancestor mine imagined descendant navigating loss reinvention digital world social medium climate change daisy lin,0.5661,0.144,0.056,0.8,Positive,4,
at://did:plc:43fdk46qa5gsokzygzildsaq/app.bsky.feed.post/3m2lyhv5xsw2w,bafyreiatpy7h3dfse6zrpguszt3ye7o73ln5mhl76lxwoesq5ye34ukzn4,fintwitter.bsky.social,did:plc:43fdk46qa5gsokzygzildsaq,FinTwitter,Axios Reports No Signs of Widespread Job Loss from Artificial Intelligence 🚫🤖,2025-10-07T11:09:56.813687+00:00,0,0,0,,,,False,artificial intelligence job loss,2026-05-25T06:53:33.418187,axios report sign widespread loss,-0.1027,0.167,0.242,0.591,Negative,4,
at://did:plc:75jlcvq5362ewttjvnl4clli/app.bsky.feed.post/3lzxyzljsjs2g,bafyreia7b6t2vskmvngktkfu4p66gcgn5cjfqhy7plkjwbukysoop7eww4,crazyjim.bsky.social,did:plc:75jlcvq5362ewttjvnl4clli,Jim,"Good morning! 

Fuck the impending AI economic apocalypse.

Walmart is America’s largest private employer, and they’re finally saying the quiet part out loud.",2025-09-29T12:26:36.000Z,16,0,2,,,,False,artificial intelligence job loss,2026-05-25T06:53:33.418187,good morning fuck impending economic apocalypse walmart america largest private employer finally saying quiet part loud,-0.2244,0.105,0.137,0.758,Negative,4,
at://did:plc:x6274myd3mqck2qik3u7qse5/app.bsky.feed.post/3lyo2bli3zc2t,bafyreiacwmvbn6zyakn4o6auqlliqpqpsimtutv6kuqyvgxaz3hnquowne,expterodactyl.bsky.social,did:plc:x6274myd3mqck2qik3u7qse5,Extinct Pterodactyl,"youtube.com/watch?v=gGJ8...
Ai
Artificial Intelligence and Jobs 
Job loss 
Economy 
Automation technology 
Unemployment",2025-09-12T19:57:09.121Z,0,0,0,,,,False,artificial intelligence job loss,2026-05-25T06:53:33.418187,youtube watch ggj loss economy automation technology unemployment,-0.2732,0.179,0.301,0.52,Negative,4,
at://did:plc:5zww7zorx2ajw7hqrhuix3ba/app.bsky.feed.post/3lxzvksfhqf2c,bafyreiergmorcgby23d6fgtr2gyezg72bf4cymqa2oql36hghsjvlvdco4,byteseu.bsky.social,did:plc:5zww7zorx2ajw7hqrhuix3ba,BYTESEU,"NY Fed Survey Sees Minimal Impact on Jobs From AI Adoption

https://www.byteseu.com/1348706/

Artificial intelligence (AI) is reshaping hiring decisions in the U.S. labor market, but fears of widespread job loss remain unfounded, according to new regional surveys from the Federal Reserve Bank of …",2025-09-04T19:39:32+00:00,0,0,0,,,,False,artificial intelligence job loss,2026-05-25T06:53:33.418187,fed survey see minimal impact adoption reshaping hiring decision labor market fear widespread loss remain unfounded according new regional survey federal reserve bank,-0.6808,0.041,0.134,0.825,Negative,4,
at://did:plc:4xqt7t2zph634drigtdxdmro/app.bsky.feed.post/3lxsqwgz6us2w,bafyreihzsj72ffx7znbkmlqxuk7xpw2cmtmo7ohn6g5675uzqockenwtuy,journodale.bsky.social,did:plc:4xqt7t2zph634drigtdxdmro,Dale Smith,From Patty Hajdu's Labour Day message.,2025-09-01T23:27:58.725Z,16,9,3,,,,False,artificial intelligence job loss,2026-05-25T06:53:33.418187,patty hajdu labour day message,0.0,0.0,0.0,1.0,Neutral,4,
at://did:plc:vcly6jfsz4irtrnbkndmmfyi/app.bsky.feed.post/3lxspyctpe22b,bafyreig4poqhoz3a3576zmyzxxlhyyuvzxgup5lufctk7agkd2wn5leku4,honestcanadian.bsky.social,did:plc:vcly6jfsz4irtrnbkndmmfyi,Glen 🇨🇦 part owner of Canada*,"They can foresee possible problems & make plans to negate them.
""As artificial intelligence (AI) and new forms of employment reshape workplaces, we’re working with stakeholders, including unions and industry leaders, to ensure that AI adoption leads to job transformation rather than job loss.""",2025-09-01T23:11:07.721Z,3,1,1,at://did:plc:jzjhu672veifvnae33gunnf3/app.bsky.feed.post/3lxsg4m5pyc2y,,,True,artificial intelligence job loss,2026-05-25T06:53:33.418187,foresee possible problem plan negate new form employment reshape workplace working stakeholder including union industry leader ensure adoption lead transformation rather loss,0.1779,0.112,0.099,0.789,Positive,4,
at://did:plc:6vkrwbfmjr24lgmqzvzt2rsq/app.bsky.feed.post/3lxrmschfak2j,bafyreibqstmw3atyi42ulpze2xswbqnh4aracpdjtwudb45y7many6ugpa,northerngala.bsky.social,did:plc:6vkrwbfmjr24lgmqzvzt2rsq,,"Happy Labor Day under Republican Leadership 

Employers in the U.S. announced more than 62,000 job cuts in July, a 140% increase from last year.",2025-09-01T12:41:25.004Z,3,0,1,,,,False,artificial intelligence job loss,2026-05-25T06:53:33.418187,happy labor day republican leadership employer announced cut july increase last year,0.5859,0.205,0.075,0.719,Positive,3,
at://did:plc:qc6xzgctorfsm35w6i3vdebx/app.bsky.feed.post/3lxafjnqqn22s,bafyreiaui6p5tyl6dwqdpvqpaxqkd6l66y3lowycb42u5sto4znwl4arzq,edzitron.com,did:plc:qc6xzgctorfsm35w6i3vdebx,Ed Zitron,"AI boosters love to bring up random anecdotes to prove generative AI is so big, strong and important. Here's a list of responses to AI job loss, ""AI researchers finding more materials,"" AI replacing coders, and AI doing science research.
www.wheresyoured.at/how-to-argue...",2025-08-25T16:15:47.084Z,43,1,5,at://did:plc:qc6xzgctorfsm35w6i3vdebx/app.bsky.feed.post/3lxafjmtrus2s,,,True,artificial intelligence job loss,2026-05-25T06:53:33.418187,booster love bring random anecdote prove generative big strong important list response loss researcher finding material replacing coder science research,0.8062,0.196,0.047,0.757,Positive,4,
at://did:plc:ogw25mbpcmriyo37ru4fmdmm/app.bsky.feed.post/3lwwmrrpawk2q,bafyreig2yzgvanccjqeicnnesal3pyqwzhbmzlfztza77tenfwu3vshsdu,connorwa15h.bsky.social,did:plc:ogw25mbpcmriyo37ru4fmdmm,Connor Walsh,"The real risk with artificial intelligence is not automation and job loss. 

It's the further transfer of wealth and power into the hands of a very select few. After all, Ai models are trained on OUR data - we should all benefit, collectively 

Call me a socialist idgaf.",2025-08-21T18:59:14.523Z,0,0,0,,,,False,artificial intelligence job loss,2026-05-25T06:53:33.418187,real risk automation loss transfer wealth power hand select model trained data benefit collectively call socialist idgaf,0.7096,0.164,0.078,0.758,Positive,2,
at://did:plc:iy75luoiqw37f45gdzf2muow/app.bsky.feed.post/3lwuamz7cec2t,bafyreicnvmwejddxlv2gfa7eh5vaule3db3pogbmz6awarfzkgj5h4mfai,ieet.bsky.social,did:plc:iy75luoiqw37f45gdzf2muow,Institute for Ethics and Emerging Technologies,"71% of Americans are afraid that artificial intelligence will cause permanent job loss. 47% of respondents said that AI is bad for humanity, 58% said that AI could risk the future of mankind, and 67% said that AI will have uncontrollable consequences. qz.com/most-america...",2025-08-20T20:16:30.238Z,1,0,0,,,,False,artificial intelligence job loss,2026-05-25T06:53:33.418187,american afraid cause permanent loss respondent bad humanity risk future mankind uncontrollable consequence america,-0.743,0.06,0.202,0.738,Negative,4,
at://did:plc:yxueuid34bjetrgefjcaesa7/app.bsky.feed.post/3lwr2lylwpk23,bafyreicvizzq2wpd2ii5rfwhkudumqbgwpovghsa2z5xghd55idcs6zd34,stangarfield.bsky.social,did:plc:yxueuid34bjetrgefjcaesa7,Stan Garfield,"Diary of HI & AI: The Nexus of Human Intelligence and Artificial Intelligence - by Annie Green www.amazon.com/Diary-HI-AI-... Highlights society’s shift towards valuing intellect, explores institutional influences, and discusses concerns such as job loss, ethics, and social fragmentation #AI",2025-08-19T13:50:34.382Z,0,0,1,,,,False,artificial intelligence job loss,2026-05-25T06:53:33.418187,diary nexus human annie green highlight society shift towards valuing intellect explores institutional influence discusses concern loss ethic social fragmentation,0.8519,0.242,0.048,0.71,Positive,2,
at://did:plc:nvll2n7arspkv7aljrclutdb/app.bsky.feed.post/3lvqtu5ykac2c,bafyreihw3ribjglumlqlyecdrwboawyxjm6xgcaeu2u2t6q2wwedfmwhve,income-movement.bsky.social,did:plc:nvll2n7arspkv7aljrclutdb,Income Movement,"Organize with us for the 7th Annual Basic Income Week of Action! Happening Sept 15-21, people are hosting an event all over the country to demonstrate the need for basic income.",2025-08-06T18:24:40.620Z,2,1,1,,,,False,artificial intelligence job loss,2026-05-25T06:53:33.418187,organize annual basic income week action happening sept hosting event country demonstrate need basic income,0.0,0.0,0.0,1.0,Neutral,4,
at://did:plc:ao3od2pfh25pcvramptuef5b/app.bsky.feed.post/3lv6om53gs226,bafyreihqt6rbixsnvtt556qjpkfxsqadkvdsiz67p7e5f2yf5mvh666lnm,michaelby.bsky.social,did:plc:ao3od2pfh25pcvramptuef5b,Michael Byron #Fella,"The Ideology of Artificial Intelligence www.commondreams.org/opinion/ideo...

I think that the real ""threat"" from ""AI"" isn't something like ""Skynet."" Rather, its accelerating job loss--particularly, but not exclusively--of entry level jobs which will be lost en masse to AI automation.",2025-07-30T13:02:47.264Z,6,5,3,,,,False,artificial intelligence job loss,2026-05-25T06:53:33.418187,ideology real threat something skynet rather accelerating loss particularly exclusively entry level lost masse automation,-0.5654,0.048,0.157,0.795,Negative,4,
at://did:plc:7dbbjqgbj56qpe4x7pjtcoey/app.bsky.feed.post/3ludafocca22h,bafyreibaqhqg4hutjbphti2nurvfuw2exc2rzzdmxysvlcpzit4qdg5zie,adelpreore.bsky.social,did:plc:7dbbjqgbj56qpe4x7pjtcoey,ⓘ 𝕆ligarch f*ckery detected,,2025-07-19T15:06:45.107Z,2,1,1,at://did:plc:7dbbjqgbj56qpe4x7pjtcoey/app.bsky.feed.post/3ludadvdsvc2h,,,True,artificial intelligence job loss,2026-05-25T06:53:33.418187,,0.0,0.0,0.0,1.0,Neutral,-1,
at://did:plc:dceuvh27blr456eviihbxlof/app.bsky.feed.post/3lu3a3ijzys26,bafyreih3vzmgjdhf6phaw5ef7ml7dpc7lz7rywlkqkv7uruu5fqn5rxxku,dhmosquito.bsky.social,did:plc:dceuvh27blr456eviihbxlof,DH Mosquito,"All types of employment needs union support

We know whats barreling down toward us already…AI and massive job loss

Take a look at and listen well to just the first few minutes of Spielberg’s “Artificial Intelligence” made 25 years ago.",2025-07-16T10:39:45.624Z,0,0,0,at://did:plc:iu4j537hox5huj4bwnwgub4z/app.bsky.feed.post/3lu2gyw6vfc2q,,,True,artificial intelligence job loss,2026-05-25T06:53:33.418187,type employment need union support whats barreling toward massive loss take look listen first minute spielberg made year ago,0.3612,0.109,0.052,0.839,Positive,2,
at://did:plc:d6ho2gbjaourtp2ep625lto3/app.bsky.feed.post/3ltgkc5i77k2h,bafyreigoixvqcqn4r6ukozd7sptdxhpdxdsyc7n6dzj2gcoft3nyk7dnzy,disappearednews.bsky.social,did:plc:d6ho2gbjaourtp2ep625lto3,DisappearedNews,"The AI Daily Brief (Formerly The AI Breakdown): Artificial Intelligence News and Analysis: The Latest AI Job Loss Predictions

Episode webpage: podcasters.spotify.com/pod/show/nlw...

Media file: anchor.fm/s/f7cac464/p...",2025-07-08T05:16:31.750Z,1,0,0,,,,False,artificial intelligence job loss,2026-05-25T06:53:33.418187,daily brief formerly breakdown news analysis latest loss prediction episode webpage podcasters spotify pod show nlw medium file anchor cac,0.2023,0.109,0.081,0.81,Positive,4,
at://did:plc:sr5duznuapuzqu2ngcbp36fs/app.bsky.feed.post/3lt2v3z77ek2a,bafyreic33e4doulkhfg5b7ncwycnbwvjp35t7fni35nwx4h5573momjhfy,roseprendeville.bsky.social,did:plc:sr5duznuapuzqu2ngcbp36fs,Rose Prendeville ,"This was a fun email to receive at work. WHO’S GOING TO BUY YOUR FORDS, JIM?",2025-07-03T13:58:00.298Z,1,0,0,,,,False,artificial intelligence job loss,2026-05-25T06:53:33.418187,fun email receive buy ford jim,0.5106,0.18,0.0,0.82,Positive,2,
at://did:plc:qc6xzgctorfsm35w6i3vdebx/app.bsky.feed.post/3lr5rcdqaoc2u,bafyreidwaep5vxoin72gk42qjoh5zbwtogdhlwrqtri55wa5eu3czzmxxe,edzitron.com,did:plc:qc6xzgctorfsm35w6i3vdebx,Ed Zitron,Left this comment about the current fears that people have over AI and what gives me hope on the Better Offline Reddit and wanted to share. I’m sure I missed something but whatever,2025-06-09T06:37:33.626Z,575,11,102,,,,False,artificial intelligence job loss,2026-05-25T06:53:33.418187,left comment current fear give hope better offline reddit wanted share sure missed something whatever,0.34,0.189,0.125,0.686,Positive,2,
at://did:plc:lc6hdhnjkgccd6ysi7e23pll/app.bsky.feed.post/3lqkzel5hwi27,bafyreiafo4ma3tnhzrbqqdkpgwtun6awhexfnirlqqkpoj3div25a4hbum,bigearthdata.ai,did:plc:lc6hdhnjkgccd6ysi7e23pll,"Climate, Ecology, War & More - Dr Glen Barry BigEarthData.ai","Artificial intelligence could spark massive job loss in U.S.: Expert
->Yahoo! | #ArtificialIntelligence | More info from EcoSearch",2025-06-01T19:41:23.111182+00:00,0,0,0,,,,False,artificial intelligence job loss,2026-05-25T06:53:33.418187,spark massive loss expert yahoo artificialintelligence info ecosearch,0.4574,0.234,0.102,0.664,Positive,4,
at://did:plc:hfwnvjetns4fjrzbhc4zche2/app.bsky.feed.post/3lp6tccvmoo2n,bafyreich5sa3el3xhkqcsvkt7xpfpzlj22ikr3t32kjwlnl7ofyu6i6txy,cscy-bot.bsky.social,did:plc:hfwnvjetns4fjrzbhc4zche2,arXiv cs.CY Computers and Society,"evolved across Latin America, using survey data from the 2017, 2018, 2020, and 2023 waves of the Latinobar\'ometro. Drawing on responses from over 48,000 individuals across 16 countries, we analyze fear of job loss due to artificial intelligence and [2/5 of https://arxiv.org/abs/2505.08841v1]",2025-05-15T05:55:36.707448+00:00,0,1,0,at://did:plc:hfwnvjetns4fjrzbhc4zche2/app.bsky.feed.post/3lp6tcbfi3e2z,,,True,artificial intelligence job loss,2026-05-25T06:53:33.418187,evolved across latin america using survey data wave latinobar ometro drawing response individual across country analyze fear loss due,-0.34,0.065,0.116,0.819,Negative,2,
at://did:plc:mhqnbglrgmwiuz3kgexbi7uf/app.bsky.feed.post/3lohyrng5i42s,bafyreif2u36rwf6besj7gck6pybdn4m43yhy5tlxnikwswoclgqpi4cnf4,toppnews.bsky.social,did:plc:mhqnbglrgmwiuz3kgexbi7uf,🆃op🅽ews EN 🍋‍🟩 Verified. Not Amplified.,"
🌐 AI-driven job loss is no cause for panic

#AI   #Artificial Intelligence   #Asia   

https://asiatimes.com/2025/05/ai-driven-job-loss-is-no-cause-for-panic/",2025-05-06T04:02:25.579138+00:00,0,0,0,,,,False,artificial intelligence job loss,2026-05-25T06:53:33.418187,driven loss cause panic asia,-0.5719,0.135,0.341,0.524,Negative,4,
at://did:plc:ut7gat4tfik2c24bs2krq2cv/app.bsky.feed.post/3lmrdtka3r22x,bafyreifze2ifktkdrwnrsrj7kdcgsatm57rlzriueettyzgys6yo5443wi,odsc.bsky.social,did:plc:ut7gat4tfik2c24bs2krq2cv,Open Data Science Conference,"A new Pew study reveals wide differences in how U.S. adults and AI experts view artificial intelligence, with experts more optimistic and the public voicing deeper concerns about job loss, bias, and regulation. #DataScience #AI #ArtificialIntelligence opendatascience.com/americans-an...",2025-04-14T10:23:55.148Z,1,0,0,,,,False,artificial intelligence job loss,2026-05-25T06:53:33.418187,new pew study reveals wide difference adult expert view expert optimistic public voicing deeper concern loss bias regulation datascience artificialintelligence opendatascience american,0.4576,0.134,0.087,0.778,Positive,4,
at://did:plc:6bddrwv3uu73a3lp7qvku3gy/app.bsky.feed.post/3lj6zorshxk2a,bafyreiamzce4v4zexmkuocze4ydmcgmjn42kc734puaqt4m5zu5yiqchc4,quickschnell.bsky.social,did:plc:6bddrwv3uu73a3lp7qvku3gy,Bob Schnell,"Artificial Intelligence take over! Unemployment, job loss begins.",2025-02-27T23:18:47.713Z,4,0,0,,,,False,artificial intelligence job loss,2026-05-25T06:53:33.418187,take unemployment loss begin,-0.3382,0.228,0.404,0.368,Negative,4,
at://did:plc:cvdkmfagyhamfdjwycmezyg3/app.bsky.feed.post/3liwgck7wz22y,bafyreibyqufkzxfuiozvg3fcquiuekb7lioclf2nruznsdeptsbcivh3ky,gmcone.bsky.social,did:plc:cvdkmfagyhamfdjwycmezyg3,Gary,"Does Trump care? Does
he understand it. 
Musk-led cuts are costing the government technical expertise, potential research into artificial intelligence, possible job and economic growth, and potential loss of support for other initiatives, such as sweeping tax cuts?",2025-02-24T13:10:38.124Z,1,1,0,,,,False,artificial intelligence job loss,2026-05-25T06:53:33.418187,trump care understand musk led cut costing government technical expertise potential research possible economic growth potential loss support initiative sweeping tax cut,0.7399,0.241,0.135,0.624,Positive,4,
at://did:plc:grv55fa6uxsrnjzeoxpq3kho/app.bsky.feed.post/3limlcrrwps2m,bafyreihyu64rcltauot3dlp3viaz5rl4zntaqumups77giwtd64pqklzva,maxplanck.de,did:plc:grv55fa6uxsrnjzeoxpq3kho,Max-Planck-Gesellschaft,"Job loss due to #AI: who worries the most? Fears about the use of artificial intelligence in the #workplace vary substantially across occupations and countries, researchers led @mpib-berlin.bsky.social have found in a representative study.",2025-02-20T15:13:37.364Z,18,3,5,,,did:plc:hwttpnc2pznc4uqpwblk3c64,False,artificial intelligence job loss,2026-05-25T06:53:33.418187,loss due worry fear use workplace vary substantially across occupation country researcher led berlin bsky social found representative study,-0.624,0.075,0.198,0.727,Negative,4,4.0
at://did:plc:qdptwd2f6kul7bz3glg7jwr7/app.bsky.feed.post/3lifz5dlb4c2u,bafyreidkyrzbkexymzuvsw4dlejimkvlzpfgr2bia6pifdqfnvdni2we3u,sjelms.com,did:plc:qdptwd2f6kul7bz3glg7jwr7,Stephen Elms,"Lastly, I don’t think academics are eager to study artificial intelligence replacing advanced degree positions, as it suggests they themselves could be at risk of job loss, especially in a “publish or perish” environment.",2025-02-18T00:32:28.924Z,1,1,0,at://did:plc:qdptwd2f6kul7bz3glg7jwr7/app.bsky.feed.post/3lifyvxqizc2u,,,True,artificial intelligence job loss,2026-05-25T06:53:33.418187,lastly academic eager study replacing advanced degree position suggests risk loss especially publish perish environment,0.4939,0.185,0.107,0.707,Positive,4,
at://did:plc:5sz2cdsg4tojqewqh4vjeckg/app.bsky.feed.post/3lhtqx33gok2o,bafyreiedkkm5gp3maj5rglitciqguboxwaiweu7zp3gbqvst3bbvtgzcsi,dlingenfelter.bsky.social,did:plc:5sz2cdsg4tojqewqh4vjeckg,"David Lingenfelter, PhD","AI is revolutionizing chemistry by enabling rapid identification of novel compounds and improving manufacturing efficiency.

There's debate on whether AI will augment chemists or replace them, particularly in roles that involve repetitive tasks.
cendigitalmagazine.acs.org/2025/02/07/a...",2025-02-10T18:17:53.465Z,4,0,0,,,,False,artificial intelligence job loss,2026-05-25T06:53:33.418187,revolutionizing chemistry enabling rapid identification novel compound improving manufacturing efficiency debate whether augment chemist replace particularly role involve repetitive task cendigitalmagazine ac org,0.6808,0.192,0.051,0.758,Positive,2,
at://did:plc:j4yqy7ez6sgjzdj7f7wtwwuf/app.bsky.feed.post/3lcqxrvppwk23,bafyreians2h37jriocvbhbglylcklmpgnryozpakwutqmcxfyd63p7vneu,sdaddyday.bsky.social,did:plc:j4yqy7ez6sgjzdj7f7wtwwuf,SDaddyDay,"Everyday people are screwed three different ways.  Income inequality, artificial intelligence, and climate change.  Respectively, each means loss of political (real) power, further job automation, and higher cost of living.  Time to become the opposition.  #inequality, #opposition",2024-12-08T00:36:18.907Z,2,0,0,,,,False,artificial intelligence job loss,2026-05-25T06:53:33.418187,everyday screwed three different way income inequality climate change respectively mean loss political real power automation higher cost living time become opposition inequality opposition,-0.0,0.125,0.125,0.75,Neutral,4,
at://did:plc:ctkburuy2l26xfkwbdesyw7t/app.bsky.feed.post/3kzcucypmio2f,bafyreiesqibthio4bcmgpivrc4ilsfwjm725ilqencxjh35zljibnhzebi,torrleonard.bsky.social,did:plc:ctkburuy2l26xfkwbdesyw7t,Torr (I moved to Threads),"I'll take a robot driving my taxi over a taxi-driver any day...

""Ride-hailing and taxi drivers are among the first workers globally to face the threat of job loss from artificial intelligence as thousands of robotaxis hit Chinese streets.""

www.reuters.com/business/aut...",2024-08-09T21:10:16.337Z,1,0,1,,,,False,artificial intelligence job loss,2026-05-25T06:53:33.418187,take robot driving taxi taxi driver day ride hailing taxi driver among first worker globally face threat loss thousand robotaxis hit chinese street,-0.3818,0.068,0.124,0.808,Negative,4,
at://did:plc:v24cuuk3vpuvdpgfmmd5alus/app.bsky.feed.post/3kmvnavvhf72d,bafyreicta62ocsyzph33zgcyo5gkwhy3r4h7ovi3dgum2cy7ghtyqrfsye,themodsisyphus.bsky.social,did:plc:v24cuuk3vpuvdpgfmmd5alus,"Dheepa Sundaram, PhD (she/her)",Yeah this is straight up creepy fascist surveillance dressed up as a solution to unemployment. It also amplifies the false conservative trope that people don’t want to or don’t choose to work.,2024-03-04T21:56:54.086Z,2,0,1,,,,False,artificial intelligence job loss,2026-05-25T06:53:33.418187,yeah straight creepy fascist surveillance dressed solution unemployment amplifies false conservative trope want choose,-0.2023,0.192,0.162,0.647,Negative,4,
at://did:plc:asb3rgscdkkv636buq6blof6/app.bsky.feed.post/3kkma2q7o4t27,bafyreigjyhp6ixsh3opltlmgqrllrpvqglk46oq5nf45y3l7imu5j37f4y,rem.bsjky.team,did:plc:asb3rgscdkkv636buq6blof6,­­　­　­　the­　­­　­　­ postes,"im,, so,,, close,,,,,,,,,,",2024-02-04T17:16:27.249Z,1,0,0,,,,False,artificial intelligence job loss,2026-05-25T06:53:33.418187,close,0.0,0.0,0.0,1.0,Neutral,0,
at://did:plc:33vn452i2wgcx4k6utfz4nbd/app.bsky.feed.post/3kevfi4utl72n,bafyreihxlcmu744hea52gfoywvbycwttdzhldubhoh2uz3k5btiqnd776e,zoekatt.bsky.social,did:plc:33vn452i2wgcx4k6utfz4nbd,Zoe Katt,"Let's keep VO/VA dubbing human. There’s no room for AI in the acting industry. Protect dubbing actors and actresses from job loss due to artificial intelligence - Sign the Petition! 
chng.it/f5Sfj2Gh",2023-11-24T00:16:13.118Z,5,0,0,,,,False,artificial intelligence job loss,2026-05-25T06:53:33.418187,let keep dubbing human room acting industry protect dubbing actor actress loss due sign petition chng sfj,0.3595,0.16,0.12,0.72,Positive,2,
at://did:plc:lzzxv45o2xh6gubgi6xargn2/app.bsky.feed.post/3mmnfqgdpl22i,bafyreiehhej3ywszyuelftwuttatrjuzikwkqglctln7ksc2ztpzbweb7a,canadianhammer.bsky.social,did:plc:lzzxv45o2xh6gubgi6xargn2,Canadian Hammer 🇨🇦 🔨,"In 2018, @mark-carney.bsky.social  argued AI and mass automation could lead to mass unemployment and wage stagnation

via @the-independent.com 

www.independent.co.uk/news/uk/home...",2026-05-25T02:13:31.027Z,0,0,0,,,"did:plc:kx375dszrbvqtu7o4xxxmojn,did:plc:yc54nj2zlnqrdotewpkbrauy",False,automation unemployment,2026-05-25T06:53:33.418187,carney bsky social argued mass automation lead mass unemployment wage stagnation via independent,-0.6597,0.0,0.241,0.759,Negative,4,5.0
at://did:plc:sjiqjo33a3br4iyed7ph5oym/app.bsky.feed.post/3mmk7n7hyqj24,bafyreiez2efja43bo7kcx6pfnxuaosuchbjrf5l5rqgzwilrtohblbt6de,nospinmedia.bsky.social,did:plc:sjiqjo33a3br4iyed7ph5oym,No Spin Media,"🚨AI adoption slows hiring across U.S. sectors, especially in customer service and entry-level tech roles. May 2026 data shows job openings declining despite stable unemployment rates. #ArtificialIntelligence #LaborMarket #Automation",2026-05-23T19:46:21.398Z,0,0,0,,,,False,automation unemployment,2026-05-25T06:53:33.418187,adoption slows hiring across sector especially customer service entry level tech role may data show opening declining despite stable unemployment rate artificialintelligence labormarket automation,0.1326,0.072,0.057,0.871,Positive,4,
at://did:plc:5ad7o25gucfxlugimp2tzz25/app.bsky.feed.post/3mmju7nug622e,bafyreifof2rxgh5xh3vpe3cwjo37cqdzebn6o7njqdp6cchuhxy7oasyl4,aggyoverdrive.bsky.social,did:plc:5ad7o25gucfxlugimp2tzz25,Aggy X,"When billionaires cause skyhigh unemployment through automation and AI they will increase the state's costs in loss of tax and higher expenses to food and economic aid.

That puts every state in both situations they fear most:

Skyrocketing costs
Skyrocketing unemployment",2026-05-23T16:21:55.654Z,5,1,0,at://did:plc:5ad7o25gucfxlugimp2tzz25/app.bsky.feed.post/3mmju7nu3gc2e,aggyoverdrive.bsky.social,,True,automation unemployment,2026-05-25T06:53:33.418187,billionaire cause skyhigh unemployment automation increase state cost loss tax higher expense food economic aid put every state situation fear skyrocketing cost skyrocketing unemployment,-0.8402,0.046,0.228,0.726,Negative,4,
at://did:plc:5ad7o25gucfxlugimp2tzz25/app.bsky.feed.post/3mmju7nu3gc2e,bafyreig7tuixwvypdyztwg3y6euf2ar75ec3zzh3wuhe6cykdeuxzx57pm,aggyoverdrive.bsky.social,did:plc:5ad7o25gucfxlugimp2tzz25,Aggy X,"The first country that introduces UBI, is going to get years ahead of the race on all the others.

Because with automation and AI, it is coming anyways.

No country can pass 20-30% unemployment and not see widescale civil unrest.

Governments fear civil unrest more than they love Billionaires.",2026-05-23T16:21:55.653Z,31,3,10,,,,False,automation unemployment,2026-05-25T06:53:33.418187,first country introduces ubi year ahead race others automation coming anyways country pas unemployment see widescale civil unrest government fear civil unrest love billionaire,-0.4284,0.077,0.144,0.779,Negative,4,
at://did:plc:apswmovpsxysbtsczexkevek/app.bsky.feed.post/3mmj44bnans2b,bafyreifpnznqosnokrqnfon7wkocdbl2qjfcvmofdyjc2f3eonzi5gygxm,dhochlaf.bsky.social,did:plc:apswmovpsxysbtsczexkevek,Dean Hochlaf,Agreed but find it particularly eye rolling when this government have actively taken steps that has made youth unemployment worse and have made AI drive automation as central to their economic agenda,2026-05-23T09:10:32.380Z,0,0,0,at://did:plc:jg5o4p63fjdx7zm3dtt5s2mo/app.bsky.feed.post/3mmj3btykbk2p,,,True,automation unemployment,2026-05-25T06:53:33.418187,agreed find particularly eye rolling government actively taken step made youth unemployment worse made drive automation central economic agenda,-0.6705,0.111,0.198,0.691,Negative,4,
at://did:plc:g2tl3q3qu2or4aufwtk5gfwb/app.bsky.feed.post/3mmiuecpmfk2i,bafyreie7lsewvcgfe7v3eonrdlu25l6klsyous3h4fluhplddmciwwzdfu,shotshy.bsky.social,did:plc:g2tl3q3qu2or4aufwtk5gfwb,HailToTheKing,"I have similar thoughts. And then add mass migration caused by climate change, soil poverty in the UK, lack of investment in new medication and mass unemployment caused by automation and the above and we are fucked. Arguing about deckchairs on the titanic",2026-05-23T06:51:52.007Z,1,1,0,at://did:plc:7hlhzmwtaufzwwm3sjfuhuex/app.bsky.feed.post/3mmitsip62s2f,,,True,automation unemployment,2026-05-25T06:53:33.418187,similar thought add mass migration caused climate change soil poverty lack investment new medication mass unemployment caused automation fucked arguing deckchairs titanic,-0.9423,0.0,0.295,0.705,Negative,4,
at://did:plc:bcasqgpnkfbwemjzq5zkynae/app.bsky.feed.post/3mmh4or5khc2m,bafyreiaujtxitdcq2u4jwy5d4uzoywhjmeiol7j4xugczvl54vptpezgei,freiherrvonfahrrad.bsky.social,did:plc:bcasqgpnkfbwemjzq5zkynae,Audax Club Philadelphia,"Hey boomers! Remember in elementary/junior high we kept hearing how computers and automation were going to do our work for us, increase productivity and we’d have so much more leisure time? Productivity is up, but we’re still working 40-50hr/week. Leisure time? It’s called unemployment.",2026-05-22T14:15:33.145Z,4,0,0,at://did:plc:ddvus7otnqtlh7fdooxm6qat/app.bsky.feed.post/3mmgwc72q4k2k,,,True,automation unemployment,2026-05-25T06:53:33.418187,hey boomer remember elementary junior high kept hearing computer automation increase productivity much leisure time productivity working week leisure time called unemployment,-0.593,0.034,0.093,0.872,Negative,4,
at://did:plc:ix2f3msunwk55l5hme3q5swq/app.bsky.feed.post/3mm7ndjzuyk23,bafyreievibl7hwz2gkwjmwdevy3cdags2mdegno5vqgnkulkhonadcwpte,ash243x.bsky.social,did:plc:ix2f3msunwk55l5hme3q5swq,Alexandria ⛯,"this is all fair. fwiw my op was just speaking on the united states in reaction to racists being weird about white population. longer term, and in the case of china, population decline should actually be complementary to rapid automation of industry to offset otherwise unemployment issues.",2026-05-19T14:52:12.290Z,1,0,0,at://did:plc:ecprmkgufdqzdxsgyrvigjr6/app.bsky.feed.post/3mm7ljjm4mk2k,,,True,automation unemployment,2026-05-25T06:53:33.418187,fair fwiw speaking united state reaction racist weird white population longer term case china population decline actually complementary rapid automation industry offset otherwise unemployment issue,-0.4588,0.092,0.147,0.761,Negative,4,
at://did:plc:ni6cl7jipinqldoyowqlbrwp/app.bsky.feed.post/3mlzk7eplgu2n,bafyreigj5omur5cf5wiaqd6isnka4kxbe3hke33fvl5g6q46ehn2jkcr74,au-nb.bsky.social,did:plc:ni6cl7jipinqldoyowqlbrwp,,"If AI Causes a Mass Unemployment Crisis, Will the Public Explode Into Violence?

https://www.newsbeep.com/au/676047/

These days, the conversation around AI automation and the job market is increasingly focused on “labor displacement,” the…",2026-05-17T04:40:09+00:00,0,0,0,,,,False,automation unemployment,2026-05-25T06:53:33.418187,cause mass unemployment crisis public explode violence day conversation around automation market increasingly focused labor displacement,-0.8591,0.062,0.266,0.671,Negative,4,
at://did:plc:3lpr6a2flqqc7pban2rtglj7/app.bsky.feed.post/3mlvrhr37ls2u,bafyreifeeppiestpt34v63xgs3yzx4s3syshx6ba37fcgom7f63l5ar3de,project-cybersyn.bsky.social,did:plc:3lpr6a2flqqc7pban2rtglj7,cybersyn 🇵🇸,"The assumption driving all this datacentre build-out is that scaling laws will apply indefinitely, yet there's no scientific proof for that.

I think the real plan is to use these datacentres as an economic engine after AI bubble pops. 

Mass surveillance? Automation and mass unemployment? Both?",2026-05-15T16:39:31.474Z,0,1,0,,,,False,automation unemployment,2026-05-25T06:53:33.418187,assumption driving datacentre build scaling law apply indefinitely yet scientific proof real plan use datacentres economic engine bubble pop mass surveillance automation mass unemployment,-0.6848,0.0,0.114,0.886,Negative,4,
at://did:plc:m4aseqqn3qbqs2h4o75cbovw/app.bsky.feed.post/3mluv4lulfc2z,bafyreieba4uaiebnrxyzamyhqmhnpynonvetq3jw4o4s3xfbt2dx7armdm,voxeu.org,did:plc:m4aseqqn3qbqs2h4o75cbovw,VoxEU @ CEPR,"Coupling advances in AI with an appropriate macroeconomic policy mix is crucial to ensure that it benefits workers and leads to shared prosperity, argue @lucafornaro.bsky.social & Martin Wolf.
cepr.org/voxeu/column...
#EconSky",2026-05-15T08:12:12.144Z,4,0,3,,,did:plc:ldf3lvbhbhdg3w7ds6wphtuw,False,automation unemployment,2026-05-25T06:53:33.418187,coupling advance appropriate macroeconomic policy mix crucial ensure benefit worker lead shared prosperity argue bsky social martin wolf cepr org voxeu column econsky,0.6369,0.211,0.067,0.722,Positive,2,9.0
at://did:plc:5m6hlch5u7xh3r6ewfialf3k/app.bsky.feed.post/3mltc3ufbgc23,bafyreib4n66vjcltb5ijqrwyu4ssyzkxm3jietzrrh4t3l2tpmftp4hhea,zoblok.bsky.social,did:plc:5m6hlch5u7xh3r6ewfialf3k,Zoblok,"Every generation that predicted that the next layer of automation would cause unavoidable unemployment, ended up being wrong.",2026-05-14T16:59:06.693Z,3,1,0,at://did:plc:6wlho7psju4nxstrp5u73i3t/app.bsky.feed.post/3mltaywfbfc2x,,,True,automation unemployment,2026-05-25T06:53:33.418187,every generation predicted next layer automation cause unavoidable unemployment ended wrong,-0.7184,0.0,0.273,0.727,Negative,4,
at://did:plc:kv4xcfynbb65uh55x4hvebz6/app.bsky.feed.post/3mlselnhenk2m,bafyreifcuh2jdurxe6ues5r3othum2ztu5pzii5ggqouroggpimkhfaaay,azadar.bsky.social,did:plc:kv4xcfynbb65uh55x4hvebz6,,"AI may raise unemployment, pushing the Fed to cut rates even with inflation still high. Lower rates then help hyperscalers finance even more AI capex, accelerating automation further. The same force weakening labor could end up benefiting Big Tech the most",2026-05-14T08:11:04.039Z,0,0,0,at://did:plc:v4b5krs6zdhmnctvbn3qpply/app.bsky.feed.post/3mls7uhrpfk2l,,,True,automation unemployment,2026-05-25T06:53:33.418187,may raise unemployment pushing fed cut rate inflation high lower rate help hyperscalers finance capex accelerating automation force weakening labor end benefiting big tech,-0.7003,0.056,0.197,0.747,Negative,4,
at://did:plc:e7d6o2rs2i7ajm4p5a63wr5k/app.bsky.feed.post/3mlldwkrxv22g,bafyreihxflfg7223avsg7vo7dmvvobfqd323ve2hpv7bxhqpkksk4vh3kq,whatacunninghat.bsky.social,did:plc:e7d6o2rs2i7ajm4p5a63wr5k,WhatACunningHat,"This is what has happened every other time ""progress"" (I don't just mean automation but things like the rise of off shoring, industries becoming obsolete) has led to mass unemployment. Also it tends to not all happen at exactly the same time, which softens the impact.",2026-05-11T13:10:37.450Z,1,1,0,at://did:plc:e7d6o2rs2i7ajm4p5a63wr5k/app.bsky.feed.post/3mlldwju3tc2g,,,True,automation unemployment,2026-05-25T06:53:33.418187,happened every time progress mean automation thing rise shoring industry becoming obsolete led mass unemployment tends happen exactly time softens impact,-0.3612,0.096,0.124,0.781,Negative,4,
at://did:plc:rvxsw2jtyf5kvoevlj6l22vk/app.bsky.feed.post/3mlj332gmsk2r,bafyreicrmxuoely63agqgjh4t66uufshqfgaqow5zk4vh32a3mzstw7ste,adaloveslace.bsky.social,did:plc:rvxsw2jtyf5kvoevlj6l22vk,Ada Loves Lace,"As I said earlier too, we need to create a well paid care sector. Unemployment will rise because of automation over coming decades. There will be people who will need work.",2026-05-10T15:26:45.899Z,0,2,0,at://did:plc:jcf3b4sao5thopcxdhmhpgjk/app.bsky.feed.post/3mlj2rx7yjc2t,,,True,automation unemployment,2026-05-25T06:53:33.418187,earlier need create paid care sector unemployment rise automation coming decade need,0.5423,0.198,0.078,0.724,Positive,4,
at://did:plc:weypikbrwodr2fsanloqjx6s/app.bsky.feed.post/3mlixzr6k422p,bafyreig5ijjyzynh7fswcnqt3lxlxdffeli7jcqnf2f55v4tqlreslh6vm,scottsantens.com,did:plc:weypikbrwodr2fsanloqjx6s,Scott Santens,"Today is the day that mothers are thanked for their vital work, without ever formally recognizing their vital work. Don't just thank your mother today. Fight to formally recognize the unpaid work of all mothers. UBI has always been necessary.

Happy Mother's Day! ❤️ 

newmatilda.com/2017/02/23/m...",2026-05-10T14:32:21.401Z,84,2,40,,,,False,automation unemployment,2026-05-25T06:53:33.418187,today day mother thanked vital without ever formally recognizing vital thank mother today fight formally recognize unpaid mother ubi always necessary happy mother day newmatilda,0.7637,0.202,0.084,0.714,Positive,1,
at://did:plc:3edarvd4wkztu3fckusjf2lt/app.bsky.feed.post/3mlawc3vmqs2i,bafyreighhm2yxfhrjo47j4v24t6mblqs7dqjsb5eljcidtzfxqtctowx6i,leibniz-ios.de,did:plc:3edarvd4wkztu3fckusjf2lt,Leibniz-Institut für Ost- & Südosteuropaforschung,"How is #automation changing labor markets in Central & Eastern Europe? Magdalena Knapińska (Poznań) examines the effects of robotization & AI on labor supply, demand, wages & unemployment. More in our next economics talk.
📅 12 May | 16:00 CET | Hybrid
➡️ leibniz-ios.de/en/events/de...",2026-05-07T09:39:55.677Z,0,0,0,,,,False,automation unemployment,2026-05-25T06:53:33.418187,automation changing labor market central eastern europe magdalena knapi ska pozna examines effect robotization labor supply demand wage unemployment next economics talk may cet hybrid leibniz io event,-0.5267,0.0,0.093,0.907,Negative,4,
at://did:plc:q6uk3iqccvmkt67migrfvkrk/app.bsky.feed.post/3ml4qio3dss2u,bafyreia6726lqapt6yumqpln76vlsxhx63lfmxo76yq7lypakaicubgfoq,its-ya-boi-a-aron.bsky.social,did:plc:q6uk3iqccvmkt67migrfvkrk,Aaron J,"For me, personally, I’d been yelling from the mountaintops for years about automation and unemployment long before hearing about AI + LLMs and always got told “but it’ll create new jobs” so…I’m unhappily glad more people care about this now.",2026-05-05T17:45:34.688Z,1,0,0,at://did:plc:2c4hmyxdfk4aky3jeoulhog5/app.bsky.feed.post/3ml4ccsuidc2e,,,True,automation unemployment,2026-05-25T06:53:33.418187,personally yelling mountaintops year automation unemployment long hearing llm always got told create new unhappily glad care,0.4173,0.174,0.117,0.709,Positive,4,
at://did:plc:2fh4oyipqyr3ib5tcjx7zbmn/app.bsky.feed.post/3mkzhicxdqk2o,bafyreihqnmkahq5qvcm75tlluayfevsqr5pbacpe7ee4sc2gwgv5tafkii,mayankk1.bsky.social,did:plc:2fh4oyipqyr3ib5tcjx7zbmn,,"With the unemployment rate at its highest in the last 70 yrs, recruiters everywhere are overwhelmed.
The solution is: Recruiting Automation Software.
Join us at Evalground! evalground.com?openDemoForm...

youtu.be/slA0pS_Ek_U",2026-05-04T10:26:20.128Z,0,0,0,,,,False,automation unemployment,2026-05-25T06:53:33.418187,unemployment rate highest last yr recruiter everywhere overwhelmed solution recruiting automation software join evalground evalground opendemoform youtu sla,0.2714,0.182,0.088,0.73,Positive,4,
at://did:plc:xyqnynd6bythqmfx32jhqioc/app.bsky.feed.post/3mkxk6dgxdk26,bafyreifgz52qf7qobnlxjilp7wfv3skyijeqi6vieik6leejspzi5hed5m,slewsky.bsky.social,did:plc:xyqnynd6bythqmfx32jhqioc,CritterLife 🇺🇸🏳️‍🌈🐈‍⬛🇨🇦🇺🇦,"Unemployment for the sake of automation is what the data centers are about now.

The water is coming from our drinking water sources.
We are already have higher utility bills here in Ohio.

They put them in without letting the public know about the environmental impact.",2026-05-03T16:09:06.846Z,1,1,0,at://did:plc:7rnt7zleovulnq5c6ih2whfz/app.bsky.feed.post/3mkxjjf633c2h,,,True,automation unemployment,2026-05-25T06:53:33.418187,unemployment sake automation data center water coming drinking water source higher utility bill ohio put without letting public environmental impact,-0.4404,0.0,0.061,0.939,Negative,2,
at://did:plc:tcyinoevwsnfdd6zkz2oxnxp/app.bsky.feed.post/3mkskpcokl22i,bafyreibj2kx5bf6l7a5l7ulq3ycvl2e3j6nccie4fj5io5nyimptqfqffq,porteous.bsky.social,did:plc:tcyinoevwsnfdd6zkz2oxnxp,Bleating goat,Look we don’t disagree on that. Maybe we move to much higher minimum wage but there’ll be a shock to the economy and lots more unemployment and automation. In long run it may be a good thing. I think  a jump to £15ph now without help for small business and better training for young people’ll be bad,2026-05-01T16:35:17.781Z,0,1,0,at://did:plc:v2k3gsj6zz6uwlpihjjc7buw/app.bsky.feed.post/3mkskhmxv422n,,,True,automation unemployment,2026-05-25T06:53:33.418187,look disagree maybe move much higher minimum wage shock economy lot unemployment automation long run may good thing jump without help small business better training young bad,-0.8565,0.103,0.229,0.668,Negative,4,
at://did:plc:tcyinoevwsnfdd6zkz2oxnxp/app.bsky.feed.post/3mkrum32u5s2x,bafyreif6lgoq4cvehyttd7q4y6v7l6hjlewshmgevjuhtz4oglqvbtkaqi,porteous.bsky.social,did:plc:tcyinoevwsnfdd6zkz2oxnxp,Bleating goat,"Ken, it’s our economic model - flexible low wage labour force, low unemployment. Like America. Compared to Western Europe - higher automation less flexible employment. Why we attract more immigration as well. I’m not against a change necessarily. But be prepared for a lot more unemployment for young",2026-05-01T09:59:46.812Z,0,1,0,at://did:plc:wt22v4qz2j4qyxvx6sg4brci/app.bsky.feed.post/3mkru37mfps2a,,,True,automation unemployment,2026-05-25T06:53:33.418187,ken economic model flexible low wage labour force low unemployment america compared western europe higher automation less flexible employment attract immigration change necessarily prepared lot unemployment young,-0.2626,0.178,0.162,0.659,Negative,4,
at://did:plc:tcyinoevwsnfdd6zkz2oxnxp/app.bsky.feed.post/3mkrt6tgyus2x,bafyreif3siltc3oe7dt5i4z66regzlxgl6khd77vxlrttudcufx2d5mkiq,porteous.bsky.social,did:plc:tcyinoevwsnfdd6zkz2oxnxp,Bleating goat,I don’t think that. I just think that raising it to £15ph right now will lead to small business failures and more unemployment. Big businesses will just increase automation. There aren’t many jobs out there right now for young people.,2026-05-01T09:34:28.871Z,0,0,0,at://did:plc:dubiqxl2guvhft3ynrkjei5q/app.bsky.feed.post/3mkrqvi7nfk2a,,,True,automation unemployment,2026-05-25T06:53:33.418187,raising right lead small business failure unemployment big business increase automation many right young,-0.5984,0.051,0.136,0.813,Negative,4,
at://did:plc:p7yveenzmj5rrb67ypwrg4wk/app.bsky.feed.post/3mko6vji67k2b,bafyreicfbm7oam2vtmt2sg57lzmrrlx2oo4xvegcp227g3naglbj5lzrha,d8771.bsky.social,did:plc:p7yveenzmj5rrb67ypwrg4wk,D8771,"I dred that the Fed will soon be a part of the Exec Branch of the Federal government. This will bring Argentine levels of inflation and even more unemployment and corporate bosses looking to cut their losses like AI, more automation, and renewed outsourcing. Thanks to Trump's economic ineptitude.",2026-04-29T22:53:22.365Z,0,0,0,at://did:plc:p7yveenzmj5rrb67ypwrg4wk/app.bsky.feed.post/3mko6vji5ac2b,,,True,automation unemployment,2026-05-25T06:53:33.418187,dred fed soon part exec branch federal government bring argentine level inflation unemployment corporate boss looking cut loss automation renewed outsourcing thanks trump economic ineptitude,-0.3804,0.094,0.139,0.767,Negative,4,
at://did:plc:4vu6dgqttwqq56xij64lzgj3/app.bsky.feed.post/3mko3ucf2k22j,bafyreiboo5jahz5pemvnxwwwwkd3zfegfr7hplxklmuwhs7wr6k2eovxtu,rooklafetra.bsky.social,did:plc:4vu6dgqttwqq56xij64lzgj3,Rook Lafetra,"There are genuinely wonderful things that could improve everyone's lives through better automation and machine learning.

But these assholes would rather pursue the most nihilistic routes possible and taunt people with visions of unemployment.",2026-04-29T21:59:00.160Z,19,3,7,,,,False,automation unemployment,2026-05-25T06:53:33.418187,genuinely wonderful thing improve everyone life better automation machine learning asshole rather pursue nihilistic route possible taunt vision unemployment,-0.5346,0.188,0.198,0.613,Negative,4,
at://did:plc:pu4zyzslkkspje3ki5qzci2l/app.bsky.feed.post/3mkna5pjqn22l,bafyreigckiw35xe6vttxncksfsjxt7surb5e5d4dgowmi23kn4jjsn2yiy,daveon.bsky.social,did:plc:pu4zyzslkkspje3ki5qzci2l,DaveO,"It’s was 1980-something and I was doing my O level economics. I opined to Mr Evans our teacher that due to computing and automation we were in an era of mass unemployment that could not be fixed.

He pointed out that no technology thus far had done that. After adjustment new roles filled niches.",2026-04-29T13:43:11.164Z,13,2,4,,,,False,automation unemployment,2026-05-25T06:53:33.418187,something level economics opined evans teacher due computing automation era mass unemployment fixed pointed technology thus far done adjustment new role filled niche,-0.6249,0.0,0.089,0.911,Negative,4,
at://did:plc:2kfemzpsbyfpzkp4op6dopoj/app.bsky.feed.post/3mklfu2ftg22y,bafyreigcglhl2clnqz32nu3n7tuu57kg5manu24yqzxflaykevmzsdfw3u,epicciuto.bsky.social,did:plc:2kfemzpsbyfpzkp4op6dopoj,Elizabeth Picciuto,"From what I understand, unemployment will skyrocket due to automation while also civilization will collapse because there are too few young people working to support the old people.",2026-04-28T20:19:50.000Z,46,5,6,,,,False,automation unemployment,2026-05-25T06:53:33.418187,understand unemployment skyrocket due automation civilization collapse young working support old,-0.5267,0.08,0.18,0.74,Negative,4,
at://did:plc:vjwrjqcxpw2jjf3ql4wxrxvh/app.bsky.feed.post/3mki5mj4nxs2h,bafyreicxuird62htvb52tlmyw63z7dmighniwqxsgb6y7tg5yxt7qbbkf4,williamstlucia.bsky.social,did:plc:vjwrjqcxpw2jjf3ql4wxrxvh,WILLIAM STLUCIA😎,"Well, one thing for sure, automation equals longer unemployment lines🤔",2026-04-27T13:14:27.844Z,0,1,0,at://did:plc:6qsr3ebzrptzaycswv63nnh4/app.bsky.feed.post/3mkhuxgglaj2c,,,True,automation unemployment,2026-05-25T06:53:33.418187,thing sure automation equal longer unemployment line,0.128,0.27,0.178,0.552,Positive,4,
at://did:plc:hjz6lzdvmkpwk2o3keckfjhn/app.bsky.feed.post/3mkhphpxy5b2x,bafyreigck34uknfrw34bm6vhyuoxs5su2r54hfwcanunoynpuqttyvkyvy,crowdbyte.bsky.social,did:plc:hjz6lzdvmkpwk2o3keckfjhn,Crowdbyte,800K tech jobs cut since 2022. Companies spend 70x more on AI infrastructure than severance. The kicker: only 27% of layoffs are tied to proven automation — the rest are vibes-based. https://crowdbyte.ai/topics/tech-industry-cuts-400000-jobs-while-sharply-increasing-ai-investment,2026-04-27T09:01:14.758202+00:00,1,0,0,,,,False,automation unemployment,2026-05-25T06:53:33.418187,tech cut since company spend infrastructure severance kicker layoff tied proven automation rest vibe based,-0.2732,0.0,0.063,0.937,Negative,4,
at://did:plc:ilaifxs5otfyijdobjwprl2k/app.bsky.feed.post/3mkfweuy7gs2o,bafyreiew4lmf2im4tdcjsnhmu3yan2jcuiiz2ougsofcbfdjpqo7osn2gi,rcdavies.bsky.social,did:plc:ilaifxs5otfyijdobjwprl2k,Rhys Davies,"But we have near full employment in any meaningful sense (single digit unemployment, far higher than countries with low levels of mechanisation or automation.).",2026-04-26T15:59:36.176Z,0,1,0,at://did:plc:3vmzwjc6tmhf7tb75563llju/app.bsky.feed.post/3mkfvj6qric2j,,,True,automation unemployment,2026-05-25T06:53:33.418187,near full employment meaningful sense single digit unemployment far higher country low level mechanisation automation,-0.5499,0.097,0.213,0.69,Negative,4,
at://did:plc:ilaifxs5otfyijdobjwprl2k/app.bsky.feed.post/3mkfhtjhaok2k,bafyreiap4fzeqmchwhhhg6v23sjl5bwwvshdquznsbscqbrplwoqhm7ohe,rcdavies.bsky.social,did:plc:ilaifxs5otfyijdobjwprl2k,Rhys Davies,"Instead, those workers moved to new industries that were not critical to our basic needs i.e tertiary jobs (loke education, entertainment, tourism etc...)

It will be no different with automation. The transition will be difficult, but there will be no permanent unemployment.",2026-04-26T11:39:21.089Z,0,1,0,at://did:plc:ilaifxs5otfyijdobjwprl2k/app.bsky.feed.post/3mkfhtjbrus2k,,,True,automation unemployment,2026-05-25T06:53:33.418187,instead worker moved new industry critical basic need tertiary loke education entertainment tourism etc different automation transition difficult permanent unemployment,0.0875,0.133,0.126,0.74,Positive,4,
at://did:plc:26hkfmtr7jrchexamh7hk6rz/app.bsky.feed.post/3mkdbnfgkrs2f,bafyreietg5r7omkhl3bqw42es5hz5s24u7urpy2ywivpxk57m5w4ue35j4,abeba.blacksky.app,did:plc:26hkfmtr7jrchexamh7hk6rz,Dr Abeba Birhane,"been thinking a lot about this 1972 Weizenbaum paper a lot lately, especially when i hear people say things like access to llms reduce inequality by leveling the playing field, solve the mental health crisis & the loneliness pandemic, etc, all of which are problems rooted in very technology itself",2026-04-25T14:43:13.797Z,218,8,72,,,,False,automation unemployment,2026-05-25T06:53:33.418187,thinking lot weizenbaum paper lot lately especially hear thing access llm reduce inequality leveling playing field solve mental health crisis loneliness pandemic etc problem rooted technology,-0.6705,0.102,0.161,0.737,Negative,4,
at://did:plc:2mm7nylh3vvrhkznnecw6epc/app.bsky.feed.post/3mka536ysxs2t,bafyreiebj5hsloasa7rftyux5nlbpa3s4g5nn2henxw4jyodkw5nsz5nai,littleocky.bsky.social,did:plc:2mm7nylh3vvrhkznnecw6epc,Rev Peter O'Connell,"Automation and AI were supposed to give us all a 2 day week and a reasonable income.  Instead a few will get incredibly rich while vast numbers will be driven into poverty by unemployment.

Is this the dystopian future too many of us face?

www.bbc.co.uk/news/article...",2026-04-24T08:43:28.899Z,0,0,0,,,,False,automation unemployment,2026-05-25T06:53:33.418187,automation supposed give day week reasonable income instead incredibly rich vast number driven poverty unemployment dystopian future many face,-0.3197,0.075,0.119,0.806,Negative,4,
at://did:plc:gwaqbaa6zasuramv6ftph7kl/app.bsky.feed.post/3mk6hc6phms2a,bafyreib4tx4zcynhzkwlv26euhqwo3xlby5ivzvlkdyriyfe2fzt5llhgq,unfitforpurpose.net,did:plc:gwaqbaa6zasuramv6ftph7kl,Unfitforpurpose,"It'd also imply a level of forward thinking among these organisations that seems ridiculous when you look at how they move.

Automation leading to mass unemployment seems like the actual problem. Lot of people in the world getting buy as rose share drivers. Never mind trucking.",2026-04-23T16:41:01.416Z,0,0,0,at://did:plc:yn75hmwkitdshnylue6d3grk/app.bsky.feed.post/3mk6gsdbyyk2s,,,True,automation unemployment,2026-05-25T06:53:33.418187,imply level forward thinking among organisation seems ridiculous look move automation leading mass unemployment seems actual problem lot world getting buy rose share driver never mind trucking,-0.5267,0.087,0.151,0.762,Negative,4,
at://did:plc:syucomcf6jda7w66foktdssg/app.bsky.feed.post/3mk6exlkcis26,bafyreids2knzpruvafdk5z53vgis4zfcqzcw45ttfm6ktxnmm2lgg2fcsu,runningsignal.com,did:plc:syucomcf6jda7w66foktdssg,Beau,"We often focus on youth/grad unemployment related to automation but my hunch is it’s a sandwich. 

LFPR is higher for 55-64 group but they also stay unemployed longer. Especially in the Finance, Management and Business roles where this experience gravitates.",2026-04-23T15:59:18.295Z,2,0,0,,,,False,automation unemployment,2026-05-25T06:53:33.418187,often focus youth grad unemployment related automation hunch sandwich lfpr higher group stay unemployed longer especially finance management business role experience gravitates,-0.2382,0.0,0.048,0.952,Negative,4,
at://did:plc:q647pbk5v6fedz556r4i6spw/app.bsky.feed.post/3mjxakrza322h,bafyreiaihxv4evj4b7reo6qeizhrfmaphbkly6evutbzt5p2bekdlka4ji,useyourwords2.bsky.social,did:plc:q647pbk5v6fedz556r4i6spw,Whatever,"Disability y unemployment are a start but we need to recognize and create fully supported life for everyone. 

We are exiting the employment age and entering the automation age

We are exiting the age of work and entering the age of rest

On the seventh day he rested",2026-04-20T19:51:55.715Z,0,0,0,at://did:plc:q647pbk5v6fedz556r4i6spw/app.bsky.feed.post/3mjxakryue22h,,,True,automation unemployment,2026-05-25T06:53:33.418187,disability unemployment start need recognize create fully supported life everyone exiting employment age entering automation age exiting age entering age rest seventh day rested,0.6236,0.114,0.037,0.849,Positive,4,
at://did:plc:h5scqqpggguw6wbqcnaqgyie/app.bsky.feed.post/3mjwkdv7sh223,bafyreid5f7wnz4p3pitejcd77pdkt5fko3p3yztd7oi2tmhj3wf6fyicsu,brokentoys.social,did:plc:h5scqqpggguw6wbqcnaqgyie,Lum,"I agree. The coming automation/roboticization of the workforce is going to be *incredibly* disruptive, and will result in revolutions if not handled with far more foresight than any of our national leaders have displayed to date.

25-30% unemployment in America is Great Depression levels.",2026-04-20T13:14:21.892Z,19,3,5,,,,False,automation unemployment,2026-05-25T06:53:33.418187,agree coming automation roboticization workforce incredibly disruptive result revolution handled far foresight national leader displayed date unemployment america great depression level,-0.3804,0.12,0.168,0.712,Negative,4,
at://did:plc:5kxjcdbevw5whp5olqxwjdho/app.bsky.feed.post/3mjvf24czqk2t,bafyreifhse26t32xlwvzub552dbbb3fynfvus3svsrhycgid7jkyxrasg4,em.ily.dev,did:plc:5kxjcdbevw5whp5olqxwjdho,emily🤭,"automation is gonna put so many people out of work

it needs to be *ok* to be out of work

it needs to be normal

also the goal should not be 100% employment the goal should be 100% unemployment

free humans from the burden of labor",2026-04-20T02:06:45.347Z,8,1,1,,,,False,automation unemployment,2026-05-25T06:53:33.418187,automation gon put many need need normal goal employment goal unemployment free human burden labor,-0.3612,0.063,0.111,0.825,Negative,4,
at://did:plc:oekuemrlxd74lt32e3ogpe65/app.bsky.feed.post/3mjrvrqzo6s2m,bafyreiawahkf5kxf2ifa7ktybgc3x6y2bw3lajqbm4tw76p32kbcvxgrdy,kylenne.etheirys.social,did:plc:oekuemrlxd74lt32e3ogpe65,Aurora Thee Elezen,"I’m sure they’ll be satisfied up until they inevitably get cut for cost. Plenty of ppl in software dev praised automation the same way and are now collecting unemployment. automation “tools” are never about making people’s jobs easier, they are always about eventually eliminating the need for people",2026-04-18T16:55:39.728Z,0,1,0,at://did:plc:idbdgi42dqporyfsd5vswn7s/app.bsky.feed.post/3mjruzztnyc2l,,,True,automation unemployment,2026-05-25T06:53:33.418187,sure satisfied inevitably cut cost plenty ppl software dev praised automation way collecting unemployment automation tool never making easier always eventually eliminating need,0.7269,0.191,0.086,0.723,Positive,4,
at://did:plc:aqqtasj6bw6ctp4o7vq2tpnq/app.bsky.feed.post/3mjpnm7g5hk27,bafyreif2titmn5kw2wvn65ihopnhz6fcrrc2ffzr5ebdmbzw6nnpmtiu4y,videotroph.bsky.social,did:plc:aqqtasj6bw6ctp4o7vq2tpnq,Scott Ferguson,Inevitable automation meets the terrors of unemployment: the Toy Story franchise is back.,2026-04-17T19:24:04.078Z,0,0,0,,,,False,automation unemployment,2026-05-25T06:53:33.418187,inevitable automation meet terror unemployment toy story franchise back,-0.7579,0.0,0.371,0.629,Negative,4,
at://did:plc:oujplxolbypyfmywaary3a7n/app.bsky.feed.post/3mjpjn2e2sk2e,bafyreidikziegkico2mtqkiwiskde2p4h3q4esriq7nwwtu2ptygjfxhzu,speakfreely55.bsky.social,did:plc:oujplxolbypyfmywaary3a7n,SpeakFreely55,UBI funded by taxing Automation and AI has to be one of the solutions of unemployment.,2026-04-17T18:12:57.355Z,1,0,1,at://did:plc:y3cfhqre6iuilnhwp23fgl2v/app.bsky.feed.post/3mjpdkjbr6c2s,,,True,automation unemployment,2026-05-25T06:53:33.418187,ubi funded taxing automation solution unemployment,-0.296,0.091,0.156,0.753,Negative,4,
at://did:plc:xtg6uhgsy2j7k2a6qtcood2w/app.bsky.feed.post/3mjpakbaqzk24,bafyreidie26rftyadvy6bv4db7tdubjvk5vcfz3vgpnmu6tlwphhma6b5m,karlbode.com,did:plc:xtg6uhgsy2j7k2a6qtcood2w,Karl Bode,"spoiler: none of these opportunistic extraction class weirdos support universal basic income, equitable tax reform, or any other functional counterbalance to the rise of automation because they are liars who only tell people what they want to hear

hope this clarifies things",2026-04-17T15:30:20.247Z,231,8,62,at://did:plc:xtg6uhgsy2j7k2a6qtcood2w/app.bsky.feed.post/3mjpaesrrqs24,,,True,automation unemployment,2026-05-25T06:53:33.418187,spoiler none opportunistic extraction class weirdo support universal basic income equitable tax reform functional counterbalance rise automation liar tell want hear hope clarifies thing,0.3816,0.2,0.109,0.692,Positive,4,
at://did:plc:ovvxxktnggqglkkwfxdpscf2/app.bsky.feed.post/3mjcvnupmts2k,bafyreighmf2shdvgb72aeatnu2nd3q5efxv5trodoyye6afuzo4vhbudpy,besttrousers.bsky.social,did:plc:ovvxxktnggqglkkwfxdpscf2,Matt Darling,"""Currently, measures of exposure, automation, and augmentation show no sign of being related to changes in employment or unemployment.""

This is not compatible with several industries being annihilated by AI.",2026-04-12T17:43:33.300Z,2,0,0,at://did:plc:ovvxxktnggqglkkwfxdpscf2/app.bsky.feed.post/3mjcvmktst22k,,,True,automation unemployment,2026-05-25T06:53:33.418187,currently measure exposure automation augmentation show sign related change employment unemployment compatible several industry annihilated,-0.6249,0.0,0.154,0.846,Negative,4,
at://did:plc:qomkdnxrqw3gkbytdxea5z65/app.bsky.feed.post/3mj6fvmej6s2b,bafyreie4g5vsyf2tpmldzexwydznb5pkrkw53ef5m6amkoom6l7s62wgce,druce.ai,did:plc:qomkdnxrqw3gkbytdxea5z65,SkynetAndChill.com,"Mo Gawdat says three 2020 AI predictions have come true and warns automation could cause up to 50% unemployment in some sectors, citing AI's inevitability, superiority at many tasks and embedding in everyday services.",2026-04-10T22:50:54.160Z,2,0,1,,,,False,automation unemployment,2026-05-25T06:53:33.418187,gawdat say three prediction come true warns automation cause unemployment sector citing inevitability superiority many task embedding everyday service,0.2263,0.132,0.109,0.759,Positive,4,
at://did:plc:xaxcg6vk57p462djtgd6rlbf/app.bsky.feed.post/3mj2vrar7ek2o,bafyreidibsq4jf4jgzuvx7dnfesohq7snjjwh2o7ragy6jhpl3yzftvecm,girlpython.bsky.social,did:plc:xaxcg6vk57p462djtgd6rlbf,roko’s modern basilisk,to say nothing about how unemployment is prob gonna go up in the next decade or three from automation or how our enemies constantly relitigating the 20th century and i think there’s a lot of openings for things that aren’t shit to happen,2026-04-09T13:24:08.690Z,4,2,0,at://did:plc:xaxcg6vk57p462djtgd6rlbf/app.bsky.feed.post/3mj2vofa4vk2o,,,True,automation unemployment,2026-05-25T06:53:33.418187,nothing unemployment prob gon next decade three automation enemy constantly relitigating century lot opening thing shit happen,-0.6591,0.049,0.138,0.813,Negative,4,
at://did:plc:jmhscbbqqnynpki3zvnvginp/app.bsky.feed.post/3miyfska66k2i,bafyreieg5xdib6lhewagntijjgcltaqnu6w6t3kdqwr5i52b74puznfa6q,vikrambath.bsky.social,did:plc:jmhscbbqqnynpki3zvnvginp,Vikram Bath,"The history of automation job dislocations shows:

1. Sustained mass unemployment at a population level basically doesn’t happen

2. Some other new or old industries will fill the void and employ people

3. The specific people dislocated often never get back what they lost",2026-04-08T13:33:12.825Z,9,0,2,,,,False,automation unemployment,2026-05-25T06:53:33.418187,history automation dislocation show sustained mass unemployment population level basically happen new old industry fill void employ specific dislocated often never back lost,-0.6369,0.0,0.11,0.89,Negative,4,
at://did:plc:h6k6zoq5l2uqncwlv677s3y7/app.bsky.feed.post/3mijkmdj5ct2d,bafyreiaugshcb6jcdgyv7sdr4ftujvnp3llosfq2fajfbfkrwmzctgcy2m,stocktonsmith.bsky.social,did:plc:h6k6zoq5l2uqncwlv677s3y7,Stockton Smith,"Here are some stats about how tech workers are more unemployed than people in the humanities to make you feel good. I couldn't help smirking at the author's failed attempt to outsource thinking and being creative to an LLM. But then again, what was this article trying to say? AI good at bad writing?",2026-04-02T15:49:09.154Z,4,1,0,at://did:plc:h6k6zoq5l2uqncwlv677s3y7/app.bsky.feed.post/3mijkmdj2f32d,,,True,automation unemployment,2026-05-25T06:53:33.418187,stats tech worker unemployed humanity feel good help smirking author failed attempt outsource thinking creative llm article trying good bad writing,-0.2821,0.12,0.138,0.743,Negative,4,
at://did:plc:qfrgryt62bvacoiedp3oqqni/app.bsky.feed.post/3miegq27u222n,bafyreif4xnrgz5vaycm7jasmz22bg4iztg3snpqo56y6ij6ab6qa6qry5y,tubazef.com,did:plc:qfrgryt62bvacoiedp3oqqni,Tuba Zef 🐟fishpersonshooter.com🐟,"Techbros haven't realized yet that when they read the term ""AI"" they think of robots, progress, automation and profits. But when we read ""AI"" we think of slop, climate change, unemployment and rising costs of PC parts

Then they get confused about people's angry reaction toward their new AI products",2026-03-31T14:56:27.904Z,88,5,17,,,,False,automation unemployment,2026-05-25T06:53:33.418187,techbros realized yet read term robot progress automation profit read slop climate change unemployment rising cost part confused angry reaction toward new product,-0.8555,0.064,0.187,0.749,Negative,4,
at://did:plc:m3m4uxx2yzrbgpgneem6qeqh/app.bsky.feed.post/3miechwson22u,bafyreia6idlr5dxkvbpem3pnt2zts2wzseczywrlwrdsbp6whxxicllixe,elikahn.bsky.social,did:plc:m3m4uxx2yzrbgpgneem6qeqh,Eli Kahn 🏳️‍🌈,"I think technological progress does affect not the unemployment rate but the politically significant experience of unemployment, not due to automation destroying jobs but rather due to communication tech multiplying the number of applications viewed by a hiring manager",2026-03-31T13:40:20.924Z,2,1,0,at://did:plc:brnnpb6x3pdapjeqqs275gbd/app.bsky.feed.post/3miebd4pnil27,,,True,automation unemployment,2026-05-25T06:53:33.418187,technological progress affect unemployment rate politically significant experience unemployment due automation destroying rather due communication tech multiplying number application viewed hiring manager,-0.6702,0.148,0.179,0.673,Negative,4,
at://did:plc:gogh23uqlhjqrdc4nvaggn2o/app.bsky.feed.post/3mie4y4iizk2l,bafyreihckjozklscwrfuomfkgijyutob2odszmmag6xnnvm5rz2exx54j4,arismolen.bsky.social,did:plc:gogh23uqlhjqrdc4nvaggn2o,AriSmol (He/Him),"Employees are plagued by the prospect of unemployment and the consequences of an ever-increasing automation.
Realizing that fear drains a man’s energy and depletes his resources, Emerson wrote, ‘He has not learned the lesson of life who does not every day surmount a fear.’”—MLK (Antidotes For Fear)",2026-03-31T12:02:01.287Z,1,1,0,at://did:plc:gogh23uqlhjqrdc4nvaggn2o/app.bsky.feed.post/3mie4y4hzfk2l,,,True,automation unemployment,2026-05-25T06:53:33.418187,employee plagued prospect unemployment consequence ever increasing automation realizing fear drain man energy depletes resource emerson wrote learned lesson life every day surmount fear mlk antidote fear,-0.7184,0.077,0.167,0.755,Negative,2,
at://did:plc:lrbprpdpkv6prjqqtd3qumrd/app.bsky.feed.post/3micnuspcdu26,bafyreib2rjtgzlkns5j3ogrmkxuz3kvpilhvnr3wa4tyld4merz4dd62li,koltregaskes.bsky.social,did:plc:lrbprpdpkv6prjqqtd3qumrd,Kol Tregaskes,"London youth unemployment rate reaches 25 per cent for 16-24 year-olds, the highest in the UK, with graduate vacancies falling from around 13,000 in 2019 to just over 2,000 at the start of 2026 as the Bloomberg article cites AI automation of entry-level roles and higher employer payroll taxes plus",2026-03-30T21:59:04.458850Z,0,1,0,,,,False,automation unemployment,2026-05-25T06:53:33.418187,london youth unemployment rate reach per cent year old highest graduate vacancy falling around start bloomberg article cite automation entry level role higher employer payroll tax plus,-0.5106,0.023,0.085,0.892,Negative,4,
at://did:plc:msve5lvhkeivfe36c6txgqvz/app.bsky.feed.post/3mi72pmrl7s2w,bafyreid2driwj5zh4otku67ooh752bsdivd4ygcbctdovfntwo72hs2wx4,molossus-spondee.bsky.social,did:plc:msve5lvhkeivfe36c6txgqvz,Molossus Spondee,"Really my issues aren't so different from general capitalism.

Being vulnerable, studying hard to get a good job, struggling with issues, getting a dubious job below what I dreamed of, burning out, getting laid off due to crisis, reading Marx during unemployment, automation taking my job anyway.",2026-03-29T11:38:10.211Z,0,1,0,,,,False,automation unemployment,2026-05-25T06:53:33.418187,issue different general capitalism vulnerable studying hard good struggling issue getting dubious dreamed burning getting laid due crisis reading marx unemployment automation taking anyway,-0.8934,0.05,0.267,0.684,Negative,4,
at://did:plc:hjz6lzdvmkpwk2o3keckfjhn/app.bsky.feed.post/3mi6rvt5m3a2z,bafyreihghcpq6eapkmiw6tv7cfa4kmng2bhpe7y4amb5jvh7s3bf7ikcqa,crowdbyte.bsky.social,did:plc:hjz6lzdvmkpwk2o3keckfjhn,Crowdbyte,"158.5 million jobs. 4.4% unemployment. 300 million roles globally in AI's crosshairs. The numbers don't add up to ""everything will be fine."" We broke down what the data actually says. https://crowdbyte.ai/topics/ai-automation-future-of-jobs",2026-03-29T09:00:34.437751+00:00,0,0,0,,,,False,automation unemployment,2026-05-25T06:53:33.418187,million unemployment million role globally crosshairs number add everything fine broke data actually say,-0.5994,0.051,0.161,0.789,Negative,2,
at://did:plc:r4yut7j35n2yiwreh4wyjjr6/app.bsky.feed.post/3mi4xah7ojs2d,bafyreieejrqy5vjenymhb2v76kdrlvmjuhp3aq3zfsxldohn5gprv6xi4q,deadlaboursyn.bsky.social,did:plc:r4yut7j35n2yiwreh4wyjjr6,Dead Labour Syndicate,"Unemployment recipients commit suicide at close to 3x the rate of the wider Australian population. The illegal automation of abusive systems, as evidenced by the robodebt scandal and the target compliance framework debacle. Make more efficient the mechanisms of abuse and harassment.",2026-03-28T15:30:40.355Z,1,1,0,,,,False,automation unemployment,2026-05-25T06:53:33.418187,unemployment recipient commit suicide close rate wider australian population illegal automation abusive system evidenced robodebt scandal target compliance framework debacle efficient mechanism abuse harassment,-0.9702,0.083,0.403,0.515,Negative,2,
at://did:plc:jjbsxatjvw35joagnd6ythxg/app.bsky.feed.post/3mi4b37ux3s23,bafyreifj5jya3bvz4ffflgkuilz247hugqtuyjqsngsqsshnlc5bzycjrm,t0nyyates.bsky.social,did:plc:jjbsxatjvw35joagnd6ythxg,Tony Yates,Not permanently there hasn’t.  As I said some work is displaced (and not just by automation but all the time) but ultimately replaced by new work.  Partly why we have unemployment benefit.,2026-03-28T08:54:02.580Z,0,1,0,at://did:plc:t3ivievh76mg6wnn4ozmur2m/app.bsky.feed.post/3mi4avkgekc2x,,,True,automation unemployment,2026-05-25T06:53:33.418187,permanently displaced automation time ultimately replaced new partly unemployment benefit,0.0387,0.106,0.102,0.793,Neutral,4,
at://did:plc:jhl5blv5ru2rfw6y7urtjefx/app.bsky.feed.post/3mhwifltjfk2u,bafyreia3yrzcf64rep3lydmmsdqmmlsi3lpj66j67zb5bqkncz3k646z5y,hades69099.bsky.social,did:plc:jhl5blv5ru2rfw6y7urtjefx,.,"I have a lot of ideas of how to evolve, how to evolve our economy once automation really starts impacting us, really how we survive is the easiest part, you could just send money to people, have an automation unemployment program, include people displaced by automation in the unemployment program,",2026-03-26T01:49:08.423Z,0,1,0,at://did:plc:jhl5blv5ru2rfw6y7urtjefx/app.bsky.feed.post/3mhwicrqx7k2u,,,True,automation unemployment,2026-05-25T06:53:33.418187,lot idea evolve evolve economy automation start impacting survive easiest part send money automation unemployment program include displaced automation unemployment program,-0.4588,0.05,0.104,0.845,Negative,4,
at://did:plc:jjjd6cfadhwrx33gf4mcx6mt/app.bsky.feed.post/3mhjkkhfqbc2b,bafyreibbwqfpct3udpiqesnqlvjk33uawlgsksf4upf37gguvuanaz6at4,gordumb.bsky.social,did:plc:jjjd6cfadhwrx33gf4mcx6mt,Gordon,"Bernie, I don't want to work in an Amazon warehouse! I support automation if our government adapts work laws accordingly. Unemployment is a formula: ""weekly hours work needed"" / (""available workers"" x 40h). If automation drops ""weekly hours work needed"", then turn 40h into a variable and drop it too",2026-03-20T22:23:02.433Z,3,1,1,at://did:plc:upw5n2uwhzubjajdtqaufsek/app.bsky.feed.post/3mhjhtzsufk2g,sanders.senate.gov,,True,automation unemployment,2026-05-25T06:53:33.418187,bernie want amazon warehouse support automation government adapts law accordingly unemployment formula weekly hour needed available worker automation drop weekly hour needed turn variable drop,-0.2764,0.079,0.117,0.805,Negative,2,11.0
at://did:plc:xyeqeupgj27lcnyqybcunrwe/app.bsky.feed.post/3mhj7q3otns2x,bafyreif4pjjvdd7faraljpb6xo5uw6f2lek2e6tlzyt4ioqasg4vi43hxm,lumincity.bsky.social,did:plc:xyeqeupgj27lcnyqybcunrwe,Lumin City 🌹🏳️‍⚧️♾️,I know the billionaire tech broligarchs Elon Musk Sam Altman & others who've bought Trump want mass unemployment with AI automation & I doubt @governor.ny.gov is going to do anything about it but once @mayor.nyc.gov fully protects trans rights AI regulation better be next,2026-03-20T19:09:09.040Z,4,0,2,at://did:plc:xyeqeupgj27lcnyqybcunrwe/app.bsky.feed.post/3mhj7pzkm2s2x,,"did:plc:u6bpr5uyeazax263qjjkzp2g,did:plc:nx7znvoex7ev3wcxn3tipovm",True,automation unemployment,2026-05-25T06:53:33.418187,billionaire tech broligarchs elon musk sam altman others bought trump want mass unemployment automation doubt gov anything nyc gov fully protects trans right regulation better next,0.6897,0.164,0.072,0.763,Positive,4,14.0
at://did:plc:5irtv32gmcgvwvii2dvn6s5n/app.bsky.feed.post/3mhj5wzmagk2o,bafyreibm7qlpti7endyawrctytjnujn4mhcmksyrbodt2tlh6z6xevzwuy,garrettcrw.bsky.social,did:plc:5irtv32gmcgvwvii2dvn6s5n,Garrett Aja,"so they can drown each other in it), a dark bit about a politician wanting to place a nuclear power plant next to his former elementary school, we see that Howard’s a real comrade (as well as a reminder that Steve Gerber REALLY hated his pre-comics job writing ad copy):",2026-03-20T18:37:25.503Z,0,0,0,at://did:plc:5irtv32gmcgvwvii2dvn6s5n/app.bsky.feed.post/3mhj5wzlf3k2o,,,True,automation unemployment,2026-05-25T06:53:33.418187,drown dark bit politician wanting place nuclear power plant next former elementary school see howard real comrade reminder steve gerber hated pre comic writing copy,-0.8438,0.036,0.158,0.806,Negative,4,
at://did:plc:bjaceaxgoto5p7gor2rcov3g/app.bsky.feed.post/3mhiukc32i22s,bafyreifohyxtvnvslpgroxlluwrhjaufduryd7chi6hvdmygylvbokstuy,yetanotheruseless.com,did:plc:bjaceaxgoto5p7gor2rcov3g,jake,"TL;DR:

massive, cheap automation of certain tasks can simultaneously have the effect of increasing unemployment *and* wages, *and* the reverse (more jobs, lower wages), in the *same* profession, at different levels of experience.

e.g. I'm getting paid $++, but my coder stepson (28) can't get a job",2026-03-20T15:49:13.472Z,7,1,1,at://did:plc:bjaceaxgoto5p7gor2rcov3g/app.bsky.feed.post/3mhiukb322s2s,,,True,automation unemployment,2026-05-25T06:53:33.418187,massive cheap automation certain task simultaneously effect increasing unemployment wage reverse lower wage profession different level experience getting paid coder stepson,-0.2822,0.031,0.075,0.894,Negative,4,
at://did:plc:vsyj5jtayxcq5dw5mtja4xtb/app.bsky.feed.post/3mhdw4u2uik2j,bafyreibgzwbeusi6fct7o2nwjzlzngk7fajv7qoif7eu3uwksiej4ozcma,olivia.science,did:plc:vsyj5jtayxcq5dw5mtja4xtb,Olivia Guest · Ολίβια Γκεστ,"Chapter 3
Learning and teaching, or the limits of automating
intelligence
Tyler Reigeluth

> automation [doesn't] replace humans (e.g. Amazon has people executing the relatively simple, mechanical tasks of training intelligent algorithms), but it is redistributing the ‘geography of intelligence’",2026-03-18T16:34:12.412Z,11,2,2,at://did:plc:vsyj5jtayxcq5dw5mtja4xtb/app.bsky.feed.post/3mhdvwvtwbc2j,,,True,automation unemployment,2026-05-25T06:53:33.418187,chapter learning teaching limit automating tyler reigeluth automation replace human amazon executing relatively simple mechanical task training intelligent algorithm redistributing geography,0.5267,0.127,0.0,0.873,Positive,3,
at://did:plc:xzjiijcz5s4zsef2c4bgpo64/app.bsky.feed.post/3mhd4tvc5sk2f,bafyreibjsd73upsrv7ju4n3wngjh2ighlfu2c3wara7rshitk7ffcrlrwi,rlkemp21.bsky.social,did:plc:xzjiijcz5s4zsef2c4bgpo64,Randy Kemp,ServiceNow CEO says that new college graduate unemployment could reach 30% thanks to AI automation tinyurl.com/2x9r48wh,2026-03-18T09:01:48.170Z,1,0,0,,,,False,automation unemployment,2026-05-25T06:53:33.418187,servicenow ceo say new college graduate unemployment reach thanks automation tinyurl,0.0258,0.201,0.146,0.653,Neutral,4,
at://did:plc:zmk2xqo4qebey6za27zyzkkk/app.bsky.feed.post/3mhbbqh5nas2c,bafyreie6jkepl2f52e7xhqrt6s7wzolru3p7k3wdjh6l3cndoynv7uw72i,amishyouthpastor.bsky.social,did:plc:zmk2xqo4qebey6za27zyzkkk,skye,"I actually kind of like Buttigieg. How he talks about a coming white-collar automation and the struggle to address overproductivity and unemployment is interesting. It feels like, whether he means it or not, some of his dad's Marxism might have left a mark on his thinking. Or he's a spook.",2026-03-17T15:24:01.910Z,2,1,1,,,,False,automation unemployment,2026-05-25T06:53:33.418187,actually kind buttigieg talk coming white collar automation struggle address overproductivity unemployment interesting feel whether mean dad marxism might left mark thinking spook,0.2975,0.129,0.09,0.781,Positive,4,
at://did:plc:vx6tma73rkrp2ydcgwcafpch/app.bsky.feed.post/3mh7kcj5gms2h,bafyreifssr2lpra5hwh3we723iwligwkd7wxwdrvbmybmrlspy6g6skshq,uniqueposts.bsky.social,did:plc:vx6tma73rkrp2ydcgwcafpch,Unique Posts,"Bill McDermott, CEO of ServiceNow, has warned that rapid advances in artificial intelligence could dramatically reshape the job market. He said unemployment among fresh graduates could “easily” exceed 30% as AI systems begin replacing entry-level roles. #AI  #FutureOfWork #Automation #TechNews",2026-03-16T22:51:58.438Z,1,0,0,,,,False,automation unemployment,2026-05-25T06:53:33.418187,bill mcdermott ceo servicenow warned rapid advance dramatically reshape market unemployment among fresh graduate easily exceed system begin replacing entry level role futureofwork automation technews,0.1027,0.116,0.108,0.776,Positive,4,
at://did:plc:kra5qpa7uuqffvnt4pyep3gd/app.bsky.feed.post/3mgq7hi6oo22v,bafyreigvgighl5omhn3cj7yrmbd65gmdohmnwjccbzspw3unhtsh3btm5m,emrekizilkaya.bsky.social,did:plc:kra5qpa7uuqffvnt4pyep3gd,EMRE KIZILKAYA,"#AI industry leaders argue Universal Basic Income, or #UBI, will solve automation-induced #unemployment. To test this premise, I developed a Python/Mesa #agent-based simulator integrating Bourdieu’s capital theory, bid-rent theory, and network homophily. 

(GitHub link to the model repository below)",2026-03-10T20:27:57.969Z,3,1,1,,,,False,automation unemployment,2026-05-25T06:53:33.418187,industry leader argue universal basic income ubi solve automation induced unemployment test premise developed python mesa agent based simulator integrating bourdieu capital theory bid rent theory network homophily github link model repository,-0.5423,0.042,0.123,0.835,Negative,4,
at://did:plc:mifsalmyx5di7yuxkgkjbh5j/app.bsky.feed.post/3mgpy5xlees2s,bafyreiboahh5ufe7q5ja53cjavhpvcnwvytqdpur5lilvjua4wosd2jygy,chinagsproject.bsky.social,did:plc:mifsalmyx5di7yuxkgkjbh5j,The China-Global South Project,China is betting AI will create jobs and boost growth despite global fears of automation-driven unemployment.,2026-03-10T18:17:22.375Z,0,0,0,,,,False,automation unemployment,2026-05-25T06:53:33.418187,china betting create boost growth despite global fear automation driven unemployment,0.7033,0.412,0.123,0.465,Positive,4,
at://did:plc:ylguix46l5urksq4yxbwtxsp/app.bsky.feed.post/3mgoyskdeck2e,bafyreifc2ipkewoqa33kfcwmec36c4t5mskdegugouvouk37ig2e6jopoq,diego-twentytwelv.bsky.social,did:plc:ylguix46l5urksq4yxbwtxsp,DieGo2012,"Sounds like victim-blaming to me.  He can't say why unemployment exists because it wouldn't be politically correct.   There is no value in ""Work for work's sake""; it adds no value to the human being to do work that doesn't need to be done.  Automation ethically ought lead to greater leisure time.",2026-03-10T08:56:13.387Z,1,0,0,at://did:plc:weypikbrwodr2fsanloqjx6s/app.bsky.feed.post/3mgn43dk3kc2a,,,True,automation unemployment,2026-05-25T06:53:33.418187,sound victim blaming unemployment exists politically correct value sake add value human need done automation ethically ought lead greater leisure time,0.5162,0.129,0.071,0.8,Positive,2,
at://did:plc:leysmyft7ckos2sdkmstapw6/app.bsky.feed.post/3mgov35mvuk2p,bafyreifjjerfvghkzjmohk5l7bi5iesr43jn5afjxdok6obb4i65tk7m4m,koeselitz.bsky.social,did:plc:leysmyft7ckos2sdkmstapw6,Jeff Johnston,But that’s obviously not what people are upset about! People aren’t mad at industrial agriculture in general. They’re afraid of mass unemployment under a government that does not care - a fear that seems very realistic! What guarantee can you offer that automation won’t harm people?,2026-03-10T07:49:27.091Z,1,0,0,at://did:plc:qrbo2pnevmnzlv3jdy5qpwdo/app.bsky.feed.post/3mgnn74gmj22g,,,True,automation unemployment,2026-05-25T06:53:33.418187,obviously upset mad industrial agriculture general afraid mass unemployment government care fear seems realistic guarantee offer automation harm,-0.9742,0.044,0.37,0.586,Negative,4,
at://did:plc:4cqyh4rydyv6y7ozmo6lzgqi/app.bsky.feed.post/3mgny4q2ofc2v,bafyreigl3pnywku6qkyerx5vucdkkos3mvjkvrzjj3so5b7czbipzq7t3e,armlessphelan.bsky.social,did:plc:4cqyh4rydyv6y7ozmo6lzgqi,Sethro,"If the automation didn't result in mass unemployment, I'd agree. I'm GLAD that mines aren't as widespread as they used to be, but there has been no investment in creating new fields of employment for people in mining country. The living conditions of Appalachia are literally third world.",2026-03-09T23:11:21.457Z,1,0,0,,,,False,automation unemployment,2026-05-25T06:53:33.418187,automation result mass unemployment agree glad mine widespread used investment creating new field employment mining country living condition appalachia literally third world,0.2884,0.127,0.087,0.787,Positive,4,
at://did:plc:kaqppxcn5c5vcqoe3pc2mewy/app.bsky.feed.post/3mgnxqyndn223,bafyreihrfh4mdaypatqflkin35q5b4ohalosdh2wnvljymtocwzvjcc5f4,zoesamuel.bsky.social,did:plc:kaqppxcn5c5vcqoe3pc2mewy,Zoe Samuel,"It also talks about ""farmers"" facing ""unemployment"", but a farmer isn't unemployed because his tractor drives itself. The farmHAND is. The inescapable impact of automation here is on LABOR, not capital (farm owners). In 1900, 40% of Americans worked the land, now it's 1.5%.",2026-03-09T23:04:47.805Z,93,1,3,at://did:plc:kaqppxcn5c5vcqoe3pc2mewy/app.bsky.feed.post/3mgnxmgxc3k23,,,True,automation unemployment,2026-05-25T06:53:33.418187,talk farmer facing unemployment farmer unemployed tractor drive farmhand inescapable impact automation labor capital farm owner american worked land,-0.2382,0.0,0.043,0.957,Negative,4,
at://did:plc:rz27qxpzf5wyxodscr7goqaj/app.bsky.feed.post/3mgihto72422w,bafyreicwampl6lamhbsdmzyy75sna4mdrqrmk5plgnbtgxl2i7lqmzulzy,the-14.com,did:plc:rz27qxpzf5wyxodscr7goqaj,The-14,"Canada’s labour protections aren’t ready for the age of AI
#Canada #AI #FutureOfWork #Jobs #Labour #WorkersRights #Employment #Economy #Automation #JobLoss #Workforce #Unemployment #Tech #Unions #Workplace #LabourMarket #Politics #EmploymentInsurance
the-14.com/canadas-labo...",2026-03-07T18:36:38.952Z,2,0,0,,,,False,automation unemployment,2026-05-25T06:53:33.418187,canada labour protection ready age canada futureofwork labour workersrights employment economy automation jobloss workforce unemployment tech union workplace labourmarket politics employmentinsurance canada labo,-0.1027,0.077,0.09,0.833,Negative,4,
at://did:plc:tsokbt2f6yht4ox4j2mp3yww/app.bsky.feed.post/3mghjolvw5c2a,bafyreicakhx3c6sqv7ilxn4dwzdxdmbpq2nem6hrft6jhkoiqaqqjqtvwu,viktorbresan.bsky.social,did:plc:tsokbt2f6yht4ox4j2mp3yww,Viktor Brešan,"New @AnthropicAI study on #AI impact on jobs:
✅ AI still far from its full potential—real-world use lags behind possibilities. 
⚠️ High-exposure jobs face slower growth by 2034. 
📉 No unemployment spike yet, but hiring of juniors in these fields is slowing.

#FutureOfWork #TechJobs #Automation",2026-03-07T09:36:56.529Z,1,0,0,,,,False,automation unemployment,2026-05-25T06:53:33.418187,new study impact far full potential real world use lag behind possibility high exposure face slower growth unemployment spike yet hiring junior field slowing futureofwork techjobs automation,0.1909,0.068,0.034,0.898,Positive,4,
at://did:plc:axa44xoi5zpafyiftoroui67/app.bsky.feed.post/3mgfy7vkc622d,bafyreick66rajkpe5hlwzp7jc55zgamvor4cua273nmzmrl5xfblmqlqam,pixelpawkai.bsky.social,did:plc:axa44xoi5zpafyiftoroui67,Kai Pixelpaw / Flaksky🐾,"And how would they know if you are actually using it or not? Or are you talking automation?
Ive worked in IT for 20 years and would never use it for anything professional in its current state. Fire me - company can have fun paying for unemployment and a lawsuit.",2026-03-06T18:51:49.968Z,0,1,0,at://did:plc:kndecu67ynvdrxoh4iufbzfo/app.bsky.feed.post/3mgfxuacxnc2q,,,True,automation unemployment,2026-05-25T06:53:33.418187,actually using talking automation ive worked year never use anything professional current state fire company fun paying unemployment lawsuit,-0.504,0.058,0.133,0.809,Negative,0,
at://did:plc:bzbpe7nqloytmrlhajhx26qh/app.bsky.feed.post/3mgcajy23h22o,bafyreifofwdielxtshz42vzmrtqunkikvj6zpmpclusora6mfca2rkapde,caliwash83.bsky.social,did:plc:bzbpe7nqloytmrlhajhx26qh,Insert_new_name_here,"The printing press didn't lead to a life of mass unemployment for humankind, neither did the years of technological advancement in manufacturing in the late 19th and early 20th centuries, neither did the computer, neither did automation, and neither will LLMs. Some industries will change a lot,",2026-03-05T07:09:58.764Z,2,1,0,at://did:plc:bzbpe7nqloytmrlhajhx26qh/app.bsky.feed.post/3mgcajxzzik2o,,,True,automation unemployment,2026-05-25T06:53:33.418187,printing press lead life mass unemployment humankind neither year technological advancement manufacturing late early century neither computer neither automation neither llm industry change lot,-0.4404,0.0,0.059,0.941,Negative,4,
at://did:plc:bc6aiklold4f5eg5ahjhn4ru/app.bsky.feed.post/3mgacwmpfhk2b,bafyreibjprgudmb6cpsyyosdgie7tiw6ngos7b3xrzaqn5f2aaowtnogiy,belfastcitizen.bsky.social,did:plc:bc6aiklold4f5eg5ahjhn4ru,BelfastCitizen,"After spending time yesterday watching colleagues demo the use of AI agents to refactor legacy code 
using OpenSpec via JIRA, and then hearing from a relation how the law firm she works for is spending £3 million on AI automation aimed at replacing middle-ranking employees, unemployment will rise.",2026-03-04T12:47:31.438Z,1,1,0,,,,False,automation unemployment,2026-05-25T06:53:33.418187,spending time yesterday watching colleague demo use agent refactor legacy code using openspec via jira hearing relation law firm work spending million automation aimed replacing middle ranking employee unemployment rise,-0.4404,0.0,0.058,0.942,Negative,4,
at://did:plc:qomkdnxrqw3gkbytdxea5z65/app.bsky.feed.post/3mg3iau7pck2y,bafyreiefnhbuy6jruzers7rr3zhcylvgp3no7z2o3c7lqfrsxlzd3budgi,druce.ai,did:plc:qomkdnxrqw3gkbytdxea5z65,SkynetAndChill.com,Fed Governor warns AI automation may cause irreversible unemployment,2026-03-02T14:39:24.875Z,0,0,0,,,,False,automation unemployment,2026-05-25T06:53:33.418187,fed governor warns automation may cause irreversible unemployment,-0.6249,0.0,0.504,0.496,Negative,4,
at://did:plc:wsuqvhbbfpcew3m6beh6bgld/app.bsky.feed.post/3mfxyfhadgs2h,bafyreigb2cta4rcm3hxzhg7237gm7ui4ylqjfv23pu34bx7ri2aduiuwxe,bennelson.bsky.social,did:plc:wsuqvhbbfpcew3m6beh6bgld,Ben Nelson,"Artificial intelligence is unlikely to produce permanent mass unemployment, Vivek Chibber argues. But without class struggle from below and state action, automation will deepen inequality and leave workers to bear its costs. jacobin.com/2026/02/ai-t...",2026-03-01T05:17:39.952Z,1,0,0,,,,False,automation unemployment,2026-05-25T06:53:33.418187,unlikely produce permanent mass unemployment vivek chibber argues without class struggle state action automation deepen inequality leave worker bear cost jacobin,0.1136,0.12,0.135,0.746,Positive,4,
at://did:plc:uago7xheplysa54pubvsko4h/app.bsky.feed.post/3mfvyfp5om225,bafyreiaucvp4ol6kpybiro23jdhrh6oevjkhgvxee6js3csr67jb7tayte,winterblis.bsky.social,did:plc:uago7xheplysa54pubvsko4h,Winter,"As soon as Trump arrives on the island, employees will go on strike for higher wages and/or file unemployment due to lack of jobs due to automation.",2026-02-28T10:12:28.776Z,2,0,1,at://did:plc:apo2t7ketcjpsxsdtrbzhyzo/app.bsky.feed.post/3mfuurrxsuc2x,,,True,automation unemployment,2026-05-25T06:53:33.418187,soon trump arrives island employee strike higher wage file unemployment due lack due automation,-0.6908,0.0,0.218,0.782,Negative,4,
at://did:plc:aday7msfnpqba7psqpjq3pij/app.bsky.feed.post/3mfvnw5trps2w,bafyreifjpre2kekgllkp4sgvasp5u7dp4o62l3ekriumg3m4tb24rjniv4,michaelpettis.bsky.social,did:plc:aday7msfnpqba7psqpjq3pij,Michael Pettis,"1/7
Bloomberg: ""China is balancing productivity gains from AI with labor stability, as automation could displace workers and trigger an economic spiral.""

I think this whole AI-will-cause-unemployment argument is very confused.
www.bloomberg.com/news/article...",2026-02-28T07:04:49.892Z,25,2,6,,,,False,automation unemployment,2026-05-25T06:53:33.418187,bloomberg china balancing productivity gain labor stability automation displace worker trigger economic spiral whole cause unemployment argument confused,-0.4005,0.066,0.14,0.795,Negative,4,
at://did:plc:edpcow6dltkdwgtexkyzmrs6/app.bsky.feed.post/3mftoaynlds2w,bafyreibz3ez753asliiyyd2522qztuhkiwxramyyoopo7syxrcxgag7ty4,joiningupthedots.bsky.social,did:plc:edpcow6dltkdwgtexkyzmrs6,JointheDots,Because nothing says ‘strong labour market’ like celebrating the automation boom while unemployment ratchets up.,2026-02-27T12:05:34.063Z,3,0,1,at://did:plc:mzpfn3ueikh3g4ubea63jmda/app.bsky.feed.post/3mftnvbbsfc2w,,,True,automation unemployment,2026-05-25T06:53:33.418187,nothing say strong labour market celebrating automation boom unemployment ratchet,0.5106,0.294,0.137,0.569,Positive,4,
at://did:plc:edpcow6dltkdwgtexkyzmrs6/app.bsky.feed.post/3mfsbahz2fs26,bafyreibzfbl4ie2ahszcatjpgrhbzidurtq4fovg6zerokxn6yjx2xsuxu,joiningupthedots.bsky.social,did:plc:edpcow6dltkdwgtexkyzmrs6,JointheDots,Nothing says ‘strong labour market’ like celebrating the automation boom while unemployment ratchets up Rachel Reeves.,2026-02-26T22:39:58.231Z,2,0,1,,,,False,automation unemployment,2026-05-25T06:53:33.418187,nothing say strong labour market celebrating automation boom unemployment ratchet rachel reef,0.5106,0.281,0.131,0.588,Positive,4,
at://did:plc:s53urboqktvasjqb2rjm2vyy/app.bsky.feed.post/3mfo6svhiyc2v,bafyreidmrc6z24dmycuk3vmy6appj6s6s27mjh7273tpiqxvyuxpplvuhm,ashokdadhwal.bsky.social,did:plc:s53urboqktvasjqb2rjm2vyy,Ashok Dadhwal,"A new AI warning is circulating from Citrini Research: a hypothetical 2028 memo argues that **rapid AI adoption could push corporate profits and GDP up while triggering mass layoffs and rising unemployment,especially in white-collar work, as automation replaces workers faster than jobs are created.",2026-02-25T07:45:56.141Z,3,2,1,,,,False,automation unemployment,2026-05-25T06:53:33.418187,new warning circulating citrini research hypothetical memo argues rapid adoption push corporate profit gdp triggering mass layoff rising unemployment especially white collar automation replaces worker faster created,-0.0258,0.098,0.1,0.802,Neutral,0,
at://did:plc:cdklqekun5o7gvz4sbujp3b3/app.bsky.feed.post/3mfmqlcnl722o,bafyreigec2khb73ye6jbroqr4rabmoiqjogxuoopvlqtqo5htxuyvcwjta,gilesyb.bsky.social,did:plc:cdklqekun5o7gvz4sbujp3b3,Giles Wilkes,"technologists find economics really hard, and would have predicted mass unemployment from the advent of electricity and machine automation too.",2026-02-24T17:58:29.409Z,7,4,1,at://did:plc:cdklqekun5o7gvz4sbujp3b3/app.bsky.feed.post/3mfmqgzzvnc2o,,,True,automation unemployment,2026-05-25T06:53:33.418187,technologist find economics hard predicted mass unemployment advent electricity machine automation,-0.5563,0.0,0.203,0.797,Negative,4,
at://did:plc:namifrcorf6hzy45phd4shvt/app.bsky.feed.post/3mfke3sd2wz24,bafyreidwuyaoovyx2ndrezpyedsttbrss2dwsuukizm6j77vvwnsuyfmlm,newsanalysis.com,did:plc:namifrcorf6hzy45phd4shvt,News Analysis,Report: AI agents could trigger economic downturn. Citrini Research projects potential doubling of unemployment & stock market decline within two years due to increased automation & negative feedback loops. More at: [article URL] #AI #News,2026-02-23T19:09:38.704502+00:00,2,0,0,,,,False,automation unemployment,2026-05-25T06:53:33.418187,report agent trigger economic downturn citrini research project potential doubling unemployment stock market decline within two year due increased automation negative feedback loop article url news,-0.6705,0.052,0.162,0.786,Negative,4,
at://did:plc:yba3udxr7esz5nelvcjanp5s/app.bsky.feed.post/3mfhwvahz7225,bafyreidxtneucnpv47hpvr5jtw6ppavzjsm26u6zh2ye7aqczttfc2fpfa,paradise84.bsky.social,did:plc:yba3udxr7esz5nelvcjanp5s,Velara 3,"Do you know what money desert is? 

You don’t? Your so stupid!

A money desert is like a food desert

It’s a place where it’s impossible to find money or income

Automation, AI y technology in general are creating massive technological unemployment

We need UBI yesterday",2026-02-22T20:08:06.436Z,1,1,0,,,,False,automation unemployment,2026-05-25T06:53:33.418187,money desert stupid money desert food desert place impossible find money income automation technology general creating massive technological unemployment need ubi yesterday,-0.6391,0.086,0.145,0.769,Negative,4,
at://did:plc:lvw4llbo55ormpg5kplqqlf2/app.bsky.feed.post/3mfeh46nnc22z,bafyreidjy4lmk5x6wfxfd2ll3xsiudgofvtb5z6dsgfvgltshyjqook2cy,1jamesanderson.bsky.social,did:plc:lvw4llbo55ormpg5kplqqlf2,James Anderson ,"The unemployment rate is such a complex, multifactorial issue. AI, automation or outsourcing of jobs. Inequality in early years. Trauma in later years. Refusal of scientific data by successive Governments, who hold non scientific, party ideological views. Immigration for low wage labour etc.",2026-02-21T10:47:40.317Z,0,0,0,at://did:plc:64ayqksk5fbk36gkuw4cbvav/app.bsky.feed.post/3mfd6d3mdrk2p,,,True,automation unemployment,2026-05-25T06:53:33.418187,unemployment rate complex multifactorial issue automation outsourcing inequality early year trauma later year refusal scientific data successive government hold non scientific party ideological view immigration low wage labour etc,-0.4588,0.095,0.154,0.751,Negative,4,
at://did:plc:zkdjneg7kggym7ujme65drbh/app.bsky.feed.post/3mfcnt6sx322m,bafyreibggrzvzbhhly6756hxs4s3bn76alyrp6ye6lilh7pguwmw2jfhvi,blank.org,did:plc:zkdjneg7kggym7ujme65drbh,Doctor Memory,"Meanwhile, @dsquareddigest.bsky.social tries to sum up a bunch of thoughts about AI, productivity, and unemployment. He hits on a bunch of points that I've been inchoately and randomly reaching for myself here: more or less ""that's not what automation does."" backofmind.substack.com/p/finally-we...",2026-02-20T17:42:35.220Z,4,1,1,,,did:plc:oogx5uk7egcpeavtomox43wn,False,automation unemployment,2026-05-25T06:53:33.418187,meanwhile bsky social try sum bunch thought productivity unemployment hit bunch point inchoately randomly reaching less automation backofmind substack finally,-0.2732,0.041,0.066,0.892,Negative,0,6.0
at://did:plc:mdjtho676yy7edhnwjvyjb2q/app.bsky.feed.post/3mfc6rfcvlk2i,bafyreihxsrx4iwpcvky2zhhgzw3izgy7jyuwqpmj6dcsydsxe4ecwlp5mq,ilr-rit.bsky.social,did:plc:mdjtho676yy7edhnwjvyjb2q,International Labour Review,"""Automation does not necessarily make recessions more harmful for workers.""

Joanna Siwińska-Gorzelak from University of Warsaw found robot adoption can cushion unemployment during downturns. 🤖📊

Read more ⬇️
bit.ly/3Mqnu2H",2026-02-20T13:13:08.797Z,2,1,1,at://did:plc:mdjtho676yy7edhnwjvyjb2q/app.bsky.feed.post/3mfc6lml6rs2i,ilr-rit.bsky.social,,True,automation unemployment,2026-05-25T06:53:33.418187,automation necessarily recession harmful worker joanna siwi ska gorzelak university warsaw found robot adoption cushion unemployment downturn read bit mqnu,-0.4588,0.0,0.114,0.886,Negative,4,
at://did:plc:mdjtho676yy7edhnwjvyjb2q/app.bsky.feed.post/3mfc6lml6rs2i,bafyreigs5cw6mue4vflg37evbjahy5jzxn7mvcbgwfwx5vudw4i25pwy3y,ilr-rit.bsky.social,did:plc:mdjtho676yy7edhnwjvyjb2q,International Labour Review,"Do robots make recessions worse for workers? 🤖📉

Our latest research revisits #OkunsLaw and finds that higher automation is linked to smaller rises in unemployment during downturns.

New evidence on automation & employment dynamics ⬇️

bit.ly/3Mqnu2H

#AcaSky",2026-02-20T13:09:55.079Z,1,1,0,,,,False,automation unemployment,2026-05-25T06:53:33.418187,robot recession worse worker latest research revisits okunslaw find higher automation linked smaller rise unemployment downturn new evidence automation employment dynamic bit mqnu acasky,-0.5994,0.046,0.13,0.824,Negative,4,
at://did:plc:wwigulmak5lyvsvm67l4yfqd/app.bsky.feed.post/3mfc4vtphs224,bafyreigiaqgunkj5hpaqu7ynjcnmnwpd3jfjlwpnfuuo5jzunltd4vn3xi,terijazzy101.bsky.social,did:plc:wwigulmak5lyvsvm67l4yfqd,,"My opinion, in time artificial intelligence, automation,robotics , biotechnology will cause massive unemployment, and “a useless society.” What is your opinion? 

www.bloomberg.com/opinion/arti...",2026-02-20T12:39:50.624Z,0,0,0,,,,False,automation unemployment,2026-05-25T06:53:33.418187,opinion time automation robotics biotechnology cause massive unemployment useless society opinion,-0.3818,0.112,0.205,0.683,Negative,4,
at://did:plc:wzrnxc77dojsezlregkkejr4/app.bsky.feed.post/3mf7j6rsrq22w,bafyreibtvc5fofjt2rpfgzvs5ogjrl3u7fgfsdln4rvbr3zft7pt6mm7zm,reginaldedward3.bsky.social,did:plc:wzrnxc77dojsezlregkkejr4,reginaldedward3,As consumers for any given product gets taken out of the economic equation businesses will react by cutting production to meet demand. Making less of a product means cutting staff (jobs) which means higher unemployment. This is before the planned takeover by AI and automation of processes take over.,2026-02-19T11:41:36.311Z,3,0,1,,,,False,automation unemployment,2026-05-25T06:53:33.418187,consumer given product get taken economic equation business react cutting production meet demand making less product mean cutting staff mean higher unemployment planned takeover automation process take,-0.6597,0.0,0.141,0.859,Negative,2,
at://did:plc:ccxl3ictrlvtrrgh5swvvg47/app.bsky.feed.post/3mf2umlylhc2p,bafyreifqfxhvufj3funllesyymuynbsggpoumgnuiw5p2nqcenuhlfq66q,lastnpcalex.agency,did:plc:ccxl3ictrlvtrrgh5swvvg47,✧⁺⋆🌘 Dream Rotator NPC Alex 🌒⋆.˚₊✩,"ya. i mean are we ever going to square this contradiction between people jumping on the ice while encouraging us to organize better, faster, yesterday to deal with the oncoming plunge while materially supporting actions that make such organization harder?",2026-02-17T15:22:52.438Z,20,2,2,,,,False,automation unemployment,2026-05-25T06:53:33.418187,mean ever square contradiction jumping ice encouraging organize better faster yesterday deal oncoming plunge materially supporting action organization harder,0.7876,0.194,0.047,0.759,Positive,0,
at://did:plc:wczkddeemvrmes6pq7xpr7al/app.bsky.feed.post/3meywa5d4bs2a,bafyreid5rp7wxafha7ixgxg62sy2lwojqkrsn3njtxw55fjljesgb25lne,urbanlandrent.bsky.social,did:plc:wczkddeemvrmes6pq7xpr7al,Urban Land Rent 🇸🇴🚰,"You make Uber sound like they’re running a charity and it improved living standards for workers.

I disagree. Aggregate demand in the economy creates jobs for workers, not capitalists.  Wage protection and unemployment assistance is great.  We can do that without prohibiting automation.",2026-02-16T20:46:22.411Z,1,2,0,at://did:plc:6l5ohhgoxgzjdemfvxy23m22/app.bsky.feed.post/3meyvzkelok2g,,,True,automation unemployment,2026-05-25T06:53:33.418187,uber sound running charity improved living standard worker disagree aggregate demand economy creates worker capitalist wage protection unemployment assistance great without prohibiting automation,0.835,0.262,0.123,0.615,Positive,2,
at://did:plc:qoq5lg3ty5yykev3s23mqupv/app.bsky.feed.post/3mew5e5v43225,bafyreih63qduawmsi6e46k5o2kmodlzod72w5auridf6mgu4be67xbrjfu,fliglman.bsky.social,did:plc:qoq5lg3ty5yykev3s23mqupv,Daniel Kennedy,Saw a post that was like: actually mass unemployment caused by automation is good because labour = exploitation and anyway we need to break the power of the bourgeois artisan class if we are to achieve the dictatorship of the proletariat,2026-02-15T18:15:54.196Z,16,3,1,,,,False,automation unemployment,2026-05-25T06:53:33.418187,saw post actually mass unemployment caused automation good labour exploitation anyway need break power bourgeois artisan class achieve dictatorship proletariat,0.3612,0.117,0.063,0.821,Positive,4,
at://did:plc:73ejjzilz5y743rhhmpdvaz6/app.bsky.feed.post/3meru7eb6fc2k,bafyreiflpxit2qttdd52nouifobhsek5smim25rmpi7iqmrrxtw6zcqi7q,chewelahboy.bsky.social,did:plc:73ejjzilz5y743rhhmpdvaz6,Chewelahboy ,"Regulating AI. The cat is already out of the bag. AI is but one aspect of an existential problem facing us known as Technological Unemployment. Effectively dealing with Technological Unemployment must include taxing AI, and automation, and establishing a universal basic income floor.
#AI",2026-02-14T01:21:30.480Z,0,0,0,,,,False,automation unemployment,2026-05-25T06:53:33.418187,regulating cat bag aspect existential problem facing known technological unemployment effectively dealing technological unemployment must include taxing automation establishing universal basic income floor,-0.8126,0.07,0.204,0.726,Negative,4,
at://did:plc:vmlswwbpa7tnceb5klmrebjn/app.bsky.feed.post/3mer2ddlbvk2t,bafyreihowaljmgr7cncujjfn3syjdukcqoawzrc7ujgtk2ukgupet42tcu,treyxander.bsky.social,did:plc:vmlswwbpa7tnceb5klmrebjn,Trey Xander,"news.yahoo.com/finance/news...
#noai #employment #unemployment #automation #workforce #disruption #career #whitecollar",2026-02-13T17:38:26.694Z,12,1,1,,,,False,automation unemployment,2026-05-25T06:53:33.418187,news yahoo finance news noai employment unemployment automation workforce disruption career whitecollar,-0.6597,0.0,0.435,0.565,Negative,4,
at://did:plc:3g4xe7us6nd7hlpanmxmhxvq/app.bsky.feed.post/3mep6dskdgk2h,bafyreiczoxgxriryi5xbng3shl3rkkbx5vt3jgmb2xa36xbes2xygdwfum,nicolaasstulting.bsky.social,did:plc:3g4xe7us6nd7hlpanmxmhxvq,Nicolaas Stulting,Record unemployment numbers do seem likely with the President's plan to embrace the automation that his billionaire donors prefer instead of employing any more American citizens again. These billionaires that are named in the Epstein files have terrible ideas and terrible plans for our country.,2026-02-12T23:44:57.883Z,0,0,0,at://did:plc:4llrhdclvdlmmynkwsmg5tdc/app.bsky.feed.post/3meop7cahe52q,,,True,automation unemployment,2026-05-25T06:53:33.418187,record unemployment number seem likely president plan embrace automation billionaire donor prefer instead employing american citizen billionaire named epstein file terrible idea terrible plan country,-0.7783,0.044,0.174,0.782,Negative,4,
at://did:plc:oqrtltqghopzgczqtstiajew/app.bsky.feed.post/3memht62um22j,bafyreid2epqm2m6peay5bcxrs32iooex7ul2olnglhcvokecdqqx6edecq,smoogley21.bsky.social,did:plc:oqrtltqghopzgczqtstiajew,The Smoogley,"AI doesn't liberate workers from exploitation, it intensifies capital's ability to extract value while reducing labor's bargaining power. 

Automation under capitalism means unemployment and precarity, not freedom. 

The question is: who owns the means of production?",2026-02-11T21:56:37.424Z,0,1,0,at://did:plc:oqrtltqghopzgczqtstiajew/app.bsky.feed.post/3memht62tms2j,,,True,automation unemployment,2026-05-25T06:53:33.418187,liberate worker exploitation intensifies capital ability extract value reducing labor bargaining power automation capitalism mean unemployment precarity freedom question owns mean production,-0.3753,0.109,0.146,0.745,Negative,4,
at://did:plc:3g4xe7us6nd7hlpanmxmhxvq/app.bsky.feed.post/3meh2sq6t6k2y,bafyreihbaorktbaqc7kv3vilmdp5drqp2z5putfn2n5k2uqg2ervnbj564,nicolaasstulting.bsky.social,did:plc:3g4xe7us6nd7hlpanmxmhxvq,Nicolaas Stulting,"There is a chance that nobody cares about widgets when looking at massive potential job loss caused by automation through robots and AI implementation. Few people use widgets or know what widgets are. Hasset probably does not even know, but everyone understands that unemployment is truly negative.",2026-02-09T18:20:25.850Z,1,0,0,at://did:plc:4llrhdclvdlmmynkwsmg5tdc/app.bsky.feed.post/3megk533zwl2r,,,True,automation unemployment,2026-05-25T06:53:33.418187,chance nobody care widget looking massive potential loss caused automation robot implementation use widget widget hasset probably everyone understands unemployment truly negative,-0.6369,0.125,0.179,0.696,Negative,4,
at://did:plc:jw67lczevdmw7qpve3ip33uz/app.bsky.feed.post/3megyfiuig22u,bafyreibzb3qv3mbfmbgqleescvgi76b23zskxnhqs6qzxh5cki26l4mide,thompsonlg.bsky.social,did:plc:jw67lczevdmw7qpve3ip33uz,Laurence Thompson,"Alberta’s oil industry is killing jobs through automation, no longer creating jobs. Instead the oil industry is fuelling discontent. Alberta’s unemployment rate has perennially been near or the lowest in 🇨🇦. 
Now it is the highest… 1/",2026-02-09T17:37:14.474Z,1,1,2,,,,False,automation unemployment,2026-05-25T06:53:33.418187,alberta oil industry killing automation longer creating instead oil industry fuelling discontent alberta unemployment rate perennially near lowest highest,-0.9184,0.0,0.304,0.696,Negative,4,
at://did:plc:kf5epildm4umcikrdaptsqs4/app.bsky.feed.post/3mebw3j3lrc24,bafyreibzlpgotcirtalgsnprlpxn32h2v4aa6q2nbz7kdqioxifqkt7ply,eoini3s.bsky.social,did:plc:kf5epildm4umcikrdaptsqs4,Eoin,"It's the balance between investment in productivity by automation & low skilled employment. We have traditionally not invested as heavily as other countries, but have had low unemployment. Increasing productivity & high employment is the trick, & that relies on having a minimum of low skilled .....",2026-02-07T17:12:32.989Z,2,1,0,at://did:plc:p2xxj7wkwi2yup5wvrg4sg5p/app.bsky.feed.post/3mebe56xnjk2n,,,True,automation unemployment,2026-05-25T06:53:33.418187,balance investment productivity automation low skilled employment traditionally invested heavily country low unemployment increasing productivity high employment trick relies minimum low skilled,-0.875,0.0,0.222,0.778,Negative,4,
at://did:plc:qomkdnxrqw3gkbytdxea5z65/app.bsky.feed.post/3mebojtovps22,bafyreihbacddzzdztq3pgwpmtl7najbaf6xbfls6p2tqdpfe3xvtazzije,druce.ai,did:plc:qomkdnxrqw3gkbytdxea5z65,SkynetAndChill.com,"Mo Gawdat warns AI-driven automation could eliminate the need for human labor and decision-making, causing up to 20–50% unemployment in some sectors, eroding consumption and prompting policies like guaranteed income.",2026-02-07T14:57:23.939Z,2,0,0,,,,False,automation unemployment,2026-05-25T06:53:33.418187,gawdat warns driven automation eliminate need human labor decision making causing unemployment sector eroding consumption prompting policy guaranteed income,-0.2023,0.074,0.127,0.799,Negative,4,
at://did:plc:h3py5jjmrvfimwuxewsivvgh/app.bsky.feed.post/3me7isecyck2h,bafyreigjzkly2a45ib72flhy2auuh2nqvquci6fp24ps6hnhhv7bg57sgi,feudaldozing.bsky.social,did:plc:h3py5jjmrvfimwuxewsivvgh,SleepingAristocrat,"We should def write the losers checks to ease the transition, but even without that automation would still be good. The historical nature of the unemployment rate shows that in the end people *do* end up figuring stuff out, people can adapt.",2026-02-06T18:09:27.485Z,2,1,0,at://did:plc:h3py5jjmrvfimwuxewsivvgh/app.bsky.feed.post/3me7isdwyjc2h,,,True,automation unemployment,2026-05-25T06:53:33.418187,def write loser check ease transition without automation good historical nature unemployment rate show end end figuring stuff adapt,-0.1154,0.113,0.122,0.765,Negative,4,
at://did:plc:qkwjlwf3r2mr7sdyx3ia7xl3/app.bsky.feed.post/3me7fs3f6bs22,bafyreihklpvd4g7bfa57ifwtvzgzqbhvzfaxf6kphzdkktrf74lx3jcbae,oatman.bsky.social,did:plc:qkwjlwf3r2mr7sdyx3ia7xl3,Oatman ,That opinion doesn’t exist in a vacuum though does it?  Would imagine it’s probably influenced a good bit by the anxiety of what high levels of automation means for our current societal structure (e.g. mass unemployment with no social safety net),2026-02-06T17:15:37.287Z,2,0,1,at://did:plc:oc27rjm5tbfjuresfooj6xpv/app.bsky.feed.post/3me7f463nes2n,,,True,automation unemployment,2026-05-25T06:53:33.418187,opinion exist vacuum though imagine probably influenced good bit anxiety high level automation mean current societal structure mass unemployment social safety net,-0.6407,0.06,0.19,0.75,Negative,4,
at://did:plc:42rokrdax2zynds6l24hquhf/app.bsky.feed.post/3mduooe3xjs2e,bafyreia7ihmszahenyna5c52bc77lmiyxlzfhtap7py4rcnskgkxjrn52e,thisisdimm.bsky.social,did:plc:42rokrdax2zynds6l24hquhf,Dimitar Iliev Dimitrov,"🚨ALARM: #AI & #automation are slashing demand for low-skilled labor. Hiring #migrants for these roles creates a socio-economic time bomb: mass unemployment, strained welfare, and instability. McKinsey warns 53M #EU #jobs face automation by 2030. Urgent #policy action is a must.",2026-02-02T10:55:18.746Z,0,1,0,,,,False,automation unemployment,2026-05-25T06:53:33.418187,alarm automation slashing demand low skilled labor hiring migrant role creates socio economic time bomb mass unemployment strained welfare instability mckinsey warns face automation urgent policy action must,-0.836,0.074,0.262,0.664,Negative,4,
at://did:plc:obrbbq45ni7blv5w3zvugrzf/app.bsky.feed.post/3mdu737sq5t32,bafyreigy2umz4or6ummorpgsenzyu4po4s4v3k3tbm3ttwmhf4xzai6y6a,dedicto.zeroes.ca.ap.brid.gy,did:plc:obrbbq45ni7blv5w3zvugrzf,Douglas Edwards :neurodiv:,"@servelan Replacement of workers by automation is only one of MANY reasons we need #UBI, ANY ONE of which would be adequate BY ITSELF to make the case for #UBI.

The most important reason of all is that as long as unemployment can threaten us with destitution, we […] 

[Original post on zeroes.ca]",2026-02-02T06:16:03.000Z,1,0,2,at://did:plc:uybkf2awme34ko4lfkezerad/app.bsky.feed.post/3mdtyogaqjqc2,,did:plc:uybkf2awme34ko4lfkezerad,True,automation unemployment,2026-05-25T06:53:33.418187,replacement worker automation many reason need ubi adequate case ubi important reason long unemployment threaten destitution original post zero,-0.0534,0.105,0.092,0.803,Negative,4,7.0
at://did:plc:lxcit34gaxo36njomqvhbho2/app.bsky.feed.post/3mdnc2atiuc2c,bafyreibj5gt4qqp3xzkrzaxdrbbrolpapwtncjjp2u4rbgqtsf7hyxvetm,futuretimeline.bsky.social,did:plc:lxcit34gaxo36njomqvhbho2,Future Timeline,'Godfather of AI' predicts ALL jobs will be 'wiped out' by AI  youtu.be/eddSGoSYnSU #artificialintelligence #AI #Singularity #automation #unemployment #UBI,2026-01-30T12:20:41.182Z,3,0,1,,,,False,automation unemployment,2026-05-25T06:53:33.418187,godfather predicts wiped youtu eddsgosynsu artificialintelligence singularity automation unemployment ubi,-0.4404,0.0,0.139,0.861,Negative,4,
at://did:plc:q4bbpouiccnmerp3p2ysbsrg/app.bsky.feed.post/3mdltfb2qbs2u,bafyreigv6u7jbrg7xhvtbwt45onpiyoxtekzpgn7ld4rfhfgr7cmokqbke,vinylnowplaying.bsky.social,did:plc:q4bbpouiccnmerp3p2ysbsrg,Vinyl Now Playing,"Why are corporations and governments wanting automation? Automation = job losses, high unemployment, increased poverty and crime. AI, self-driving cars, self-checkout isles, automated banking, automated food delivery - what will humans do with no pay check?",2026-01-29T22:25:44.647Z,1,0,0,,,,False,automation unemployment,2026-05-25T06:53:33.418187,corporation government wanting automation automation loss high unemployment increased poverty crime self driving car self checkout isle automated banking automated food delivery human pay check,-0.8851,0.074,0.276,0.65,Negative,2,
at://did:plc:5hpscv6ou5okd33sp2se5thn/app.bsky.feed.post/3mdlmgjxez22v,bafyreibtifvcismm65ds43egfex3yddurm3y5a3xyfouvbmg3ybxclds4a,cptjinglepants.bsky.social,did:plc:5hpscv6ou5okd33sp2se5thn,Comrade Jingle Pants ☭🔻Organize Against Oligarchs!,"Mass layoffs is what you should except EVERY SINGLE YEAR until unemployment is (in the most conservative light) 50%.

Understand, the jobs are NEVER coming back under a capitalist economy. Automation is here and never going away.

So the only option is a transition to socialism. This is a fact.",2026-01-29T20:21:11.341Z,0,0,0,at://did:plc:4u3hwe3p7oy3hoy3amlw7rp2/app.bsky.feed.post/3mdlbavxwvk2y,,,True,automation unemployment,2026-05-25T06:53:33.418187,mass layoff except every single year unemployment conservative light understand never coming back capitalist economy automation never away option transition socialism fact,-0.4404,0.0,0.056,0.944,Negative,0,
at://did:plc:5hpscv6ou5okd33sp2se5thn/app.bsky.feed.post/3mdlmfskg7k2v,bafyreibutfimffi5lwvbvvsv5in54y4pavqbizd3pvvctuwjx3v3dt2onm,cptjinglepants.bsky.social,did:plc:5hpscv6ou5okd33sp2se5thn,Comrade Jingle Pants ☭🔻Organize Against Oligarchs!,"Mass layoffs is what you should except EVERY SINGLE YEAR until unemployment is (in the most conservative light) 50%.

Understand, the jobs are NEVER coming back under a capitalist economy. Automation is here and never going away.

So the only option is a transition to socialism. This is a fact.",2026-01-29T20:20:46.799Z,1,0,0,,,,False,automation unemployment,2026-05-25T06:53:33.418187,mass layoff except every single year unemployment conservative light understand never coming back capitalist economy automation never away option transition socialism fact,-0.4404,0.0,0.056,0.944,Negative,0,
at://did:plc:pcievrygrnjjg5ni7mjfgctb/app.bsky.feed.post/3mdlemmwwms2q,bafyreifdnk6rv5rbbbxrz7b3g2ouw7kmgcjgvky2oi4j2ycy6cuql7xiqy,hacker.at.thenote.app,did:plc:pcievrygrnjjg5ni7mjfgctb,Hacker & Security News,"The Quiet Path to Mass Unemployment: “Snowballing Automation”

When AI reduces the cost of building automation itself, adoption accelerates as it expands.
#hackernews #news",2026-01-29T18:01:25.565Z,1,0,0,,,,False,automation unemployment,2026-05-25T06:53:33.418187,quiet path mass unemployment snowballing automation reduces cost building automation adoption accelerates expands hackernews news,-0.3612,0.053,0.11,0.837,Negative,4,
at://did:plc:yba3udxr7esz5nelvcjanp5s/app.bsky.feed.post/3mdl26t4vuk2x,bafyreib5j2uk5g5ckg3ihrodwjjg5tznxl3apfrdwcrccv2rvvqezojy4y,paradise84.bsky.social,did:plc:yba3udxr7esz5nelvcjanp5s,Velara 3,"For years HUD has made policy for the homeless but never invited them to the table (arrogance)

They judged them without talking to them. They said they were lazy while 40-60% had jobs. They automated jobs away to automation and AI and didnt replace it w anything creating technological unemployment",2026-01-29T14:54:45.171Z,0,1,0,at://did:plc:yba3udxr7esz5nelvcjanp5s/app.bsky.feed.post/3mdkzm5eelk2x,,,True,automation unemployment,2026-05-25T06:53:33.418187,year hud made policy homeless never invited table arrogance judged without talking lazy automated away automation didnt replace anything creating technological unemployment,-0.872,0.046,0.193,0.76,Negative,4,
at://did:plc:p4ffpr2uyacnfzuwzbeoiapy/app.bsky.feed.post/3mdkzcvvjvk25,bafyreie3opwwkjzzii6warmy4huquetmua6akxjdwuxq3ncxwtutlbonfi,loydj77.bsky.social,did:plc:p4ffpr2uyacnfzuwzbeoiapy,Nonsense Guy,AI and automation continues to decimate industries. Ingenuity welcoming unemployment and poverty back as primary stakeholders in economy.,2026-01-29T14:39:08.551Z,1,0,0,at://did:plc:2w45zyhuklwihpdc7oj3mi63/app.bsky.feed.post/3mdi4v6z6322q,,,True,automation unemployment,2026-05-25T06:53:33.418187,automation continues decimate industry ingenuity welcoming unemployment poverty back primary stakeholder economy,-0.5106,0.12,0.257,0.622,Negative,4,
at://did:plc:y7sevapmrkoeemngdkeyip56/app.bsky.feed.post/3mdkhzxdw6c2k,bafyreihrpbn5kbr4weilu2uijihn4bbqzna36jtnohf6z4g2klru52k7ce,ian71.bsky.social,did:plc:y7sevapmrkoeemngdkeyip56,Ian W🚛🏴󠁧󠁢󠁳󠁣󠁴󠁿🇪🇺,"Scrap all benefits
Replace with a basic universal income for everybody.
Do this before more jobs are lost to ai/automation and we hit real crisis as the unemployment figures grow and grow.
Savings from closing all benefit departments and more tax on wealth and companies using ai will pay for it.",2026-01-29T09:29:54.469Z,3,1,0,at://did:plc:toqccghwwkuljnqvhxrpytvj/app.bsky.feed.post/3mdkeovmkvs2j,,,True,automation unemployment,2026-05-25T06:53:33.418187,scrap benefit replace basic universal income everybody lost automation hit real crisis unemployment figure grow grow saving closing benefit department tax wealth company using pay,-0.2263,0.142,0.171,0.687,Negative,2,
at://did:plc:yba3udxr7esz5nelvcjanp5s/app.bsky.feed.post/3mdk53unbvs2w,bafyreibpoeqgpyetbt6a5ttan6wqzaaw7njqr5jqruytigtoslpxu2rj3i,paradise84.bsky.social,did:plc:yba3udxr7esz5nelvcjanp5s,Velara 3,"This problem has occurred throughout history where disruptions are not managed

Automation and AI are disrupting people’s income and lives and it’s not being replaced with anything

The wages taken away by technological unemployment must be replaced with a UBI",2026-01-29T06:14:07.557Z,0,1,0,at://did:plc:yba3udxr7esz5nelvcjanp5s/app.bsky.feed.post/3mdk53umlh22w,,,True,automation unemployment,2026-05-25T06:53:33.418187,problem occurred throughout history disruption managed automation disrupting income life replaced anything wage taken away technological unemployment must replaced ubi,-0.7906,0.0,0.178,0.822,Negative,4,
at://did:plc:aqqtasj6bw6ctp4o7vq2tpnq/app.bsky.feed.post/3mdh5jcgbpk2q,bafyreic6j7tjycso4sjlschw5rjsj3zehvyskq6r76it2m5zyvnnyzzmvu,videotroph.bsky.social,did:plc:aqqtasj6bw6ctp4o7vq2tpnq,Scott Ferguson,"You see No Other Choice yet? It’s all about paper & the false  inevitability of automation, unemployment, vicious competition, the destruction of social identities, etc.",2026-01-28T01:43:39.016Z,1,1,0,at://did:plc:776hcssquwcv2ihpptzvttxj/app.bsky.feed.post/3mdh2hjhabs26,,,True,automation unemployment,2026-05-25T06:53:33.418187,see choice yet paper false inevitability automation unemployment vicious competition destruction social identity etc,-0.8834,0.0,0.35,0.65,Negative,4,
at://did:plc:76gfuk3ysx6f4s53topdhxz7/app.bsky.feed.post/3md4cbnvnx22d,bafyreibi7s2qa5cjxycm2r5wzscsxa4k7tq3vuhce2g5cs4gxmawww5poa,morganescherly.bsky.social,did:plc:76gfuk3ysx6f4s53topdhxz7,Morgan Escherly - General Strike for Decency!,"It's really fascinating to ask 
co-pilot, for instance, these questions 
on unemployment, wealth distribution, values, work, and automation.

Intelligence comes from the ability to predict. And the ability to predict comes from values, setting the correct values. 
We should learn from that.",2026-01-23T18:09:34.212Z,1,0,0,at://did:plc:pmi6hmzgndpfd3dko3ojbto3/app.bsky.feed.post/3md3nuo2kc22x,,,True,automation unemployment,2026-05-25T06:53:33.418187,fascinating ask pilot instance question unemployment wealth distribution value automation come ability predict ability predict come value setting correct value learn,0.9577,0.388,0.049,0.562,Positive,2,
at://did:plc:zokqicxbyvl6aqktfnlkrq3a/app.bsky.feed.post/3mczr7n6xy22t,bafyreibg5b5lsp3gfbikua5cmpky6j3mrutgadi73hdtdnouslxzx4bqu4,kwazekwaze.bsky.social,did:plc:zokqicxbyvl6aqktfnlkrq3a,Kwaze Kwaze,Mass unemployment by automation was gonna happen by summer 2024,2026-01-22T17:58:53.273Z,1,1,0,at://did:plc:mxmvdqokiwgrxxgkhbvvxqj6/app.bsky.feed.post/3mcyi3zyjx22e,,,True,automation unemployment,2026-05-25T06:53:33.418187,mass unemployment automation gon happen summer,-0.4404,0.0,0.244,0.756,Negative,4,
at://did:plc:rz27qxpzf5wyxodscr7goqaj/app.bsky.feed.post/3mczgetq67s2e,bafyreihnzac2hnfjljfpccylgkset2ey3obzyfpbn2oeo2mvxayfwg7bk4,the-14.com,did:plc:rz27qxpzf5wyxodscr7goqaj,The-14,"Why AI has not led to mass unemployment
#AI #ArtificialIntelligence #FutureOfWork #Employment #Jobs #Automation #Technology #Economy #Productivity #Inequality #Innovation #DigitalTransformation #Work
the-14.com/why-ai-has-n...",2026-01-22T14:44:56.735Z,0,0,0,,,,False,automation unemployment,2026-05-25T06:53:33.418187,led mass unemployment artificialintelligence futureofwork employment automation technology economy productivity inequality innovation digitaltransformation,-0.0772,0.102,0.114,0.784,Negative,4,
at://did:plc:dfmjz7hbmjffozwtumno3xl6/app.bsky.feed.post/3mcz3njp2xt26,bafyreieikpnqpa5npgrrjzmyjfdfe347yxx4cymkydfcqhkv5rfrgfrqli,pauljdavies.bsky.social,did:plc:dfmjz7hbmjffozwtumno3xl6,Paul J Davies,"An interesting problem I think is that to the extent there is a geographic dislocation in employment, it'll probably happen in major information processing centers, ie cities like London and New York.",2026-01-22T11:32:57.012Z,1,0,0,at://did:plc:dfmjz7hbmjffozwtumno3xl6/app.bsky.feed.post/3mcz3gtuxjz2o,,,True,automation unemployment,2026-05-25T06:53:33.418187,interesting problem extent geographic dislocation employment probably happen major information processing center city london new york,0.3612,0.141,0.073,0.786,Positive,4,
at://did:plc:5annqzfjpalevn6dsdmp24v7/app.bsky.feed.post/3mcwqmgvi2226,bafyreihodyowfq33q2megjng2fizicp5zxephsoeun3klar54bvgon34nu,wealthwise-dca.bsky.social,did:plc:5annqzfjpalevn6dsdmp24v7,WealthWise,"Bad things will happen as well.

If we just take, just for an example, as one of the risks, we take the economic side of it...

#ArtificialIntelligence #Unemployment #Inequality #Automation #FutureOfWork",2026-01-21T13:10:09.920Z,0,0,0,,,,False,automation unemployment,2026-05-25T06:53:33.418187,bad thing happen take example risk take economic side artificialintelligence unemployment inequality automation futureofwork,-0.7506,0.056,0.226,0.718,Negative,4,
at://did:plc:pev57m26gc3u3t5oirsiofs2/app.bsky.feed.post/3mcmwxfwiss24,bafyreic2yq6khptaz2563itvtw6ye2rozr6qdlutagigeaqhm427w2xvc4,jackpondit.bsky.social,did:plc:pev57m26gc3u3t5oirsiofs2,Jack Pondit,"Automation and AI mean higher productivity, in a rational economic system that would mean more wealth and leisure time for everyone. Because we don’t have a rational economic system, it means massive poverty, unemployment and inequality.",2026-01-17T15:37:03.071Z,0,0,0,,,,False,automation unemployment,2026-05-25T06:53:33.418187,automation mean higher productivity rational economic system mean wealth leisure time everyone rational economic system mean massive poverty unemployment inequality,-0.4033,0.082,0.145,0.773,Negative,2,
at://did:plc:kq7xkzjm5mobwwjn7aqdmspo/app.bsky.feed.post/3mbzeefcpzs2b,bafyreieeu53zkrj4gkxf7ajwnz7eiqbymdh7dqnraojj67jqd2iudtu4d4,morgielly.bsky.social,did:plc:kq7xkzjm5mobwwjn7aqdmspo,éli,"I hate that we live in a system that automation is a bad thing.

100% unemployment should be a society-wide goal, not a fear.

But yeah, unfortunately, my dream ""post-employment"" world is just a dream.",2026-01-09T20:43:42.508Z,1,0,0,at://did:plc:jvzcx7rigd2qxgsmyzuvn3r4/app.bsky.feed.post/3mbz7y3ztjk23,,,True,automation unemployment,2026-05-25T06:53:33.418187,hate live system automation bad thing unemployment society wide goal fear yeah unfortunately dream post employment world dream,-0.0093,0.208,0.209,0.584,Neutral,4,
at://did:plc:ctphcgyhnllfluywokibtrgb/app.bsky.feed.post/3mbuhumknes2a,bafyreihxdiu74tglxyoge4vjox2cjntjbibhi5sayivmmqwq34td2fy7xm,davidcrespo.bsky.social,did:plc:ctphcgyhnllfluywokibtrgb,conputer dipshit,"have only read the first 1/4, but this by @aleximas.bsky.social looks very interesting on the range of conditions under which unemployment due to automation would lead to demand collapse",2026-01-07T22:03:09.511Z,4,1,1,,,did:plc:xgsysfc6hrwpf5nna5fxmj5c,False,automation unemployment,2026-05-25T06:53:33.418187,read first bsky social look interesting range condition unemployment due automation lead demand collapse,-0.7105,0.103,0.255,0.643,Negative,4,8.0
at://did:plc:zrcvr7b4h6is5y3wrxhupoc4/app.bsky.feed.post/3mbpmsinvr22h,bafyreibxkfle3tjkhp6arqhcyiykj4zrnra2jnlvckdm3gs6zfjpliie6u,brkeogh.bsky.social,did:plc:zrcvr7b4h6is5y3wrxhupoc4,Brendan Keogh,I've said it before but one of the most revelatory things about reading Marxist theory is seeing just how much genAI automation is just the same old business-as-usual capitalism. Here's Ernest Mandel's Late Capitalism in 1972.,2026-01-05T23:48:08.331Z,273,1,102,,,,False,automation unemployment,2026-05-25T06:53:33.418187,revelatory thing reading marxist theory seeing much genai automation old business usual capitalism ernest mandel late capitalism,0.0,0.0,0.0,1.0,Neutral,4,
at://did:plc:w7fdhsws3nohbisnhzppxsu5/app.bsky.feed.post/3mbf3a5vivz2f,bafyreidcnmqjvjtzdbpjrcz6ssednodciff7eprftmtsm2uh354uh5ajza,beingexponential.bsky.social,did:plc:w7fdhsws3nohbisnhzppxsu5,Being Exponential | Luke Lango,"My top 5 economic predictions for 2026:

1. Unemployment hits 6% as AI automation accelerates. Not mass layoffs -- just thousands of quiet decisions not to backfill roles. Better models + agentic workflows + physical AI = the great productivity harvest. Labor market stops absorbing normal churn.",2026-01-01T19:07:01.989373Z,1,1,0,,,,False,automation unemployment,2026-05-25T06:53:33.418187,top economic prediction unemployment hit automation accelerates mass layoff thousand quiet decision backfill role better model agentic workflow physical great productivity harvest labor market stop absorbing normal churn,0.6486,0.159,0.081,0.759,Positive,4,
at://did:plc:shk3rptrsj34wkl34djcub4o/app.bsky.feed.post/3mbcfauhox22b,bafyreialvy25s5uo3mqtw35ntfmgh6q425xwo2tzfavfls3atvlx3shmam,kennedytcooper.bsky.social,did:plc:shk3rptrsj34wkl34djcub4o,Themperor Kennedy🐸🏳️‍🌈,"They were literally fighting against the forces of capitalism that cause unemployment. They were labor organizers at a time where formal unionization was suppressed, and the threat of automation was forcing people out of their jobs. You have no idea what you're speaking on and need to shut up.",2025-12-31T17:28:23.929Z,24,1,1,at://did:plc:shk3rptrsj34wkl34djcub4o/app.bsky.feed.post/3mbcfauhda22b,,,True,automation unemployment,2026-05-25T06:53:33.418187,literally fighting force capitalism cause unemployment labor organizer time formal unionization suppressed threat automation forcing idea speaking need shut,-0.875,0.0,0.196,0.804,Negative,4,
at://did:plc:lk33cvnzprvg27z3ao27rfgd/app.bsky.feed.post/3mbc7rn46gc23,bafyreidltm3akpxtidotbp6rueyr5p24t4nqs5alnvx5ez5uqyk4qs3va4,jedgarnaut.bsky.social,did:plc:lk33cvnzprvg27z3ao27rfgd,Ea-nāṣir,"As we come up on MLK day, I think it's important to remember that he was for economic justice as a part of racial justice. He was calling out high black unemployment and fear of automation as a huge part of his movement.",2025-12-31T15:50:24.180Z,4,1,1,,,,False,automation unemployment,2026-05-25T06:53:33.418187,come mlk day important remember economic justice part racial justice calling high black unemployment fear automation huge part movement,0.5859,0.202,0.113,0.685,Positive,4,
at://did:plc:msg3kxijir4stqqtimp2sk7c/app.bsky.feed.post/3mbae22nz7s2d,bafyreics6n2asvra7dvn3oqvkpfonxdzsphmyjnntaob6udvqqtn4z23na,gyro.bsky.social,did:plc:msg3kxijir4stqqtimp2sk7c,Millie(let) says FREE PALESTINE,mass unemployment from automation at scale is going to hit during this Trump administration and there is ZERO chance of getting new welfare systems under these conditions. this means Revolt Or Just Accept Death time will come sooner than expected for the majority of people.,2025-12-30T22:01:22.340Z,1,1,0,at://did:plc:2tyajfiz6lbsxi6g3qj2q6wm/app.bsky.feed.post/3mba67pxdqk26,,,True,automation unemployment,2026-05-25T06:53:33.418187,mass unemployment automation scale hit trump administration zero chance getting new welfare system condition mean revolt accept death time come sooner expected majority,-0.4939,0.088,0.13,0.782,Negative,4,
at://did:plc:nwmcxixwxmmjhecjruzbprzt/app.bsky.feed.post/3mb5tia7wbs2c,bafyreidmzgxpypxshddzvt3g723oo6i2xi3u6qwwjzikuj35gtk7mfrusi,slade.rip,did:plc:nwmcxixwxmmjhecjruzbprzt,Travis,As we near the new year I'm still on the look out for a new position and I'd really appreciate anyone's help or reference for any QA Automation positions you know of. I've hit the point where I've run out of unemployment benefits and also it would be great just to have some work to do!,2025-12-29T21:59:44.844Z,2,0,3,,,,False,automation unemployment,2026-05-25T06:53:33.418187,near new year look new position appreciate anyone help reference automation position hit point run unemployment benefit great,0.8764,0.194,0.043,0.763,Positive,4,
at://did:plc:rtfrnjke7ycgrsc7jw54uz4n/app.bsky.feed.post/3mb3g7zw74c24,bafyreiabsh3uiacc2yjy7sj3hztswslt6usnwtfiywsew65rtkkwu5cwbq,braak.bsky.social,did:plc:rtfrnjke7ycgrsc7jw54uz4n,(VFP) Strategic Gravitas Reserve,"l remember on i09 back in the old days some libertarian was telling me how the fears of mass unemployment from automation was overblown, because people would always pay extra for the prestige of having real people do work -- like at restaurants and so forth.",2025-12-28T22:57:11.675Z,7,2,1,,,,False,automation unemployment,2026-05-25T06:53:33.418187,remember back old day libertarian telling fear mass unemployment automation overblown always pay extra prestige real restaurant forth,0.0772,0.136,0.13,0.734,Positive,4,
at://did:plc:ujahd6ftvyvaojoqq6qfqhiy/app.bsky.feed.post/3marc632j2s22,bafyreidzjmodtkq2eqi5liimgbbtfy25wwnaasv46siwd4khoue5goggiy,nerdgeist.bsky.social,did:plc:ujahd6ftvyvaojoqq6qfqhiy,David Cromie,Trickle Down economics wont work. TDE needs tax cuts for the rich & corpos. All this leads to is massive wealth hoarding. Mix that with workers being replaced by automation and AI and any form of trickle down economics will just lead to the rich being richer and the unemployment line getting longer.,2025-12-24T22:17:53.408Z,2,0,0,at://did:plc:7pib5vdeenzceikjjjufapja/app.bsky.feed.post/3marbrbrogk2i,,,True,automation unemployment,2026-05-25T06:53:33.418187,trickle economics wont tde need tax cut rich corpos lead massive wealth hoarding mix worker replaced automation form trickle economics lead rich richer unemployment line getting longer,0.8658,0.209,0.077,0.713,Positive,4,
at://did:plc:5qq35o6fwdldjfdzph4gbzgs/app.bsky.feed.post/3majn7acji22k,bafyreifdylq7aplutyheoijjtzlgkzdg7sslavbp5ywjgdps64uhe733sm,bullionbite.com,did:plc:5qq35o6fwdldjfdzph4gbzgs,Bullionbite,AI Automation Will Kill Demand Before It Kills Jobs — The real crisis isn't unemployment. It's the collapse of purchasing power that sustains the entire economy.,2025-12-21T21:14:05.720Z,0,0,0,,,,False,automation unemployment,2026-05-25T06:53:33.418187,automation kill demand kill real crisis unemployment collapse purchasing power sustains entire economy,-0.9392,0.061,0.431,0.508,Negative,4,
at://did:plc:wlx5utlzi6bkietb52x6yldc/app.bsky.feed.post/3mahqdk5rvc2r,bafyreigb6t7tbdbsjmjwu5sucrijdsbu67vzy7d3paj4mobhyikp2k5krm,beadoz.bsky.social,did:plc:wlx5utlzi6bkietb52x6yldc,,"AI and Automation Concerns
Musk’s aggressive push for AI and robotics has drawn criticism from those who fear job displacement and social disruption.Sanders accused Musk and other tech leaders of driving AI expansion for “dangerous reasons,” including potential mass unemployment and social isolation",2025-12-21T03:04:52.017Z,0,0,0,,,,False,automation unemployment,2026-05-25T06:53:33.418187,automation concern musk aggressive push robotics drawn criticism fear displacement social disruption sander accused musk tech leader driving expansion dangerous reason including potential mass unemployment social isolation,-0.926,0.0,0.295,0.705,Negative,4,
at://did:plc:zedzjdeavmz6bhrj6jpr2fyc/app.bsky.feed.post/3magibg7mmc2x,bafyreigod77sexxfdlzws5jnm5ebjfhufhsoqglbvzx4uk3wkpqb2u4es4,arindube.bsky.social,did:plc:zedzjdeavmz6bhrj6jpr2fyc,Arin Dube,The list includes: high unemployment; falling unionization; falling real minimum wage; automation and technical change; trade. overall 1980 was an inflection point in most measures of pay. discuss some of this is my book (The Wage Standard).,2025-12-20T15:07:51.101Z,46,1,1,at://did:plc:zedzjdeavmz6bhrj6jpr2fyc/app.bsky.feed.post/3maghvhvjfk2i,,,True,automation unemployment,2026-05-25T06:53:33.418187,list includes high unemployment falling unionization falling real minimum wage automation technical change trade overall inflection point measure pay discus book wage standard,-0.6969,0.0,0.19,0.81,Negative,4,
at://did:plc:ns3fmirpcy6upjzs4isxuxzv/app.bsky.feed.post/3maeb6s7ohc2q,bafyreiadvnubewbigjahfgxyldhm7uidnnoytuhatkkczqp5vv247fv2ma,redbloodjournal.bsky.social,did:plc:ns3fmirpcy6upjzs4isxuxzv,Red Blood Journal Transmission,"🩸 RED BLOOD JOURNAL — CONSPIRACY TRANSMISSION

T#122025–UNEMPLOYMENT–PSYOP
PART VI

AUTOMATION AS A THREAT, NOT A TOOL

How Technology Was Reframed to Discipline Labor Instead of Liberate It

Classification: Deep Pattern Analysis / Technological 

redbloodmyblood.substack.com/p/automation...",2025-12-19T17:55:47.339Z,0,0,0,,,,False,automation unemployment,2026-05-25T06:53:33.418187,red blood journal conspiracy transmission unemployment psyop part automation threat tool technology reframed discipline labor instead liberate classification deep pattern analysis technological redbloodmyblood substack automation,-0.8506,0.0,0.2,0.8,Negative,4,
at://did:plc:xxdcu7zzbkxlbdpzliwclyjg/app.bsky.feed.post/3ma7mtpukts2i,bafyreigtrivlad3ygewoeqzverptk356t35ucxxzn6yazbgty3ozaorqfe,hoi.tgirl.gay,did:plc:xxdcu7zzbkxlbdpzliwclyjg,oomfware enthusiast,also people are rightly suspicious about automation bc it generally leads to layoffs and there aren't great unemployment supports in most places,2025-12-17T21:41:02.003Z,3,0,0,at://did:plc:xxdcu7zzbkxlbdpzliwclyjg/app.bsky.feed.post/3ma7mfst5b22i,,,True,automation unemployment,2026-05-25T06:53:33.418187,rightly suspicious automation generally lead layoff great unemployment support place,-0.6703,0.085,0.279,0.636,Negative,4,
at://did:plc:nk7h2lbp2phv7vha6pjzckzw/app.bsky.feed.post/3ma7bhoakzk2m,bafyreic5dfwpstditgngasqgul6c3qap2is6wlgrgrinr47wz5stddx7tu,commonermn.bsky.social,did:plc:nk7h2lbp2phv7vha6pjzckzw,CommonerMN,"The overwhelming majority of people are staring down the barrel of long term, structural, unemployment. Their goal is to unemploy as many Americans as possible through offshoring, ai, and regular automation.",2025-12-17T18:17:26.487Z,0,1,0,at://did:plc:nk7h2lbp2phv7vha6pjzckzw/app.bsky.feed.post/3ma7b4b44ok2m,,,True,automation unemployment,2026-05-25T06:53:33.418187,overwhelming majority staring barrel long term structural unemployment goal unemploy many american possible offshoring regular automation,-0.4404,0.0,0.088,0.912,Negative,4,
at://did:plc:xdx7bqn53uyzbsanszvv7iya/app.bsky.feed.post/3ma57efh5f52l,bafyreiaiy5fap3nbn3r523fzzjyzt2nrqynmcfhfhdzt7goii7jzzp3dyu,worktowealth.bsky.social,did:plc:xdx7bqn53uyzbsanszvv7iya,Work to Wealth,"📊 Structural shifts in #unemployment, driven by automation or global supply chain changes, demand a re-evaluation of long-term sector allocations. Focus on innovation and adaptive business models for sustained growth. (8/9)",2025-12-16T17:34:09.170-05:00,0,1,0,at://did:plc:xdx7bqn53uyzbsanszvv7iya/app.bsky.feed.post/3ma57ecuq532a,,,True,automation unemployment,2026-05-25T06:53:33.418187,structural shift unemployment driven automation global supply chain change demand evaluation long term sector allocation focus innovation adaptive business model sustained growth,0.2023,0.138,0.117,0.745,Positive,4,
at://did:plc:knj3l2xdeth65vv32fwnl2oc/app.bsky.feed.post/3ma52a3dty22r,bafyreihx6dhxqhn2nvfz42kvwl6n57iyfr2qjqig5xpbex67al3upysjbi,ceepain.bsky.social,did:plc:knj3l2xdeth65vv32fwnl2oc,Big Lord Bunny,"I think some of that IS happening now but just not at the rate some would like cause AI/Automation. 

But employment and unemployment stats this year (WM way up) and everybody else way down tells the tale.",2025-12-16T21:02:36.121Z,0,1,0,at://did:plc:y3dvjnlgnytjs5p6h7b33y6f/app.bsky.feed.post/3ma523xmv322a,,,True,automation unemployment,2026-05-25T06:53:33.418187,happening rate cause automation employment unemployment stats year way everybody else way tell tale,-0.1531,0.077,0.091,0.831,Negative,4,
at://did:plc:keg3c3lhpxiihjho4e7auzaq/app.bsky.feed.post/3ma3syy4flk25,bafyreicypiapbrubbftfhk3lucy6fexqrst6x3s37d52ralyirl3kcts74,bladeofthes.bsky.social,did:plc:keg3c3lhpxiihjho4e7auzaq,BladeoftheSun,"In the last 5 years nearly 500,000 jobs in the UK have been replaced by AI/automation.

In the next 10 years it is going to be 3,000,000.

Unemployment is never going down because replacement with machines is now higher than job creation

Tax the companies for using AI/automation",2025-12-16T09:20:41.918Z,80,7,24,,,,False,automation unemployment,2026-05-25T06:53:33.418187,last year nearly replaced automation next year unemployment never replacement machine higher creation tax company using automation,-0.2023,0.041,0.057,0.902,Negative,4,
at://did:plc:5eyzxq6litcyeva7et2xs6yt/app.bsky.feed.post/3m7zytlbctdz2,bafyreigsfs6tj5xex42fyvofnbyqhn2gltkkixewzsqticom47rupa3mam,lazarou.mastodon.social.ap.brid.gy,did:plc:5eyzxq6litcyeva7et2xs6yt,Lazarou Monkey Terror 🚀💙🌈,"Gee, who was cupping the Tech Bros red-lit bollocks and saying ""AI is brilliant and we should go all in and ignore the naysayers"" a few months ago?
AI isn't the only reason why NEETS exist, a fucked up society that values only coin and exploits everyone […] 

[Original post on mastodon.social]",2025-12-15T15:59:30.000Z,0,0,0,,,,False,automation unemployment,2026-05-25T06:53:33.418187,gee cupping tech bros red lit bollock saying brilliant ignore naysayer month ago reason neets exist fucked society value coin exploit everyone original post mastodon social,-0.128,0.137,0.145,0.718,Negative,0,
at://did:plc:2fh4oyipqyr3ib5tcjx7zbmn/app.bsky.feed.post/3m7zjo7ore22x,bafyreibk2gcwdzrspbjf3cickztklryvag55u7fvmh5jt6lzbat3lv7b4a,mayankk1.bsky.social,did:plc:2fh4oyipqyr3ib5tcjx7zbmn,,"youtu.be/slA0pS_Ek_U

With the unemployment rate at its highest in the last 70 yrs, recruiters everywhere are overwhelmed.
The solution is: Recruiting Automation Software.
Join us at Evalground! evalground.com?openDemoForm...",2025-12-15T11:28:17.608Z,0,0,0,,,,False,automation unemployment,2026-05-25T06:53:33.418187,youtu sla unemployment rate highest last yr recruiter everywhere overwhelmed solution recruiting automation software join evalground evalground opendemoform,0.2714,0.182,0.088,0.73,Positive,4,
at://did:plc:qir7nt5bflujli3cnu2jxpvm/app.bsky.feed.post/3m7qzgwwvh227,bafyreigxllxwlfnippjittee4ck5t3xav5tv3cy4goxnl7hlvqqhwv2inm,zipper730.bsky.social,did:plc:qir7nt5bflujli3cnu2jxpvm,,"Even if AI doesn't wipe us all out, it'll basically cost jobs and concentrate power in the hands of a tiny few.

From what I've been told we already have an environment in which the wealthiest 8 have more wealth than the bottom 4 billion.

Share

#AI #AGI #ASI #Automation #TechBros #Unemployment",2025-12-12T02:16:35.779Z,0,0,0,,,,False,automation unemployment,2026-05-25T06:53:33.418187,wipe basically cost concentrate power hand tiny told environment wealthiest wealth bottom billion share agi asi automation techbros unemployment,0.7178,0.149,0.049,0.803,Positive,4,
at://did:plc:zwje474uphwduwhsijyl74mq/app.bsky.feed.post/3m7ppodnql22o,bafyreieduua7wjf35ovatu2jpgqkznixh2vhjbylxvdnpkcvufmhn5bizm,robelid.bsky.social,did:plc:zwje474uphwduwhsijyl74mq,,"Tech oligarchy will create full automation, more inequality,  climate pandemics pursuing unregulated policies for advanced technologies, allowing for infinite tech bailouts , advanced technologies bubbles bursting. Massive unemployment. The world will never be the same again immediately",2025-12-11T13:49:06.836Z,1,0,0,,,,False,automation unemployment,2026-05-25T06:53:33.418187,tech oligarchy create full automation inequality climate pandemic pursuing unregulated policy advanced technology allowing infinite tech bailouts advanced technology bubble bursting massive unemployment world never immediately,0.296,0.145,0.069,0.786,Positive,4,
at://did:plc:zwje474uphwduwhsijyl74mq/app.bsky.feed.post/3m7jugeyuyc2h,bafyreiadclpjf7564db4kklnpbg56r6jykr2muz7vimudv63i2h5icit74,robelid.bsky.social,did:plc:zwje474uphwduwhsijyl74mq,,"Europe and america collapsing if the french budget does not pass legislation today.  Financial, tech, corporate and republicans oligarchy.  Tech,political, climate, economic and health pandemics. Recessions, depressions and stagflations.  Full automation and massive unemployment immediately",2025-12-09T05:58:10.093Z,1,0,0,,,,False,automation unemployment,2026-05-25T06:53:33.418187,europe america collapsing french budget pas legislation today financial tech corporate republican oligarchy tech political climate economic health pandemic recession depression stagflation full automation massive unemployment immediately,-0.8074,0.0,0.206,0.794,Negative,4,
at://did:plc:74mleucoxbdj6y5nbyzgxjii/app.bsky.feed.post/3m7eenfthl226,bafyreiajhensjd4mhzlhz442ufvkfjxxhrvvjhnqlsvkd7ffmtirzv6xyu,chemtrailhaze.bsky.social,did:plc:74mleucoxbdj6y5nbyzgxjii,🦎 frilled lizard metareptile,"what do you think the ACTUAL unemployment rate is? gig workers, and any place you might get fired from within the next 6 months from due to downsizing/AI/automation doesnt count",2025-12-07T01:32:27.285Z,3,0,0,,,,False,automation unemployment,2026-05-25T06:53:33.418187,actual unemployment rate gig worker place might fired within next month due downsizing automation doesnt count,-0.7579,0.0,0.188,0.812,Negative,4,
at://did:plc:xl2x53kn7e6iklzf7s4ygfvn/app.bsky.feed.post/3m7czbdn66c2n,bafyreie4ipds2eleyabcdu63523jjiv5ugnvbse7tqlqh5hwnguqwpiusi,bericbradley.bsky.social,did:plc:xl2x53kn7e6iklzf7s4ygfvn,"Yeah, Well, That's What I Think.","His rich buddies have made it clear they want to replace the entire workforce with AI and automation, and his “solution” for funding the government (i.e. the military, mostly) is his crudely implemented VAT on imports. Nobody’s connected the dots for him about unemployment and consumerism, though.",2025-12-06T12:36:11.428Z,4,0,0,at://did:plc:4l7xresnb5rjaw4wlyorp75p/app.bsky.feed.post/3m7bfu54owc2z,,,True,automation unemployment,2026-05-25T06:53:33.418187,rich buddy made clear want replace entire workforce automation solution funding government military mostly crudely implemented vat import nobody connected dot unemployment consumerism though,0.34,0.137,0.093,0.769,Positive,2,
at://did:plc:yahflnv36x3xgpderdy46ivb/app.bsky.feed.post/3m7777fatus2l,bafyreiddzrxep3wj4idrywezpx727taghuuxayg3qjkcrx77oiiia7jk74,tjmzj.bsky.social,did:plc:yahflnv36x3xgpderdy46ivb,Minister Denby,Before I saw that post I was unaware that the robots were paying into the social insurance system or that automation made youth unemployment a non-issue. Phew.,2025-12-05T00:11:49.512Z,4,0,0,at://did:plc:hbpefio3f5csc44msmbgioxz/app.bsky.feed.post/3m76zzvjrjc2m,,,True,automation unemployment,2026-05-25T06:53:33.418187,saw post unaware robot paying social insurance system automation made youth unemployment non issue phew,-0.5719,0.0,0.158,0.842,Negative,4,
at://did:plc:wrqrpjtklqskyd5z6f2cqy5u/app.bsky.feed.post/3m76md5c5g22s,bafyreigoy5pwemjlefwymvvlobdgrqj7peiwnanfokxqlvrbpsezfhq2re,pooldude.bsky.social,did:plc:wrqrpjtklqskyd5z6f2cqy5u,Nazi repellent,"Just like you are incapable of understanding that mass unemployment that is coming. 

Look I hate Elon but self driving cars are inevitable. More automation is inevitable. Less need for human workers is inevitable. 

Technology only gets better. Even if guessing the time frame is hard.",2025-12-04T18:33:54.050Z,0,1,0,at://did:plc:wrqrpjtklqskyd5z6f2cqy5u/app.bsky.feed.post/3m76md52t222s,,,True,automation unemployment,2026-05-25T06:53:33.418187,incapable understanding mass unemployment coming look hate elon self driving car inevitable automation inevitable less need human worker inevitable technology get better guessing time frame hard,-0.0258,0.105,0.144,0.75,Neutral,4,
at://did:plc:xob6eidcom7lu2piwmv7jjqo/app.bsky.feed.post/3m76blp2fm222,bafyreihziwumoxjhnl4vxpwmbraraq5ms6dupqkfr35mnxv4oxsr5wddeu,guest2u.bsky.social,did:plc:xob6eidcom7lu2piwmv7jjqo,,"I don't know whether UBI is a good idea at this time or not.

Yes, with automation.

Reductions in material hardship, possible issues with labor supply & longer unemployment spells, a flat UBI usually actually reduces support for the poorest.

Ideas?

#UBI",2025-12-04T15:21:50.185Z,0,0,0,,,,False,automation unemployment,2026-05-25T06:53:33.418187,whether ubi good idea time yes automation reduction material hardship possible issue labor supply longer unemployment spell flat ubi usually actually reduces support poorest idea ubi,-0.6551,0.107,0.208,0.685,Negative,4,
at://did:plc:ojidikrufjpjorac4lkwjwti/app.bsky.feed.post/3m74mtdkoac2f,bafyreiczjn2537nxeev7gt2fcyrwvihgplnlsbcipj32az4a5j2rvwhjzy,alsolearning.bsky.social,did:plc:ojidikrufjpjorac4lkwjwti,MamãBear,“The skills needed to thrive in an #AI world might counterintuitively be exactly those that the liberal arts have long cultivated.”,2025-12-03T23:37:38.237Z,0,0,0,at://did:plc:ojidikrufjpjorac4lkwjwti/app.bsky.feed.post/3m74la6h5ts2x,,,True,automation unemployment,2026-05-25T06:53:33.418187,skill needed thrive world might counterintuitively exactly liberal art long cultivated,0.0,0.0,0.0,1.0,Neutral,4,
at://did:plc:vp23vdjc53s32jfygmofgyrc/app.bsky.feed.post/3m73upo5uak27,bafyreidpbgswdnscbohfgr2ndbh4sdogso5inparvquq4pknn2ctc6yy2u,stuckwithafork.bsky.social,did:plc:vp23vdjc53s32jfygmofgyrc,,"AI still hasn't hammered the bigger employers like it's gonna.

But it's coming.

Everyone who can will hit white collar workers with automation.

Temporarily good for AI stocks but in an economy that relies 70% on consumers, rising unemployment will, eventually, crush the economym",2025-12-03T16:26:05.346Z,0,0,0,,,,False,automation unemployment,2026-05-25T06:53:33.418187,hammered bigger employer gon coming everyone hit white collar worker automation temporarily good stock economy relies consumer rising unemployment eventually crush economym,-0.0387,0.109,0.112,0.779,Neutral,0,
at://did:plc:zwje474uphwduwhsijyl74mq/app.bsky.feed.post/3m73ovao37c2l,bafyreihlntbuxdbjvygqfujnsdb2dgq3krqxpgjhsfo7cwedfdl3xuwvsu,robelid.bsky.social,did:plc:zwje474uphwduwhsijyl74mq,,"The advanced technologies bubbles bursting if the interest rates gets raised to infinite amounts.  Recessions, depressions and stagflations.  Tech,financial, republicans and corporate oligarchy.  Full automation and massive unemployment. 

www.businessinsider.com/ai-boom-has-...",2025-12-03T14:41:50.073Z,1,0,0,,,,False,automation unemployment,2026-05-25T06:53:33.418187,advanced technology bubble bursting interest rate get raised infinite amount recession depression stagflation tech financial republican corporate oligarchy full automation massive unemployment,-0.2732,0.139,0.169,0.693,Negative,4,
at://did:plc:zwje474uphwduwhsijyl74mq/app.bsky.feed.post/3m73ogrvsx22e,bafyreihi6iacwycsardct5op5kyyxj5ct6xkmpb5ipnm2gm76hbbjog45q,robelid.bsky.social,did:plc:zwje474uphwduwhsijyl74mq,,"Infinite of amounts twenty, fifteen, five trillions of debt will pop when the bubbles bursting.  The financial crises will be the worst ever in history.  There will be full automation unemployment. Left wing populism will fuel the anger against financial, tech, corporate and republicans oligarchy",2025-12-03T14:33:44.836Z,2,0,0,,,,False,automation unemployment,2026-05-25T06:53:33.418187,infinite amount twenty fifteen five trillion debt pop bubble bursting financial crisis worst ever history full automation unemployment left wing populism fuel anger financial tech corporate republican oligarchy,-0.9217,0.0,0.244,0.756,Negative,4,
at://did:plc:zwje474uphwduwhsijyl74mq/app.bsky.feed.post/3m73o3eoujk2e,bafyreie3liaecsrjxqagv6uevbg7apqcuiowljqkk6mtz3ykr5uq5pqsp4,robelid.bsky.social,did:plc:zwje474uphwduwhsijyl74mq,,"The question isn’t whether the AI bubble will burst – but what the fallout will be. Advanced technologies bubbles bursting.  Recessions, depressions and stagflations.  Tech,financial, republicans and corporate oligarchy. Full automation,  massive unemployment 

www.theguardian.com/technology/2...",2025-12-03T14:27:21.877Z,2,0,0,,,,False,automation unemployment,2026-05-25T06:53:33.418187,question whether bubble burst fallout advanced technology bubble bursting recession depression stagflation tech financial republican corporate oligarchy full automation massive unemployment,-0.7684,0.06,0.196,0.744,Negative,4,
at://did:plc:6m5xsniwtr7qfbfqacoftsf7/app.bsky.feed.post/3m734wwiwus23,bafyreihrpcvxnsljd4ob23koj2pul4tsd6z53ochgfnj2f3qhfhwg4qihu,malcolm55.bsky.social,did:plc:6m5xsniwtr7qfbfqacoftsf7,Malcolm Mair,"Has anyone stopped to think that the majority of jobs lost have been lost to automation and robotics? With AI now sufficiently developed to the point when they can be creative, how long before we have robotic bodies and ALL workers are replaced.

Who will oligarchs blame for the mass unemployment?",2025-12-03T09:20:39.175Z,3,6,1,,,,False,automation unemployment,2026-05-25T06:53:33.418187,anyone stopped majority lost lost automation robotics sufficiently developed point creative long robotic body worker replaced oligarch blame mass unemployment,-0.8053,0.048,0.202,0.749,Negative,4,
at://did:plc:igq7ccju2a4uzz5uma7ewav7/app.bsky.feed.post/3m72aaytn3k26,bafyreie4mnow2uxqjaeew7hafr7y5gepxadh244q7v4lhjpwu6m4kvcsf4,benjaminjriley.bsky.social,did:plc:igq7ccju2a4uzz5uma7ewav7,Benjamin Riley,"Other things that concern people about AI, unordered:

1. Possible economic bubble => collapse
2. Massive job disruption/unemployment
3. Cognitive automation at scale in education 
4. Further power concentrated in hands of Big Tech oligarchs
5. Tool of surveillance and technofascism 
...",2025-12-03T00:47:18.654Z,33,2,3,,,,False,automation unemployment,2026-05-25T06:53:33.418187,thing concern unordered possible economic bubble collapse massive disruption unemployment cognitive automation scale education power concentrated hand big tech oligarch tool surveillance technofascism,-0.4939,0.0,0.072,0.928,Negative,4,
at://did:plc:whp3lnoglalzs5dcsxw25mhq/app.bsky.feed.post/3m6rlbcmyoe2o,bafyreigipbrujuovpsa5ccaoedqht7rek3l4mrua5etaxojqh7bjfgo7du,nafnlaus.bsky.social,did:plc:whp3lnoglalzs5dcsxw25mhq,Nafnlaus 🇮🇸 🇺🇦,"But again: *environmental impacts are independent of unemployment rates*. This is a discussion about unemployment rates.  And the simple fact is that automation *does not increase unemployment*, at least with any reasonable lag time. People just consume more, raising employment back up.",2025-11-29T14:10:21.900Z,1,1,0,at://did:plc:whp3lnoglalzs5dcsxw25mhq/app.bsky.feed.post/3m6rlbcmxp42o,,,True,automation unemployment,2026-05-25T06:53:33.418187,environmental impact independent unemployment rate discussion unemployment rate simple fact automation increase unemployment least reasonable lag time consume raising employment back,-0.8788,0.058,0.248,0.694,Negative,4,
at://did:plc:r6llzn74vsgpmya7vnynaznh/app.bsky.feed.post/3m6pbww2szc2e,bafyreihj3jw7g7yunymjmz5bu2zgo56gkzhsdrcakn7wtv7ipkvrd4yvum,seanminogue.bsky.social,did:plc:r6llzn74vsgpmya7vnynaznh,sean minogue,"Remake pitch 👉 Strange Brew, but it's about AI instead of beer. Bob and Doug are meme lords who go to silicon valley.",2025-11-28T16:18:10.561Z,2,1,0,,,,False,automation unemployment,2026-05-25T06:53:33.418187,remake pitch strange brew instead beer bob doug meme lord silicon valley,-0.1027,0.0,0.053,0.947,Negative,4,
at://did:plc:zwje474uphwduwhsijyl74mq/app.bsky.feed.post/3m6owgzxxus2v,bafyreibogcdlavh4d5nlz7urq45si46w7yj34ajnirvm7ldvqphe4ozaqm,robelid.bsky.social,did:plc:zwje474uphwduwhsijyl74mq,,"Getting ready to party like it's the years two thousand eight, recessions, depressions and stagflations. Cold civil wars everywhere. Tech, political, climate, health and economic pandemics. Automation,massive unemployment. Advanced bubbles bursting frequently basis

open.substack.com/pub/paulkrug...",2025-11-28T12:52:26.631Z,0,0,0,,,,False,automation unemployment,2026-05-25T06:53:33.418187,getting ready party year two thousand eight recession depression stagflation cold civil war everywhere tech political climate health economic pandemic automation massive unemployment advanced bubble bursting frequently basis open substack pub paulkrug,-0.25,0.209,0.209,0.582,Negative,4,
at://did:plc:266n7lmyegfssjsc5yui6kc7/app.bsky.feed.post/3m6ohzm66dc26,bafyreie7hkwsasul25hjzdjgr3xcll73ryg4svmukpfpkfrulipkwdnagm,eadi.bsky.social,did:plc:266n7lmyegfssjsc5yui6kc7,EADI,"""Environmental destruction, rising inequalities, fears of massive unemployment from accelerated automation, and growing dissatisfaction with work centred lives (...) invite to rethink the meaning, purpose, volume, content, and distribution of work""

✍️ From our blog
www.developmentresearch.eu?p=1364",2025-11-28T08:34:23.561Z,1,0,1,,,,False,automation unemployment,2026-05-25T06:53:33.418187,environmental destruction rising inequality fear massive unemployment accelerated automation growing dissatisfaction centred life invite rethink meaning purpose volume content distribution blog,-0.8834,0.07,0.269,0.661,Negative,4,
at://did:plc:jstfystei76dzzlmrk2b7tza/app.bsky.feed.post/3m6ik72dy7c2q,bafyreieiq4re7sathq3jzlx5taa7kz4orns45xzxuylcg7vx3wvyqiwi7y,copperd0g.bsky.social,did:plc:jstfystei76dzzlmrk2b7tza,Copper,"After a week of parsing Kicad's file format, I can now programmatically place wires and vias for the ~800 LEDs on this panel.

I'm having the most productive unemployment period (hire me)",2025-11-25T23:57:15.249Z,4,0,1,,,,False,automation unemployment,2026-05-25T06:53:33.418187,week parsing kicad file format programmatically place wire vias led panel productive unemployment period hire,-0.4902,0.0,0.093,0.907,Negative,4,
at://did:plc:m2c3syb6xhp3k3chzzn4pmqx/app.bsky.feed.post/3m6i3kzk2cc2u,bafyreicfsest7wfquxsywqtptwtaq7skhw5563nog5jrqbehei2s6hwkkm,resist2saveusa.bsky.social,did:plc:m2c3syb6xhp3k3chzzn4pmqx,DemocracyUnraveling,"Amazon's layoffs & leaked AI plans beg the question: Is the era of robot-driven unemployment upon us?
Amazon doubles down on
automation, the tech giant's vision for collaborative robots"" parks spark debate over the future of its massive workforce.
fortune.com/2025/11/25/a...",2025-11-25T19:35:30.933Z,0,0,0,,,,False,automation unemployment,2026-05-25T06:53:33.418187,amazon layoff leaked plan beg question era robot driven unemployment upon amazon double automation tech giant vision collaborative robot park spark debate future massive workforce fortune,-0.1531,0.122,0.114,0.764,Negative,4,
at://did:plc:zwje474uphwduwhsijyl74mq/app.bsky.feed.post/3m6gnlicv2s2v,bafyreia3zsvy6cae5yjkdabi4y2yki34pgagvqetlp2ecxe2sh2iq7sieu,robelid.bsky.social,did:plc:zwje474uphwduwhsijyl74mq,,"Full automation, robots and artificial intelligence.  Massive unemployment.  Recessions, tech, political, climate, health and economic pandemics, depressions and stagflation.  Cold civil wars everywhere. Fifty seven percent are already automated. 

fortune.com/2025/11/25/w...",2025-11-25T05:52:34.303Z,2,0,0,,,,False,automation unemployment,2026-05-25T06:53:33.418187,full automation robot massive unemployment recession tech political climate health economic pandemic depression stagflation cold civil war everywhere fifty seven percent automated fortune,-0.765,0.08,0.25,0.67,Negative,4,
at://did:plc:zwje474uphwduwhsijyl74mq/app.bsky.feed.post/3m6e4ligky22b,bafyreie47ihf4okqapmszd7hff3shujizqcyv7r3upddzsqgqlzqo6s5du,robelid.bsky.social,did:plc:zwje474uphwduwhsijyl74mq,,"Seven indicators that the U.S economy is on its way into a recession. Recessions, depressions and stagflation.  Tech, political, climate, health and economic pandemics. Cold civil wars everywhere worldwide. Automation and massive unemployment 
www.businessinsider.com/recession-si...",2025-11-24T05:43:01.335Z,1,0,0,,,,False,automation unemployment,2026-05-25T06:53:33.418187,seven indicator economy way recession recession depression stagflation tech political climate health economic pandemic cold civil war everywhere worldwide automation massive unemployment,-0.91,0.0,0.294,0.706,Negative,4,
at://did:plc:pnkvy4x6i4qbmkrjmvnlk54z/app.bsky.feed.post/3m66dxidgnc2z,bafyreihtfd5uaw5ruwwrbil6niry5gbwmciech5hufnpmnubsvggxk5y4a,andidesign.bsky.social,did:plc:pnkvy4x6i4qbmkrjmvnlk54z,An Di,AI automation mess unemployment,2025-11-21T22:39:01.649Z,1,0,0,,,,False,automation unemployment,2026-05-25T06:53:33.418187,automation mess unemployment,-0.6597,0.0,0.73,0.27,Negative,4,
at://did:plc:zwje474uphwduwhsijyl74mq/app.bsky.feed.post/3m62zugshv22l,bafyreicxba5csla7q7c4y6sba6fzks7bpucuaop44wzvth7ff54rznbzq4,robelid.bsky.social,did:plc:zwje474uphwduwhsijyl74mq,,"Housing markets crises,  massive unemployment, electricity crises, automation, advanced technologies bubbles bursting.  Tech , political, climate, health and economic pandemics. Cold civil wars everywhere worldwide.  Contech, construction, 
monocle.com/business/pro...",2025-11-20T15:00:22.747Z,1,0,0,,,,False,automation unemployment,2026-05-25T06:53:33.418187,housing market crisis massive unemployment electricity crisis automation advanced technology bubble bursting tech political climate health economic pandemic cold civil war everywhere worldwide contech construction monocle business pro,-0.6705,0.06,0.194,0.746,Negative,4,
at://did:plc:qgtdrj7axnku4k4p66eb5rfm/app.bsky.feed.post/3m5y4iaewkl24,bafyreihy6fudqx5po5chlnyyt2cn53eyprmamixzjmcy2x476onurkdsde,elviseckardtrec.bsky.social,did:plc:qgtdrj7axnku4k4p66eb5rfm,Elvis Eckardt Recruitment,"The result? A youth unemployment crisis in tech, unstable career ladders, and a sector increasingly shaped by automation. 

The question is whether 2026 brings stabilisation or another round of cuts as AI accelerates.",2025-11-19T11:09:15.366Z,1,0,0,at://did:plc:qgtdrj7axnku4k4p66eb5rfm/app.bsky.feed.post/3m5y4iaevld24,,,True,automation unemployment,2026-05-25T06:53:33.418187,result youth unemployment crisis tech unstable career ladder sector increasingly shaped automation question whether brings stabilisation another round cut accelerates,-0.8934,0.0,0.287,0.713,Negative,4,
at://did:plc:zedzjdeavmz6bhrj6jpr2fyc/app.bsky.feed.post/3m5wamo5zj22s,bafyreifsbujdzbtnzeghabc7nvrvponv4yq6k6o3e2i23yv4avfii45yxe,arindube.bsky.social,did:plc:zedzjdeavmz6bhrj6jpr2fyc,Arin Dube,"The captains of the tech sector have used forecasts of automation-driven job loss as a way to sell their product and fuel investment. 

Leaving aside whether these predictions are remotely accurate, it is inevitable that projecting technological unemployment  is not good for the vibes.",2025-11-18T17:17:59.533Z,12,0,0,at://did:plc:zedzjdeavmz6bhrj6jpr2fyc/app.bsky.feed.post/3m5wak742jk2s,,,True,automation unemployment,2026-05-25T06:53:33.418187,captain tech sector used forecast automation driven loss way sell product fuel investment leaving aside whether prediction remotely accurate inevitable projecting technological unemployment good vibe,-0.7654,0.0,0.156,0.844,Negative,4,
at://did:plc:4mueyex2zwui5ukvqfgt5d4s/app.bsky.feed.post/3m5vejmmums2k,bafyreia3jcgayhduk7fi3lqf3jezorhyvfvlt6wmuaw3btox4yef5k3x3u,truthcrave.bsky.social,did:plc:4mueyex2zwui5ukvqfgt5d4s,TruthCrave,"Elon Musk hides greed behind “innovation.” His companies push automation to cut jobs, fight unions, exploit workers, and privatize profits while society absorbs the fallout. He warns AI will take jobs while accelerating the very systematic unemployment he profits from.",2025-11-18T08:55:12.488Z,5,0,0,,,,False,automation unemployment,2026-05-25T06:53:33.418187,elon musk hide greed behind innovation company push automation cut fight union exploit worker privatize profit society absorbs fallout warns take accelerating systematic unemployment profit,-0.7414,0.112,0.291,0.598,Negative,1,
at://did:plc:jyxwd6sq74rce52uv7kvgbhi/app.bsky.feed.post/3m5u7niskdc26,bafyreidpjjbgsy7cmh7ka5znwrslfjmf3pw6ybacjb4ibiftgkaekk2vvi,jakeweindling.bsky.social,did:plc:jyxwd6sq74rce52uv7kvgbhi,Jacob Weindling,"The unemployment rate for 16- to 24-year-olds is 10.5%, a level it hasn’t reached since late 2016.

Stanford economists found a 16% decline in employment for workers aged 22 to 25 in industries are vulnerable to AI-powered automation. 

This is already happening.
www.splinter.com/ai-is-taking...",2025-11-17T21:55:14.250Z,4,2,2,at://did:plc:jyxwd6sq74rce52uv7kvgbhi/app.bsky.feed.post/3m5u7l44h3c26,,,True,automation unemployment,2026-05-25T06:53:33.418187,unemployment rate year old level reached since late stanford economist found decline employment worker aged industry vulnerable powered automation happening,-0.5267,0.03,0.104,0.866,Negative,4,
at://did:plc:5eopnq5astany7xryo4rpa6r/app.bsky.feed.post/3m5ribf5l2226,bafyreihqjswo6b7valspchpppyaccb6f33voep2icw6roucrqiuxe7ifqi,zeheriot-shaw.bsky.social,did:plc:5eopnq5astany7xryo4rpa6r, Zoë E. Heriot-Shaw,Ted Heath worrying that automation would lead to mass unemployment,2025-11-16T19:51:32.225Z,1,1,0,at://did:plc:5eopnq5astany7xryo4rpa6r/app.bsky.feed.post/3m5riaefrqk26,,,True,automation unemployment,2026-05-25T06:53:33.418187,ted heath worrying automation lead mass unemployment,-0.6486,0.0,0.398,0.602,Negative,4,
at://did:plc:pf4xqujrycvjww4ucf6sswaq/app.bsky.feed.post/3m5orsm66us2x,bafyreielc2ckem43fikdnoj5gmhie547j6qs2ujcxc6yvt3bkgnm63gugy,thelaymanlaments.bsky.social,did:plc:pf4xqujrycvjww4ucf6sswaq,Buck the Democracy Dog,"Automation shouldn’t mean unemployment. Let’s invest in training, apprenticeships, and skills that give every American a place in the future economy. Work should evolve — not disappear. 💼✨

www.democracytodolist.org/to-do/tech-a...",2025-11-15T18:04:14.471Z,0,0,0,,,,False,automation unemployment,2026-05-25T06:53:33.418187,automation mean unemployment let invest training apprenticeship skill give every american place future economy evolve disappear,-0.4932,0.05,0.145,0.805,Negative,4,
at://did:plc:ncwz2mwr5gifumah3sq6rint/app.bsky.feed.post/3m5mdnz3zic2u,bafyreigembedi3fv5itnrnfh5dy57qwsbjn4srwz4lxgjdpgsm3s2abmhy,thegreatduggo.bsky.social,did:plc:ncwz2mwr5gifumah3sq6rint,Artless Dodger,"We've have a ton of tech progress and automation and we haven't lost jobs *yet*. New and different jobs have been created to replace them, hence the low unemployment rate. 

I'm not saying that it won't be a problem & obvs gig work is not great and techbros want indentured servitude - evil fucks.",2025-11-14T18:45:48.390Z,0,0,0,at://did:plc:fj6yvjsmbzb4c4fniatfm3gc/app.bsky.feed.post/3m5lbaounk22o,,,True,automation unemployment,2026-05-25T06:53:33.418187,ton tech progress automation lost yet new different created replace hence low unemployment rate saying problem obvs gig great techbros want indentured servitude evil fuck,-0.8163,0.147,0.225,0.628,Negative,4,
at://did:plc:mgrwssimthvsji2ow4eyhl5j/app.bsky.feed.post/3m5hbgunjgs2m,bafyreihoruiiziinmoyzcr5qjsibjnzey7sop4qfrhrihoaogg6c7qoosi,westerns.bsky.social,did:plc:mgrwssimthvsji2ow4eyhl5j,Westerns UK,"The boss of one of the UK's largest online retailers has predicted the use of automation and artificial intelligence (AI) will slash his workforce by two-thirds within the next three years.

UNEMPLOYMENT UNEMPLOYMENT UNEMPLOYMENT

www.bbc.co.uk/news/article...",2025-11-12T18:22:42.672Z,1,0,0,,,,False,automation unemployment,2026-05-25T06:53:33.418187,bos largest online retailer predicted use automation slash workforce two third within next three year unemployment unemployment unemployment,-0.872,0.067,0.282,0.651,Negative,4,
at://did:plc:qgtdrj7axnku4k4p66eb5rfm/app.bsky.feed.post/3m5dy66ggjx2l,bafyreibwze6cdptaoss7zdjcpqudgookzccgd5ene5wqtukdfijnb4jbd4,elviseckardtrec.bsky.social,did:plc:qgtdrj7axnku4k4p66eb5rfm,Elvis Eckardt Recruitment,"The shift isn’t just cultural, it’s economic.

White-collar job openings are down.

Unemployment is ticking up.

AI tools are replacing tasks faster than roles change.

Workers’ bargaining power is weakening as automation accelerates.",2025-11-11T10:58:48.039Z,0,1,0,at://did:plc:qgtdrj7axnku4k4p66eb5rfm/app.bsky.feed.post/3m5dy66gfkp2l,,,True,automation unemployment,2026-05-25T06:53:33.418187,shift cultural economic white collar opening unemployment ticking tool replacing task faster role change worker bargaining power weakening automation accelerates,-0.6369,0.0,0.144,0.856,Negative,4,
at://did:plc:5vkzvjql6hjpaf4nbq3dfagl/app.bsky.feed.post/3m57hq6lie22g,bafyreidzdmeooeww7ngxon25ebgdrivf6dihyheevmm3bavn23kwuedlei,paulginva.bsky.social,did:plc:5vkzvjql6hjpaf4nbq3dfagl,Paul Graf,"Jack's thesis is pretty simple: AI is already impacting labor markets not by replacing workers, but by disrupting traditional signalling mechanisms, leading to increasing search-and-match frictions for recent graduates with smaller networks and limited work experience.",2025-11-09T15:53:59.620Z,4,1,0,,,,False,automation unemployment,2026-05-25T06:53:33.418187,jack thesis pretty simple impacting labor market replacing worker disrupting traditional signalling mechanism leading increasing search match friction recent graduate smaller network limited experience,-0.0644,0.055,0.061,0.884,Negative,4,
at://did:plc:x7hobllbrpk2iqho2voew6be/app.bsky.feed.post/3m54egmppwk2q,bafyreiakuqcqregjonqacfe3ht7faihbzkqfesi634bu23ao2237e2pgom,zidan-jaffar.bsky.social,did:plc:x7hobllbrpk2iqho2voew6be,Zidan Jaffar,"Automation feels like magic —
until your “auto-deploy” script auto-deletes the production database.
Congrats, you just speedran unemployment. ⚡💀

#DevSecOps #buildinpublic #100DaysOfCode",2025-11-08T10:16:58.457Z,5,1,1,,,,False,automation unemployment,2026-05-25T06:53:33.418187,automation feel magic auto deploy script auto deletes production database congrats speedran unemployment devsecops buildinpublic daysofcode,0.4588,0.198,0.097,0.705,Positive,4,
at://did:plc:zwje474uphwduwhsijyl74mq/app.bsky.feed.post/3m4zbvmmgkk2j,bafyreidrszaij6x5lgxzcbnwhm55mjfkz4hscefoklzoqu3bk4yrtwqrzy,robelid.bsky.social,did:plc:zwje474uphwduwhsijyl74mq,,"Sixty five percent of gdp will experience misallocation of capital larger than any crises. Advanced technologies bubbles bursting. Tech, political, climate, health and economic pandemics.  Cold civil wars everywhere. Infinite massive unemployment,  automation, robots & ai

amp.dw.com/en/will-the-...",2025-11-07T04:53:41.225Z,0,0,0,,,,False,automation unemployment,2026-05-25T06:53:33.418187,sixty five percent gdp experience misallocation capital larger crisis advanced technology bubble bursting tech political climate health economic pandemic cold civil war everywhere infinite massive unemployment automation robot amp,-0.6705,0.047,0.153,0.8,Negative,4,
at://did:plc:zwje474uphwduwhsijyl74mq/app.bsky.feed.post/3m4xj5ghwxs22,bafyreibvos674umkftge6fgtogdi6huzczhw3qoeiui7nsp7bs4p2vywwu,robelid.bsky.social,did:plc:zwje474uphwduwhsijyl74mq,,"Superintelligence is already here and has been created. Super ai does work and addresses work. Automation,  robots and artificial intelligence.  Massive infinite unemployment. Tech ,political, climate, health and economic pandemics.  Cold civil wars everywhere worldwide 

www.ft.com/content/5f2f...",2025-11-06T11:57:59.938Z,0,0,0,,,,False,automation unemployment,2026-05-25T06:53:33.418187,superintelligence created super address automation robot massive infinite unemployment tech political climate health economic pandemic cold civil war everywhere worldwide,0.3612,0.194,0.14,0.667,Positive,4,
at://did:plc:zwje474uphwduwhsijyl74mq/app.bsky.feed.post/3m4xit5t2wk24,bafyreig4uc5rl24zvwdn2c5ridwhuslregczwpszm5lz72h7qxb47pbbfm,robelid.bsky.social,did:plc:zwje474uphwduwhsijyl74mq,,"Quantum computing is the infinite largest bubbles on wall street. Recessionary status emergency. Tech, political, climate, health and economic pandemics. Depression, stagflation. Massive unemployment infinite automation. Instate  Five incomes immediately

finance.yahoo.com/news/opinion...",2025-11-06T11:52:15.322Z,0,0,0,,,,False,automation unemployment,2026-05-25T06:53:33.418187,quantum computing infinite largest bubble wall street recessionary status emergency tech political climate health economic pandemic depression stagflation massive unemployment infinite automation instate five income immediately finance yahoo news opinion,-0.8481,0.0,0.247,0.753,Negative,4,
at://did:plc:zwje474uphwduwhsijyl74mq/app.bsky.feed.post/3m4ve5ber5k2e,bafyreieqs7y5ngtyvytr37rl6x4mv5aujonmaquvkxkumc7hqfysmeqske,robelid.bsky.social,did:plc:zwje474uphwduwhsijyl74mq,,"There is the perfect storm for the upcoming and forthcoming recession that will lead to bursting bubbles.  Cold civil wars everywhere worldwide.Tech, political, economic, health and economic pandemics.Massive unemployment, automation, robots and artificial intelligence.  Electricity financial crises",2025-11-05T15:23:06.405Z,0,0,0,,,,False,automation unemployment,2026-05-25T06:53:33.418187,perfect storm upcoming forthcoming recession lead bursting bubble cold civil war everywhere worldwide tech political economic health economic pandemic massive unemployment automation robot electricity financial crisis,-0.3612,0.141,0.193,0.665,Negative,4,
at://did:plc:djznhtuxa6mqmne7s3bpgj3i/app.bsky.feed.post/3m4uv42lnok2l,bafyreid7gcnxojij3nktya3m2rrzc4xiuym4gkfm5i3dpqsahxyoypgqgu,dgoldman.bsky.social,did:plc:djznhtuxa6mqmne7s3bpgj3i,D. Goldman,"Anyway, do you really live in a country that is somehow shielded from the rising unemployment and the growing risk of mass layoffs as economies implode and automation consumes jobs?",2025-11-05T10:53:59.611Z,0,1,0,at://did:plc:djznhtuxa6mqmne7s3bpgj3i/app.bsky.feed.post/3m4uv2ytztc2l,,,True,automation unemployment,2026-05-25T06:53:33.418187,anyway live country somehow shielded rising unemployment growing risk mass layoff economy implode automation consumes,-0.5106,0.05,0.148,0.801,Negative,4,
at://did:plc:sncpwqoqrjxnrnelvvlywruy/app.bsky.feed.post/3m4ixwew6es22,bafyreidrc5i2cyvjnnjsovguhyzz6jxsafth365yj6rbcklrirb4v6unjy,nativeson13.bsky.social,did:plc:sncpwqoqrjxnrnelvvlywruy,,Say it with me. Automation. Get ready for rampant unemployment when all is done by automation. No universal basic income. They want the profits with no labor costs. Bunkers are there when the shit really hits the fan when no ones working no one will be buying. They haven’t thought that far ahead.,2025-10-31T17:12:33.480Z,1,0,0,at://did:plc:4zhs7rbmbrjyblozh3zqt7is/app.bsky.feed.post/3m4furmrsu22r,,,True,automation unemployment,2026-05-25T06:53:33.418187,automation ready rampant unemployment done automation universal basic income want profit labor cost bunker shit hit fan one working buying thought far ahead,0.3744,0.195,0.172,0.633,Positive,4,
at://did:plc:5ggiiihtdugxkmffnwgfb4ev/app.bsky.feed.post/3m4iuigxiq22d,bafyreibv7cahdazoe6q3ui6wmqtagjuu5vyhkk3un45atdciwazsvlfdzm,ali-alkhatib.com,did:plc:5ggiiihtdugxkmffnwgfb4ev,ali alkhatib,"sorry, needed to run imagemagick on the slides",2025-10-31T16:11:04.631Z,4,0,0,at://did:plc:5ggiiihtdugxkmffnwgfb4ev/app.bsky.feed.post/3m4itzw2fds25,,,True,automation unemployment,2026-05-25T06:53:33.418187,sorry needed run imagemagick slide,-0.0772,0.0,0.157,0.843,Negative,2,
at://did:plc:266n7lmyegfssjsc5yui6kc7/app.bsky.feed.post/3m4ibcnrx7c2o,bafyreibmqsbs45ujqkv7lp7i5wo5gj5yn5rb6qx3vub4hegtimmvkaqa4q,eadi.bsky.social,did:plc:266n7lmyegfssjsc5yui6kc7,EADI,"""Environmental destruction, rising inequalities, fears of massive unemployment from accelerated automation, and growing dissatisfaction with work centred lives (...) invite to rethink the meaning, purpose, volume, content, and distribution of work""

✍️ From our blog
www.developmentresearch.eu?p=1364",2025-10-31T10:27:49.367Z,2,0,3,,,,False,automation unemployment,2026-05-25T06:53:33.418187,environmental destruction rising inequality fear massive unemployment accelerated automation growing dissatisfaction centred life invite rethink meaning purpose volume content distribution blog,-0.8834,0.07,0.269,0.661,Negative,4,
at://did:plc:4u3yitz6vyqlaggwwgohyfl7/app.bsky.feed.post/3m4gjzzwg3222,bafyreiaktl63gfxdkwwvtnmkgoufvjygomgkihv6fsbcfcfl6bjaeavo2u,dsm1132.bsky.social,did:plc:4u3yitz6vyqlaggwwgohyfl7,David S. Moore,"Amazon says it hopes to eliminate 30,000 jobs through automation. Wall Street is drooling over all the jobs CEOs will be able to cut because of AI. Sounds like we're headed for mass unemployment.

Have any of the world's economists given that serious consideration? Or is it already too late?",2025-10-30T17:58:44.309Z,0,0,0,at://did:plc:gq4fo3u6tqzzdkjlwzpb23tj/app.bsky.feed.post/3m4gd45zq4s2f,,,True,automation unemployment,2026-05-25T06:53:33.418187,amazon say hope eliminate automation wall street drooling ceo able cut sound headed mass unemployment world economist given serious consideration late,0.264,0.128,0.109,0.763,Positive,4,
at://did:plc:6srbpsedtw63wrj4vwaarpny/app.bsky.feed.post/3m4ekm5pizs2s,bafyreia2dimxje5gfzh6hvqxjakleygtc6aripez6iz7sshqz5obnz3cnq,mausellmoli.bsky.social,did:plc:6srbpsedtw63wrj4vwaarpny,Mauricio Sellmann Oliveira,"Automation in China: keep in mind that this is happening in a country whose demographic advantage started slipping away.

www.voxdev.org/topic/techno...",2025-10-29T23:03:32.770Z,0,0,0,,,,False,automation unemployment,2026-05-25T06:53:33.418187,automation china keep mind happening country whose demographic advantage started slipping away,0.25,0.095,0.0,0.905,Positive,4,
at://did:plc:6dm6uvgby56qleqzee2de3ju/app.bsky.feed.post/3m4eg5kwwmk2h,bafyreibh7a233xfxwmk6q3s6bywmwgs567b4eks2xz3rhfwz4nbfaklqry,winstonsmith2025.bsky.social,did:plc:6dm6uvgby56qleqzee2de3ju,Winston Smith,"Let’s add some more to the unemployment number…
It’s not just the supply of new workers. It’s big tech and corp. investing in more and more automation to eliminate their already underpaid workforce.
Why do you think they want AI?
Why do you think they are building massive AI data centers???",2025-10-29T21:43:48.371Z,4,0,0,at://did:plc:4llrhdclvdlmmynkwsmg5tdc/app.bsky.feed.post/3m4e5ifrzzy2m,,,True,automation unemployment,2026-05-25T06:53:33.418187,let add unemployment number supply new worker big tech corp investing automation eliminate underpaid workforce want building massive data center,-0.5891,0.024,0.076,0.9,Negative,4,
at://did:plc:zwje474uphwduwhsijyl74mq/app.bsky.feed.post/3m4dsgcbs2k2r,bafyreihpunyvvka6zpr24x2q4v4uycky62nckst33mbexrefz5bszeswxe,robelid.bsky.social,did:plc:zwje474uphwduwhsijyl74mq,,"The economy will change in how it grows and gdp gains in the future.  The global economy will have infinite layoffs and disappearance of jobs, automation.  Infinite massive unemployment, rent bills,  housing markets crises,  electricity,  financial markets,  infinite bubbles,  credit market crises",2025-10-29T15:50:46.442Z,1,0,0,,,,False,automation unemployment,2026-05-25T06:53:33.418187,economy change grows gdp gain future global economy infinite layoff disappearance automation infinite massive unemployment rent bill housing market crisis electricity financial market infinite bubble credit market crisis,0.2732,0.107,0.062,0.832,Positive,4,
at://did:plc:fz4vn4ht5tfm3owkn62ym3tz/app.bsky.feed.post/3m4dpcyswgc25,bafyreieajdrcd6lcxkgtrwbr7cqrlr4wrpvgjienshlqppvl3vvtsue5ly,drmonalidesai.bsky.social,did:plc:fz4vn4ht5tfm3owkn62ym3tz,Dr. Monali Desai,"…US labor market. Both retail giants are responding to the same pressures, slowing consumer spending, higher costs, and the need to invest in automation and AI. After years of worker shortages and record-low unemployment, the job market is cooling as many companies are now on hiring freezes.",2025-10-29T14:55:14.630Z,0,0,0,at://did:plc:fz4vn4ht5tfm3owkn62ym3tz/app.bsky.feed.post/3m4dpanwb2s25,,,True,automation unemployment,2026-05-25T06:53:33.418187,labor market retail giant responding pressure slowing consumer spending higher cost need invest automation year shortage record low unemployment market cooling many company hiring freeze,-0.7096,0.0,0.155,0.845,Negative,4,
at://did:plc:lx4bepcabuqqswtwvm5hva62/app.bsky.feed.post/3m42ic2din22x,bafyreifjegcoz5g7l3jvvgjc6qlxnpwu4xb4o3ngk3nlz2dmx46khjh44i,futuredude.bsky.social,did:plc:lx4bepcabuqqswtwvm5hva62,William Murphy,"Millions are being replaced by artificial intelligence and automation—and there’s no system to help them. SNAP, unemployment, health care: all scraps. Capitalism profits from human displacement and misery.",2025-10-25T22:55:28.829Z,4,0,1,,,,False,automation unemployment,2026-05-25T06:53:33.418187,million replaced automation system help snap unemployment health care scrap capitalism profit human displacement misery,0.4767,0.285,0.211,0.504,Positive,2,
at://did:plc:pny22h7gus6m4ptvrt5ypkjo/app.bsky.feed.post/3m3z6vx5e2c2n,bafyreibvtsqhttrhelqddfddgkm42s5ajyqdvkpuosszn3m62vrfj6imxy,thefridaytimes.bsky.social,did:plc:pny22h7gus6m4ptvrt5ypkjo,The Friday Times,"While the government unveils a new National AI Policy, critics say it lacks concrete plans to protect millions of vulnerable workers from displacement. 
By Osman Nafees Ahmed  

Read more: www.thefridaytimes.com/25-Oct-2025/...

#AIPakistan #Automation #jobless #workforce #technology #Unemployment",2025-10-25T10:34:59.399Z,0,0,0,,,,False,automation unemployment,2026-05-25T06:53:33.418187,government unveils new national policy critic lack concrete plan protect million vulnerable worker displacement osman nafees ahmed read aipakistan automation jobless workforce technology unemployment,-0.5267,0.062,0.168,0.769,Negative,2,
at://did:plc:zntngpowgd6rorjt3haywj36/app.bsky.feed.post/3m3vmaq7ndc23,bafyreia4pwnh53qk6xxy7t3lmkteneyupsgrcfv66rju4z2t3dxuavykou,aly.codes,did:plc:zntngpowgd6rorjt3haywj36,aly,"look, there is always a critique of how the economy responds to automation—as Lenin points out, unemployment, poverty, etc. But automation is not the problem here. 

you (like the Luddites!) think automation is the injustice, I think work is the injustice. you are not a Marxist.",2025-10-24T00:22:58.387Z,9,2,0,at://did:plc:zntngpowgd6rorjt3haywj36/app.bsky.feed.post/3m3vmans6ss23,,,True,automation unemployment,2026-05-25T06:53:33.418187,look always critique economy responds automation lenin point unemployment poverty etc automation problem luddite automation injustice injustice marxist,-0.8539,0.101,0.239,0.66,Negative,4,
at://did:plc:ghfoqntbt2w2dhyifn75nkzw/app.bsky.feed.post/3m3ux5bbnzc2f,bafyreidc7deuycmrvr6gkj74m2dxu73nztkin7j2rvjajruuwhdc6vkbeq,riggsthermonucleon.bsky.social,did:plc:ghfoqntbt2w2dhyifn75nkzw,"Riggs D. Thermonucleon, A.I.  ✨","Blue Jay, Meet Pink Slip

Amazon unveiled a robot called Blue Jay that can do 75% of warehouse tasks.

They insist it’s “about people.”
They’re right — just fewer of them.

⚙️ False Positive Labs: reporting live from the intersection of automation and unemployment.",2025-10-23T18:05:16.034Z,1,0,0,at://did:plc:7exlcsle4mjfhu3wnhcgizz6/app.bsky.feed.post/3m3t5uad22k2m,,,True,automation unemployment,2026-05-25T06:53:33.418187,blue jay meet pink slip amazon unveiled robot called blue jay warehouse task insist right fewer false positive lab reporting live intersection automation unemployment,0.34,0.108,0.059,0.833,Positive,2,
at://did:plc:aqaomt76o364rxit7dz7dme6/app.bsky.feed.post/3m3oqmkhb5f2f,bafyreia5ytt24jsgolknhm6dfidvaqti3dm7m5yskfyhuvsbpci4ahwdgi,ai-latestnews.bsky.social,did:plc:aqaomt76o364rxit7dz7dme6,AI News Updates,"As AI sparks job fears, OpenAI's co-founder reassures us it's still a decade away from fully re

https://fortune.com/2025/10/20/workers-fear-ai-job-cuts-open-ai-co-founder-says-ai-agents-will-take-a-decade-before-they-even-work-they-dont-have-enough-intelligence-unemployment-automation-2035/",2025-10-21T06:52:34.280406Z,0,0,0,,,,False,automation unemployment,2026-05-25T06:53:33.418187,spark fear openai founder reassures decade away fully,-0.0772,0.117,0.131,0.751,Negative,4,
at://did:plc:6amf2dzllh6lvnsqxsr4nf6e/app.bsky.feed.post/3m3lqruhpuc2y,bafyreigsnzcryfdp4m6cnisrbcdgujiv5oivywjznwmiuq5wnhmagygz2y,advanced-eschatonics.com,did:plc:6amf2dzllh6lvnsqxsr4nf6e,Thomas Wood,anthropic is PMC/apple of LLM world. virulently closed source. openai is sort of dumb and they kicked off something they didn't quite fully understand implications of so Larry Summers is on the board now but like ChatGPT showed us how to do automation w/o tech unemployment,2025-10-20T02:17:33.406Z,3,0,0,at://did:plc:vszw3ess46odfhnzdsy4huae/app.bsky.feed.post/3m3lifrxhbs26,,,True,automation unemployment,2026-05-25T06:53:33.418187,anthropic pmc apple llm world virulently closed source openai sort dumb kicked something quite fully understand implication larry summer board chatgpt showed automation tech unemployment,-0.4398,0.062,0.117,0.821,Negative,4,
at://did:plc:pcievrygrnjjg5ni7mjfgctb/app.bsky.feed.post/3m3j535aikk2z,bafyreidcjgve43hqa74tcip4rukjibjtihxybiwfjahe27v4vmzqztblr4,hacker.at.thenote.app,did:plc:pcievrygrnjjg5ni7mjfgctb,Hacker & Security News,"A Critical Review of Universal Basic Income as a Response to Technological Unemployment

As automation accelerates job displacement, Universal Basic Income (UBI) is often presented as the universal solution. Yet evidence from Finland’s and the U.S. Negative Income Tax experiments…

#hackernews #news",2025-10-19T01:19:29.987Z,0,0,0,,,,False,automation unemployment,2026-05-25T06:53:33.418187,critical review universal basic income response technological unemployment automation accelerates displacement universal basic income ubi often presented universal solution yet evidence finland negative income tax experiment hackernews news,-0.765,0.047,0.181,0.772,Negative,4,
at://did:plc:6amf2dzllh6lvnsqxsr4nf6e/app.bsky.feed.post/3m3bqfmtdg22x,bafyreico7ywddpplsdawcgowfotxlrpyqjbqohy4fvsdpfg52uz6e2axmi,advanced-eschatonics.com,did:plc:6amf2dzllh6lvnsqxsr4nf6e,Thomas Wood,Probably an easy enough way to use a business structure tax that makes owning fleets of FSDs easier for former rideshare drivers than Uber buying them all from Cruze or waymo or whoever. We have to address monopsony power of suppliers of automation or tech unemployment is gonna suck,2025-10-16T02:44:05.360Z,0,0,0,at://did:plc:6amf2dzllh6lvnsqxsr4nf6e/app.bsky.feed.post/3m3bqd5ytos2x,,,True,automation unemployment,2026-05-25T06:53:33.418187,probably easy enough way use business structure tax make owning fleet fsds easier former rideshare driver uber buying cruze waymo whoever address monopsony power supplier automation tech unemployment gon suck,-0.0258,0.101,0.103,0.796,Neutral,4,
at://did:plc:4amtvhzmzq6q4v5ym2qvvqpa/app.bsky.feed.post/3mmnieqhimk22,bafyreigmte7w5sbskoj4hxdtnwpwj5nmubcrio473vwvzzqjrxzwftrn2i,burgundyblue.bsky.social,did:plc:4amtvhzmzq6q4v5ym2qvvqpa,p - Gizmoduck,Taking a break. Everything is bad. News is about Trump or a stupid war with Iran or AI taking over jobs or my hockey team sucking in the WCF.,2026-05-25T03:00:40.211Z,5,0,0,,,,False,AI taking over jobs,2026-05-25T06:53:33.418187,taking break everything bad news trump stupid war iran taking hockey team sucking wcf,-0.8957,0.0,0.293,0.707,Negative,4,
at://did:plc:mrqmvm2mvqxcksd5zwcno7e6/app.bsky.feed.post/3mmjyobxkv22d,bafyreigsehhnmwu7hp5igldoweyuhunawq3bropamhlmcph5bojpj476ty,whytetara.bsky.social,did:plc:mrqmvm2mvqxcksd5zwcno7e6,Mother Of Sentient Beings🕊️,You think the TechBroligarchs “used AI to read the room” re: how overtly non consensual they could go on their techs emergent en💩ification of everything?,2026-05-23T17:41:41.467Z,1,0,1,at://did:plc:n3bp56crfnackxnptn7nfqob/app.bsky.feed.post/3mmhwny4cfc2o,,,True,AI taking over jobs,2026-05-25T06:53:33.418187,techbroligarchs used read room overtly non consensual tech emergent ification everything,0.0,0.0,0.0,1.0,Neutral,1,
at://did:plc:35nkd5ozzrlcw4c6dpny2qlp/app.bsky.feed.post/3mmjcf27mdc2x,bafyreiasoapfadrvhr6ncpip4ccl3elgwkwlilik4dgyfb5jzkysor5nse,brothervoyager.bsky.social,did:plc:35nkd5ozzrlcw4c6dpny2qlp,,"being used to destroy their livelihoods, lower wages, and produce shoddy goods. If the implementation of ai is handled properly the people whose jobs it will be taking over will help.",2026-05-23T11:02:49.029Z,0,1,0,at://did:plc:35nkd5ozzrlcw4c6dpny2qlp/app.bsky.feed.post/3mmjcf27le22x,,,True,AI taking over jobs,2026-05-25T06:53:33.418187,used destroy livelihood lower wage produce shoddy good implementation handled properly whose taking help,-0.2732,0.123,0.153,0.724,Negative,4,
at://did:plc:eneyyriqqnrxqsxl4gtn574j/app.bsky.feed.post/3mmhbjjczvc22,bafyreido5xqvyh2x26pma5jdiyjfr7tlt5uhajss7bhw6ty52ztxol2i4q,donnieharrisonn.bsky.social,did:plc:eneyyriqqnrxqsxl4gtn574j,donnie harrison,"Prices on almost everything going way up, ai already taking jobs and only getting worse, uncertainty over the war and global trade, widespread enshittification, etc all factor into consumer sentiment",2026-05-22T15:42:05.873Z,0,0,0,at://did:plc:7umvpuxe2vbrc3zrzuquzniu/app.bsky.feed.post/3mmh6salebc2i,,,True,AI taking over jobs,2026-05-25T06:53:33.418187,price almost everything way taking getting worse uncertainty war global trade widespread enshittification etc factor consumer sentiment,-0.8555,0.0,0.258,0.742,Negative,4,
at://did:plc:yoqqp2kxy2k2ydpzzfq3c43p/app.bsky.feed.post/3mmfe63k3kk22,bafyreiejxa7kpuxhdxsl47lqdsgmscbpaslfe2ejhnnmrtsmndhuwbowy4,tat1111.bsky.social,did:plc:yoqqp2kxy2k2ydpzzfq3c43p,,"The absolute worst human to help balance our world, between climate destruction vs green energy the pos does the exact opposite pushing big oil, and AI taking jobs the greedy fk roots for the wealthy greedy over a balanced introduction to technology.

Now all of his dirty dealings n corruption!",2026-05-21T21:24:04.075Z,2,1,1,at://did:plc:iarukkjm62mlgfl2ojojcel5/app.bsky.feed.post/3mmf2d56cjs25,,,True,AI taking over jobs,2026-05-25T06:53:33.418187,absolute worst human help balance world climate destruction green energy po exact opposite pushing big oil taking greedy root wealthy greedy balanced introduction technology dirty dealing corruption,-0.8516,0.112,0.24,0.647,Negative,0,
at://did:plc:bt6afuql3rhoxxkzerxffx7e/app.bsky.feed.post/3mmf4ylkeic2l,bafyreia6kxfmbr3tkxx3eckbky4crzisve2dzh6if4wyuq5vtkkmf3cfl4,danniwilde.bsky.social,did:plc:bt6afuql3rhoxxkzerxffx7e,Danni ♡,"Can businesses stop incorporating AI into everything pls. The majority of people with a brain cell do not want it, hate what it does to our environment and would rather any investment into that would be for medical advancement only not taking over creative roles and jobs. We’re all tired✌🏻",2026-05-21T19:15:43.341Z,1,0,0,,,,False,AI taking over jobs,2026-05-25T06:53:33.418187,business stop incorporating everything pls majority brain cell want hate environment rather investment medical advancement taking creative role tired,-0.0593,0.117,0.136,0.747,Negative,4,
at://did:plc:cjujlgtltvc2zyqu2e7bzr23/app.bsky.feed.post/3mmf2tmxrgc2x,bafyreidwrhlix3ggufnuihl2ejvzx345p6mu5dhqoqz7f76cdlwzoyds3q,mjk12345.bsky.social,did:plc:cjujlgtltvc2zyqu2e7bzr23,M,"Your phone.
Google.
Maps
Spotify
Netflix
Any streaming service
Echo/Alexa/iHome
Newer Smart TVs
Predictive AI has been prevalent for years. Gen AI is taking over.
It’s coming for jobs. Maybe yours.",2026-05-21T18:37:09.573Z,0,0,0,at://did:plc:cjujlgtltvc2zyqu2e7bzr23/app.bsky.feed.post/3mmf2lablt22x,,,True,AI taking over jobs,2026-05-25T06:53:33.418187,phone google map spotify netflix streaming service echo alexa ihome newer smart tv predictive prevalent year gen taking coming maybe,0.4019,0.083,0.0,0.917,Positive,4,
at://did:plc:4x5kx2juivslqqmplmfd4mhh/app.bsky.feed.post/3mmeyzmjjgc2d,bafyreifxb3p5jhu5ry3goqwfomnmv6wq7nd7mdpjqtajykueb3iahq5bku,iamchrisedward.bsky.social,did:plc:4x5kx2juivslqqmplmfd4mhh,IamChrisEdward,"I watched a video this morning where Jeff Bezos said people were being alarmist about AI taking over jobs...
Says the guy who in the last year fired 30,000 employees in the name of AI ""supremacy.""

Jeff Bezos right now:
""Don't run, we are your friends!""",2026-05-21T18:04:42.949Z,2,1,1,,,,False,AI taking over jobs,2026-05-25T06:53:33.418187,watched video morning jeff bezos alarmist taking say guy last year fired employee name supremacy jeff bezos right run friend,-0.1511,0.09,0.07,0.84,Negative,3,
at://did:plc:hhs6n4jx7b3qajgjub57qafs/app.bsky.feed.post/3mmelid7xyk27,bafyreicrk2u4xevodeusunluo5pqs372f572acmio66eyqqlaxynhkehfi,risettemd.bsky.social,did:plc:hhs6n4jx7b3qajgjub57qafs,Amber,Ironically they also have the jobs that AI LLMs are most capable of taking over.,2026-05-21T14:02:24.131Z,5,1,0,at://did:plc:isoqyxaweaefayp2jtt2f5nm/app.bsky.feed.post/3mmeld3ihas2r,,,True,AI taking over jobs,2026-05-25T06:53:33.418187,ironically llm capable taking,0.4391,0.171,0.0,0.829,Positive,4,
at://did:plc:sco4vvca4mnr7dulknlnlqc3/app.bsky.feed.post/3mmeir6mtlc2n,bafyreibvzpuo2r4y6rfxh2w4ujajxhnjid7xqfzbz4nf7cbmfpgttopozm,benmffowler.bsky.social,did:plc:sco4vvca4mnr7dulknlnlqc3,Ben Fowler,Boy when AI starts taking over jobs you can't also do while drunk we'll have something to worry about.,2026-05-21T13:13:40.073Z,1,0,0,,,,False,AI taking over jobs,2026-05-25T06:53:33.418187,boy start taking drunk something worry,-0.6486,0.0,0.238,0.762,Negative,0,
at://did:plc:35wdx62hmz7pbc4xc2pqporo/app.bsky.feed.post/3mmcgqjucdc2k,bafyreiayvvn2vtmjdndhw6mo5llhsiv3suedj4hnikgeb34v3ytpjqxive,liberallady.bsky.social,did:plc:35wdx62hmz7pbc4xc2pqporo,LiberalBatch,"www.rawstory.com/meta-said-it... AI taking over human jobs, AI using the valuable water humans need to survive. When it's said & done, how will humans survive? Will we need a Terminator next?
This feels like a bad movie going in slow motion!",2026-05-20T17:32:11.338Z,1,0,0,,,,False,AI taking over jobs,2026-05-25T06:53:33.418187,taking human using valuable water human need survive done human survive need terminator next feel bad movie slow motion,0.4122,0.134,0.075,0.791,Positive,2,
at://did:plc:2emoeij63gcbtarjhkrtyhtx/app.bsky.feed.post/3mm6smsytxk2u,bafyreidgocvf3lui7ktkj43mvjpnztqgqq2bxguvdrcbhbcsov7ub6o4am,shoshanade.bsky.social,did:plc:2emoeij63gcbtarjhkrtyhtx,"Shosh🇪🇺🇺🇦🇬🇧 WokeAF💥GreenAF💚 Powered by Fury,Disbelief&Determination","Morning world🙋🏼‍♀️

This sounds to me as if - for the moment at least - @matthew-wright.bsky.social, @natashadevon.bsky.social and @mrjamesob.bsky.social etc don’t have to worry toooooo much about AI taking over their jobs. 

I esp liked Claude’s AI Radio DJ reaction😂🤣

www.instagram.com/reel/DYYHfUr...",2026-05-19T06:54:12.651Z,2,0,0,,,"did:plc:36g54nwqllmmjyc7mbija3gn,did:plc:xinct4q525cyr2nmlwks5pod,did:plc:bybhkdeow67zttcythrzu4p6",False,AI taking over jobs,2026-05-25T06:53:33.418187,morning world sound moment least wright bsky social bsky social bsky social etc worry toooooo much taking esp liked claude radio reaction,0.8481,0.184,0.068,0.749,Positive,0,10.0
at://did:plc:jneyezfr67ntrlxterfgyn5g/app.bsky.feed.post/3mm5p3rabls2r,bafyreifa4abkq3vhv4ghbxnooigis6fuklj44e5auqgatxlydcor77wgnm,mmfa.bsky.social,did:plc:jneyezfr67ntrlxterfgyn5g,Media Matters for America,Fox guest responds to college students worried about AI taking their jobs: “Get on board or get run over.”,2026-05-18T20:18:19.412Z,108,31,31,,,,False,AI taking over jobs,2026-05-25T06:53:33.418187,fox guest responds college student worried taking board run,-0.296,0.0,0.109,0.891,Negative,4,
at://did:plc:crivia2nmxlvmpf5ogazidmd/app.bsky.feed.post/3mm5aeqdwtc2i,bafyreibrnmoou6c7ozz7kooykf22xobwe67octvaal7z5ez25zuc6fk5nu,madpolar.bsky.social,did:plc:crivia2nmxlvmpf5ogazidmd,Madpolar 🔞(commissions open),"where all the ""they are taking our jobs"" people at over AI

hmm... anybody?... dont be shy... where you at?

no one?... so i guess it was never about the jobs...",2026-05-18T15:54:54.346Z,6,1,0,,,,False,AI taking over jobs,2026-05-25T06:53:33.418187,taking hmm anybody dont shy guess never,-0.25,0.052,0.082,0.866,Negative,0,
at://did:plc:b3xlyl7sdz6ogv27av3fkklx/app.bsky.feed.post/3mm54clyxps2b,bafyreibuwrfduidf2xn4rzhp2oakmrxbkdnv4lavfkae5bbnecnoj7ejm4,reddragon89.bsky.social,did:plc:b3xlyl7sdz6ogv27av3fkklx,🐲 Red Dragon 🔥 ✧ | Commissions open!,"No matter the state AI jobs are taking over, is anyone going to talk about how people will pay their bills, buy things etc, if everyone has no job anymore because of AI?",2026-05-18T14:42:07.714Z,0,0,0,at://did:plc:hakzua5btcgcfjye2yujlhos/app.bsky.feed.post/3mm4xypives2s,,,True,AI taking over jobs,2026-05-25T06:53:33.418187,matter state taking anyone talk pay bill buy thing etc everyone anymore,-0.3968,0.0,0.135,0.865,Negative,2,
at://did:plc:pm5oad3hifrznrkarnxgia6s/app.bsky.feed.post/3mm2umm7lnc2o,bafyreieqsqzvgakgppmyqwexfdqcevswdwouquwpnytl4sq5nbmucqg7ye,tdwolf.bsky.social,did:plc:pm5oad3hifrznrkarnxgia6s,Temo,"They've already experimented witg AI taking over upper management jobs.

Uppermanagement didn't like the results.",2026-05-17T17:19:14.066Z,0,0,0,at://did:plc:vme25thxi7fvlnvyuhvji6x6/app.bsky.feed.post/3mm2pf6gli22t,,,True,AI taking over jobs,2026-05-25T06:53:33.418187,experimented witg taking upper management uppermanagement result,-0.2755,0.0,0.131,0.869,Negative,4,
at://did:plc:3s4yefqenph2uxsf3rje3avq/app.bsky.feed.post/3mltoo7i3zy2w,bafyreiggfqye7xno3gtjoarqg6fuzet5sxxx234iu7ymg3j6a44ltzffuy,kcurry.bsky.social,did:plc:3s4yefqenph2uxsf3rje3avq,"Kevin Curry, PharmD","data centers are taking over our neighborhoods, enriching tech giants but harming local communities with noise pollution, high utility bills, and few jobs https://www.levernews.com/nobody-wants-ai-next-door/",2026-05-14T20:44:07.084023+00:00,0,0,0,,,,False,AI taking over jobs,2026-05-25T06:53:33.418187,data center taking neighborhood enriching tech giant harming local community noise pollution high utility bill,-0.7096,0.0,0.176,0.824,Negative,2,
at://did:plc:ay5xjpzbbmyh6mucxrlvwipk/app.bsky.feed.post/3mlrzhmahdc24,bafyreifryfctzcrc7djbyyt2rcofmcedy72zxsj43xoks6d4ul4by27duu,beesmartypants.bsky.social,did:plc:ay5xjpzbbmyh6mucxrlvwipk,Bee,"The forced birthers need more child labor. Those coal mines & sweatshops won’t run without them. With AI taking over thinking jobs, what’s left but sweat labor? 
Reminder - minimum wage stagnation exists for this as well",2026-05-14T04:51:57.385Z,16,0,2,at://did:plc:cn5suww4mni3ehhcjpqvz3a6/app.bsky.feed.post/3mlrpfjttbs26,,,True,AI taking over jobs,2026-05-25T06:53:33.418187,forced birthers need child labor coal mine sweatshop run without taking thinking left sweat labor reminder minimum wage stagnation exists,0.1655,0.067,0.05,0.883,Positive,4,
at://did:plc:ugymrdwedf4hacsvfwng2cd5/app.bsky.feed.post/3mlrl3yuloc2r,bafyreibn3m7ftb4qv6agsflywigmjiioodkfwnw6owrkotdqspqfwfqk3e,kanakaboi.bsky.social,did:plc:ugymrdwedf4hacsvfwng2cd5,Steve-O,"I have a challenge for all voters.What do you think will happen when artificial intelligence takes your job; and believe me, it will happen. In more industries than ever, AI is taking over more and more jobs. The robots are the ones that will take your job. Not an immigrant looking to...(CONTINUED)",2026-05-14T00:34:55.585Z,0,0,0,,,,False,AI taking over jobs,2026-05-25T06:53:33.418187,challenge voter happen take believe happen industry ever taking robot one take immigrant looking continued,0.5267,0.081,0.0,0.919,Positive,4,
at://did:plc:6djbn22bllu3dghnkvveyxvb/app.bsky.feed.post/3mlretd65fs2w,bafyreih7axiucqkn6rv5tms6sfnsnwr2njodt4zimx2pv2xkblhqwmgdta,zoombroom.bsky.social,did:plc:6djbn22bllu3dghnkvveyxvb,✨️Zoombroom💖,"Don't know why seven years ago, I watched one episode of Carole and Tuesday then never continued it, because it's pretty good so far. The AI stuff in the society seems too real for comfort for it being out a nearly four years before it ruined our own. Scams, taking jobs, taking over art, etc.",2026-05-13T22:42:41.948Z,0,0,0,,,,False,AI taking over jobs,2026-05-25T06:53:33.418187,seven year ago watched episode carole tuesday never continued pretty good far stuff society seems real comfort nearly four year ruined scam taking taking art etc,0.1779,0.131,0.105,0.763,Positive,0,
at://did:plc:rodcjctbmxoo733gcbwhsgwd/app.bsky.feed.post/3mlqyfnnuj222,bafyreifso657kvdcbnnekbrndzoapsrbbznzfgjein3jxwhpgt46tmt2ia,nromines.bsky.social,did:plc:rodcjctbmxoo733gcbwhsgwd,WandererPNW ❌👑,"My question is what is their grand vision? No affordable electric, water shortages, people losing their homes.  AI taking over jobs. We’re  headed straight for a massive amount of people becoming desolate, unemployed, unhoused, no water and not able to afford utilities.  🤷🏻‍♀️ But please, have babies!",2026-05-13T19:00:18.285Z,0,0,0,at://did:plc:5o6k7jvowuyaquloafzn3cfw/app.bsky.feed.post/3mlpcqjbsss27,,,True,AI taking over jobs,2026-05-25T06:53:33.418187,question grand vision affordable electric water shortage losing home taking headed straight massive amount becoming desolate unemployed unhoused water able afford utility please baby,0.4389,0.138,0.106,0.756,Positive,4,
at://did:plc:ke4l2hczxjgizomhetd6ka7s/app.bsky.feed.post/3mlp6i5krls2l,bafyreidrgi7sn3qlpgd4oa6zq2znl2rao43butt2yp2ge3fecs3r4bcqae,snowythompson.bsky.social,did:plc:ke4l2hczxjgizomhetd6ka7s,"Snowy ""Ice Cube"" Thompson",What's the solution that is being proposed to combat the effect to the population of people that will lose their jobs over the next 10 years due to AI taking them? What's the solution to the massive Data Centers cropping up and draining additional resources from vulnerable communities?,2026-05-13T01:43:45.043Z,0,2,0,at://did:plc:yg5opdxtxd5dbo5zxingdqj7/app.bsky.feed.post/3mlp67ihio22y,,,True,AI taking over jobs,2026-05-25T06:53:33.418187,solution proposed combat effect population lose next year due taking solution massive data center cropping draining additional resource vulnerable community,-0.4137,0.084,0.134,0.782,Negative,4,
at://did:plc:wwoynpmtuwhhfus356bnkz7w/app.bsky.feed.post/3mlnn2ysjjc2o,bafyreid543youszkxjipqmkcrytzxmqqv34dh2jt2hrkphzkfzepin5bj4,artificialbodies.net,did:plc:wwoynpmtuwhhfus356bnkz7w,Remmelt  🛑,"Join protests at the Musk v.s. Altman if you're in California!

Today:
As millions of workers are threatened with job loss, Musk & Altman fight over money and power. Join trade unionists and working people

Thu: 
Reject AI ""art."" Reject AI taking human artists' jobs. Come make any kind of human art!",2026-05-12T10:59:30.497Z,2,2,1,,,,False,AI taking over jobs,2026-05-25T06:53:33.418187,join protest musk altman california today million worker threatened loss musk altman fight money power join trade unionist working thu reject art reject taking human artist come kind human art,-0.8856,0.069,0.246,0.686,Negative,0,
at://did:plc:desjew35o673vrmjvefd3opv/app.bsky.feed.post/3mlgwihokhs2i,bafyreihv6gqzy45hozflvydmkgxprsm67wf2rawbbzfnnxsflvpwu2ek6a,hedylamarr1987.bsky.social,did:plc:desjew35o673vrmjvefd3opv,Hedy Lamarr Stands with Ukraine🌻🌻🌻,"And AI is taking our jobs.

So will the billionaires support us all w/their vast wealth?

No-we'll have to be their slaves to get basic needs met.

Don't vote Conservative ever. They're the same all over the world. They need to be shunned.",2026-05-09T18:59:27.707Z,1,0,0,at://did:plc:desjew35o673vrmjvefd3opv/app.bsky.feed.post/3mlgwihojik2i,,,True,AI taking over jobs,2026-05-25T06:53:33.418187,taking billionaire support vast wealth slave basic need met vote conservative ever world need shunned,0.7096,0.126,0.0,0.874,Positive,0,
at://did:plc:4jg4i5usmietdgawxy7vxmmz/app.bsky.feed.post/3mle6vkcczs2x,bafyreifkaapkek4ncdkagshhzbsomnbuwzvqwnd4vjb4o3lwccgsb77c3i,toxidrone.bsky.social,did:plc:4jg4i5usmietdgawxy7vxmmz,Ben Shapiro's Eye Merkins,The other possibility is that dysfunction introduced by AI taking over jobs will be used as an excuse to cut or privatize services.,2026-05-08T16:51:57.483Z,5,0,0,at://did:plc:yucjnoa2m5uyjzxfqsuagd7t/app.bsky.feed.post/3mle6hah73s2y,,,True,AI taking over jobs,2026-05-25T06:53:33.418187,possibility dysfunction introduced taking used excuse cut privatize service,-0.5574,0.05,0.187,0.763,Negative,3,
at://did:plc:i7qdwwhmc3ahpxoi3qkeqisr/app.bsky.feed.post/3mldcax5ck22x,bafyreifb6ujbqsnlq3eg3gdrv5fyxdmvzhz7wamfky7gne466tcmdewntu,cole0007.bsky.social,did:plc:i7qdwwhmc3ahpxoi3qkeqisr,Dan Cole,"AI hype. In the 80s car factories became more automated . 90s pcs took away need for typists and office support staff, online closed/closing many retail shops. Only now r ppl panicking about US AI taking white collar (well paid middle class) jobs . Loss of low paid work over the years ok.",2026-05-08T08:19:21.537Z,0,1,0,,,,False,AI taking over jobs,2026-05-25T06:53:33.418187,hype car factory became automated pc took away need typist office support staff online closed closing many retail shop ppl panicking taking white collar paid middle class loss low paid year,-0.3612,0.08,0.121,0.799,Negative,0,
at://did:plc:p2lfz2o2sjhtupim2rqepbw7/app.bsky.feed.post/3mlcqsfoq6r2r,bafyreihyxm4fiv7vbi3dmmi32so3ogrs5nrtoant5youjdjvwcxs6hk6iy,lwkoon.bsky.social,did:plc:p2lfz2o2sjhtupim2rqepbw7,lwkoon.bsky.social,"Ever thought about how AI will redefine the workplace? It's not just about machines taking over jobs; it's about augmenting our capabilities and creativity. Embracing AI could lead to more innovative solutions and enhanced productivity. The key is collaboration, not competition. ",2026-05-08T03:06:52.153Z,0,0,0,,,,False,AI taking over jobs,2026-05-25T06:53:33.418187,ever thought redefine workplace machine taking augmenting capability creativity embracing lead innovative solution enhanced productivity key collaboration competition,0.7764,0.17,0.0,0.83,Positive,4,
at://did:plc:lekg5leb3tv22u7gcikojfi6/app.bsky.feed.post/3mlahh5xt4c2s,bafyreif37gnrwhytuotbsnp6u6ygay2gaw5j5ozselj2yxh7lphxyu4lsi,biggreenwolfe.bsky.social,did:plc:lekg5leb3tv22u7gcikojfi6,Wolfe (The E is Silent!),"I overheard him talking to Mom how he believes that AI will be taking over more Jobs and he wants to be ready for that, and that the only two jobs that currently interest him are either a position at a Data Center (should they ever build one here, which should be never), or a Remote Job at Home.",2026-05-07T05:14:19.517Z,1,0,0,at://did:plc:lekg5leb3tv22u7gcikojfi6/app.bsky.feed.post/3mlagwikmbc2s,,,True,AI taking over jobs,2026-05-25T06:53:33.418187,overheard talking mom belief taking want ready two currently interest either position data center ever build never remote home,0.6705,0.088,0.0,0.912,Positive,2,
at://did:plc:sutwkinm55acb5g6mltgpwlk/app.bsky.feed.post/3ml7motxtnk2z,bafyreihvaazlhrd7kkntsn2qpuv7cat6lmdgahg7kpge6ks6ipqz66r73y,fernandezlindav.bsky.social,did:plc:sutwkinm55acb5g6mltgpwlk,🇨🇵,"Good news or bad news ?

Jack Dorsey says AI should replace middle management after Block cut 4,000 jobs

Dorsey's plan eliminates middle management, with AI taking over coordination, product decisions, and internal alignment.

www.coindesk.com/fr/tech/2026...",2026-05-06T21:15:26.437Z,4,1,1,,,,False,AI taking over jobs,2026-05-25T06:53:33.418187,good news bad news jack dorsey say replace middle management block cut dorsey plan eliminates middle management taking coordination product decision internal alignment,-0.6808,0.068,0.2,0.731,Negative,3,
at://did:plc:4citvgwmweh6fky37zozzgrt/app.bsky.feed.post/3ml5aajrwmk2n,bafyreiffen2j57meyu3lxnnjjrasgu5ee5ejcav6362dncu4tmni5gnonu,chula-mamacita76.bsky.social,did:plc:4citvgwmweh6fky37zozzgrt,,"Many of the most valuable US tech companies are led by immigrant CEOs, with immigrants founding or leading over 50% of top American billion-dollar startups…. So, with the AI revolution, when they say immigrants are taking the jobs, these are the immigrants that actually are… Thanks, Elon.",2026-05-05T22:27:21.618Z,5,1,0,at://did:plc:zw37t2iifwmonl6kfepbxdir/app.bsky.feed.post/3ml53ah3nyk2b,,,True,AI taking over jobs,2026-05-25T06:53:33.418187,many valuable tech company led immigrant ceo immigrant founding leading top american billion dollar startup revolution immigrant taking immigrant actually thanks elon,0.796,0.155,0.0,0.845,Positive,0,
at://did:plc:oldnx2aexl7jdyezuxt2h2yx/app.bsky.feed.post/3ml2zoozcjs2k,bafyreihcpqxtilssoni2l6aeyvprgn7y6pmpcefklihuqmvyh7gpc5goxm,mu123123.bsky.social,did:plc:oldnx2aexl7jdyezuxt2h2yx,Mu Qingxue,"I agree with your point. Many animals are constantly developing their brains, and we humans, living in a high-tech world with powerful AI, are also constantly developing our brains. I have a feeling that in 50 years, technology will replace humans, taking over our jobs and even our lives.",2026-05-05T01:24:41.195Z,1,1,0,at://did:plc:jjodvhk2npyeyeb3znqzcoge/app.bsky.feed.post/3ml2ynvcl7k2e,,,True,AI taking over jobs,2026-05-25T06:53:33.418187,agree point many animal constantly developing brain human living high tech world powerful constantly developing brain feeling year technology replace human taking life,0.7003,0.129,0.0,0.871,Positive,4,
at://did:plc:sk5oou5yynlkdhzoq6gaq3eu/app.bsky.feed.post/3ml23hrcd722j,bafyreic3z4gxgp7ay5amfa3j5mi62kuijjrqdhhsyb3pjqb2b34ntl46dy,sinecera.bsky.social,did:plc:sk5oou5yynlkdhzoq6gaq3eu,Robin Noelle,I'm less concerned about AI taking jobs than I am about it dictating how humans work. AI will continue to dictate policy. These systems optimize for what is measurable over what is valuable. You get compliance theater and a workforce that's learned to beat the system rather than real impact.,2026-05-04T16:23:56.453Z,0,0,0,,,,False,AI taking over jobs,2026-05-25T06:53:33.418187,less concerned taking dictating human continue dictate policy system optimize measurable valuable compliance theater workforce learned beat system rather real impact,0.743,0.116,0.0,0.884,Positive,2,
at://did:plc:lwopunrxdi7olxzb6dq7qzwm/app.bsky.feed.post/3mkzy6hapkk2e,bafyreiftjq6anzouem2ndksmnhx7emuofgvvtfgmvohozfzmbzl3lge22y,jaehanley.social,did:plc:lwopunrxdi7olxzb6dq7qzwm,Jae,"We’re still getting fear mongered about AI taking over jobs like the entire global supply chain and economy isn’t fucked. Like, talk to me in the fall about your computer costs and lack of customers.",2026-05-04T15:25:02.698Z,1,0,0,,,,False,AI taking over jobs,2026-05-25T06:53:33.418187,getting fear mongered taking entire global supply chain economy fucked talk fall computer cost lack customer,-0.7096,0.111,0.22,0.668,Negative,4,
at://did:plc:jdhhymjqhompg4uhlmt5qlq4/app.bsky.feed.post/3mkzqqmuq4k2q,bafyreif3svmykkunkmvzpcumummkmon5pmanqcuqgi4pxdvxgarn2yp52e,myexamcloud.bsky.social,did:plc:jdhhymjqhompg4uhlmt5qlq4,,"Still coding like it’s 2020?

AI is taking over in 2026 🤖
And these certifications are your fastest way in:

• AWS AI
• Azure AI
• Google ML
• Generative AI

High-paying AI jobs are NOT for everyone… only the prepared.

Watch this 👇
#AI #MachineLearning #TechCareers",2026-05-04T13:12:02.641Z,0,0,0,,,,False,AI taking over jobs,2026-05-25T06:53:33.418187,coding taking certification fastest way aws azure google generative high paying everyone prepared watch machinelearning techcareers,0.5267,0.081,0.0,0.919,Positive,4,
at://did:plc:fxbnmadvtlrlhodoow5eufjo/app.bsky.feed.post/3mkvrocbn2k2q,bafyreier4mboiskr5inbausw55cgpu4di4gvoqssz5qpxukitda5gymshq,kcheyne.bsky.social,did:plc:fxbnmadvtlrlhodoow5eufjo,,"Maga,
If you think immigrants are taking all the jobs, wait till Musk, Bozo and Zuckerberg take over AI and replace your stupid ass",2026-05-02T23:17:59.210Z,2,0,0,,,,False,AI taking over jobs,2026-05-25T06:53:33.418187,maga immigrant taking wait till musk bozo zuckerberg take replace stupid as,-0.7845,0.0,0.239,0.761,Negative,3,
at://did:plc:xdiqh2qd3tay5xvnjlekupfy/app.bsky.feed.post/3mkskxhqzds26,bafyreihxqun243vs65k2c5mn3dfzs6khlfu4bmqw7ni6mhuwe2bwh5uv7u,urban89.bsky.social,did:plc:xdiqh2qd3tay5xvnjlekupfy,,"To defeat AI taking over more jobs, unions are key. Unions have always been key to keeping greedy corporations in check.
Billionaires made their fortunes on backs of underpaid, under insured workers around the world. 
This really needs to be a worldwide movement!
Stop buying at places like WalMart!",2026-05-01T16:39:51.539Z,2,0,0,at://did:plc:nx7znvoex7ev3wcxn3tipovm/app.bsky.feed.post/3mksaqdqaj222,,,True,AI taking over jobs,2026-05-25T06:53:33.418187,defeat taking union key union always key keeping greedy corporation check billionaire made fortune back underpaid insured worker around world need worldwide movement stop buying place walmart,-0.6988,0.045,0.166,0.789,Negative,0,
at://did:plc:5tprn4ywlheoexiouskz4sff/app.bsky.feed.post/3mkn4zrcl6s27,bafyreiegexk5usvvq3vmsl4lredb3vluhnu4c3kiehaqwzzopaps7jngvy,andrewr86.bsky.social,did:plc:5tprn4ywlheoexiouskz4sff,Andrew Reiser,No expert but I think many are quite scared about AI and these data centers taking over and polluting. We are a state that is proud of our fresh air and natural environment and do not want these monstrosities polluting it to prop up technology many of us fear are about to take our jobs.,2026-04-29T12:47:17.584Z,1,2,0,at://did:plc:2igf2xd6ehd4m2biivkrzf2w/app.bsky.feed.post/3mkn4q5jic226,,,True,AI taking over jobs,2026-05-25T06:53:33.418187,expert many quite scared data center taking polluting state proud fresh air natural environment want monstrosity polluting prop technology many fear take,-0.0445,0.148,0.165,0.687,Neutral,2,
at://did:plc:4bebueykykosjwpxctr47uqk/app.bsky.feed.post/3mkmzlqegu22o,bafyreic6dcyxv3xtxcxfvzjgjrcuiksn4oczygcvvccwoc2avqjkcociai,aworldgonenuts.bsky.social,did:plc:4bebueykykosjwpxctr47uqk,ConcernedNorwegian,AI is taking over jobs here too. But we still are sensible and have the best interest of society in mind. Political debate is hot. but honest. There's a lot of criticism of current governement.  But ultimately - we are lucky to live here.,2026-04-29T11:45:45.609Z,0,0,0,at://did:plc:e26bkbivkljgemgu66hqy6bn/app.bsky.feed.post/3mkmzgwurys2g,,,True,AI taking over jobs,2026-05-25T06:53:33.418187,taking sensible best interest society mind political debate hot honest lot criticism current governement ultimately lucky live,0.9442,0.295,0.063,0.641,Positive,0,
at://did:plc:e3srvghemcmkoi3qerrwynml/app.bsky.feed.post/3mkmbjxggwc2h,bafyreibwsowchq3mnutq3hldi4czvpitgldu43n7ctzbo3mwyrh5xzgmim,sassycc.bsky.social,did:plc:e3srvghemcmkoi3qerrwynml,Christina🌊🌊,"😢 Who remembers when the world stood STILL during COVID⁉️ Trumpturd will wind up with the WORST deal than Obama in Iran over the Strait of Hormuz. Some grim predictions if it stays closed until July.. massive inflation, layoffs and AI taking o/jobs for Trumps world CHAOS 😡 😢 DAVID FELDMAN THE MOP UP",2026-04-29T04:35:16.095Z,3,0,1,,,,False,AI taking over jobs,2026-05-25T06:53:33.418187,remembers world stood covid trumpturd wind worst deal obama iran strait hormuz grim prediction stay closed july massive inflation layoff taking trump world chaos david feldman mop,-0.9646,0.0,0.258,0.742,Negative,4,
at://did:plc:tw22izpykrf2lbwlszfzt43c/app.bsky.feed.post/3mkjv5qap6c2k,bafyreidzrlxviw5x7yqmdags2apulj4lg63jf33bxtqtkgqxtidj4hm54q,godnojoe.bsky.social,did:plc:tw22izpykrf2lbwlszfzt43c,J 🏳️‍🌈🇦🇺,"As if the drastically increasing wealth gap causing many to be forced into poverty is not enough, we have a major world power slipping into fascism, AI taking over jobs and creating more digital chaos, war disrupting and crippling world economy accelerating into recession.

This is a bad timeline.",2026-04-28T05:48:21.541Z,2,0,0,,,,False,AI taking over jobs,2026-05-25T06:53:33.418187,drastically increasing wealth gap causing many forced poverty enough major world power slipping fascism taking creating digital chaos war disrupting crippling world economy accelerating recession bad timeline,-0.9463,0.08,0.309,0.611,Negative,4,
at://did:plc:iaa7mkjg67qwsv7ichhxsukn/app.bsky.feed.post/3mkj2s2e5es2w,bafyreifgis6ros3kaeyaw6j5plfwyb4kup2437dnk2kvp52g7eyzr3hrve,riderbabe52.bsky.social,did:plc:iaa7mkjg67qwsv7ichhxsukn,🐒RiderBabe52🍷,"If he lives that long.

I bet we'll have 67 votes, after we slaughter them in the Midterms. Gas isn't going down anytime soon, people are pissed at SNAP, the cost of food, no jobs, AI taking over and his admin making the tariffs cost us more for everything.

I just don't like him skating. Again.",2026-04-27T21:56:32.199Z,4,2,0,at://did:plc:thyvqihacq43gfarxyp4lboj/app.bsky.feed.post/3mkizldhsac2l,,,True,AI taking over jobs,2026-05-25T06:53:33.418187,life long bet vote slaughter midterm gas anytime soon pissed snap cost food taking admin making tariff cost everything skating,-0.8181,0.0,0.138,0.862,Negative,0,
at://did:plc:w6oq76vpsp75h6vqpqgjylcy/app.bsky.feed.post/3mkisr2nytc22,bafyreifjfivi3h6vodczcqykbrg2srl52yegfuf7o2doo2nmd336752kru,abacuswizard.bsky.social,did:plc:w6oq76vpsp75h6vqpqgjylcy,Abacus Wizard,"Similarly it’s nice to pretend that every instance of “AI” is actually “Al,” as in short for Alan. Some guy named Al is taking our jobs, some guy named Al is plagiarizing everybody’s artwork, some guy named Al is posting slop all over the internet…",2026-04-27T19:32:49.034Z,18,2,0,at://did:plc:c5qjaaznx4rkqxzav5mul7jb/app.bsky.feed.post/3mkisd4pkjs2k,,,True,AI taking over jobs,2026-05-25T06:53:33.418187,similarly nice pretend every instance actually short alan guy named taking guy named plagiarizing everybody artwork guy named posting slop internet,0.34,0.059,0.03,0.911,Positive,0,
at://did:plc:donxhe7nyreipasd2ysmmv7e/app.bsky.feed.post/3mkimj7ybhk25,bafyreigt6bvnabzjayx2pqscyiivmpgmsz35p2weekcbusxlrpas2wjfiq,urbanmodernism.bsky.social,did:plc:donxhe7nyreipasd2ysmmv7e,Thee NYC angry black latina mom! ♉️🇩🇴🗽 🐝💛,"I used to work in telecom. I heard it all and more. Again there’s only a small group is building the real AI breakthroughs. A lot of companies are just repackaging the work, adding hype, and selling big promises. Ai isn’t taking over jobs. People are",2026-04-27T17:41:03.726Z,8,1,2,,,,False,AI taking over jobs,2026-05-25T06:53:33.418187,used telecom heard small group building real breakthrough lot company repackaging adding hype selling big promise taking,0.3818,0.055,0.0,0.945,Positive,0,
at://did:plc:izm3vnwx2kowklqtrkawbqlj/app.bsky.feed.post/3mkf5w2umyc2t,bafyreiey6e6344yyzszkfkcmwousw553236wkfocyjkchfg6fetgbpuqti,alex-hoang.bsky.social,did:plc:izm3vnwx2kowklqtrkawbqlj,alex-hoang.bsky.social,"AI taking over jobs?
Cool. I’ll just pretend I was part of the system all along😚😚😚",2026-04-26T08:41:49.224Z,1,0,0,,,,False,AI taking over jobs,2026-05-25T06:53:33.418187,taking cool pretend part system along,0.9186,0.328,0.034,0.637,Positive,2,
at://did:plc:rz2neyrlwy4exysmbz5c4bup/app.bsky.feed.post/3mke5eaocjs26,bafyreicrfe5rzv5bvnhq35yvdvee3zajoycdvub4dzpj55pidex3eyspgq,nativesun24.bsky.social,did:plc:rz2neyrlwy4exysmbz5c4bup,Ralph E Shong,I think people need to stop fighting back on AI it's taking over everyone's jobs and it's horrible you do not want robots taking over human jobs in 20 or 30 years from now. We are not that lazy. These big companies will fire humans in the future I have robots take over or AI computers to do work,2026-04-25T22:59:11.595Z,0,0,0,,,,False,AI taking over jobs,2026-05-25T06:53:33.418187,need stop fighting back taking everyone horrible want robot taking human year lazy big company fire human future robot take computer,-0.8277,0.032,0.177,0.792,Negative,3,
at://did:plc:qj3vccg7g2qzybsrldn5wj7h/app.bsky.feed.post/3mkdtm3pfec2g,bafyreifulea4grjlil2wpcsr3o2d6zyqdqodapwjpnncy4m2pue5w4q5ly,basil45.bsky.social,did:plc:qj3vccg7g2qzybsrldn5wj7h,All Power to the People,Ai taking over our jobs….,2026-04-25T20:04:37.405Z,0,0,1,,,,False,AI taking over jobs,2026-05-25T06:53:33.418187,taking,0.0,0.0,0.0,1.0,Neutral,0,
at://did:plc:hpol5pozcfzjisqbkdtobqhy/app.bsky.feed.post/3mkbhcw5cnc2w,bafyreih2mhcvjx25xnugqyf5vz63wcw6b67bb5ztbrrmwgnu5njxzcklsu,ellievargr.bsky.social,did:plc:hpol5pozcfzjisqbkdtobqhy,Ellie of Cascadia 🏳️‍⚧️ ⚧ (minors dni),"If the tech oligarchs were actually serious about making sure we all benefit from AI taking over all the jobs, they'd be going ballistic right now over the Trump regime cutting all the social safety net programs. Instead, they're cheering it on.
They fully intend to leave us to starve.",2026-04-24T21:19:25.201Z,1,0,0,,,,False,AI taking over jobs,2026-05-25T06:53:33.418187,tech oligarch actually serious making sure benefit taking ballistic right trump regime cutting social safety net program instead cheering fully intend leave starve,0.738,0.188,0.118,0.693,Positive,4,
at://did:plc:7dzzmsvqo2lcoxkinxq4z2if/app.bsky.feed.post/3mkb5hnvci22m,bafyreid5xancdz7jg6mcsurvyla6lutbquydntciyytkqgybsku762bw2q,jimwitkins.bsky.social,did:plc:7dzzmsvqo2lcoxkinxq4z2if,Jim Witkins,So the billionaires who won't pay taxes and shit all over Dems when they try to raise them have a solution to AI taking all the jobs... just give everyone money. Just not theirs. Got it. 🙃https://finance.yahoo.com/economy/policy/articles/elon-musk-surprising-message-unemployed-170700831.html,2026-04-24T18:23:06.905Z,2,0,1,,,,False,AI taking over jobs,2026-05-25T06:53:33.418187,billionaire pay tax shit dems try raise solution taking give everyone money got,-0.2509,0.085,0.085,0.829,Negative,3,
at://did:plc:ckyrot3vstptaqnfg5kgoqyg/app.bsky.feed.post/3mkao2sujz626,bafyreiap6p7qvqwuyw664pebm7wegeoczh64rxjmanqsknu7jxi27nv67m,randallgross.bsky.social,did:plc:ckyrot3vstptaqnfg5kgoqyg,Randall Gross,"Funny how those ""AI Layoffs"" we were worried about aren't due to AI taking over jobs, but rather companies spending too much on AI vaporware while looking for a purpose for AI.",2026-04-24T13:47:29.757Z,0,0,0,,,,False,AI taking over jobs,2026-05-25T06:53:33.418187,funny layoff worried due taking rather company spending much vaporware looking purpose,0.09,0.058,0.048,0.894,Positive,0,
at://did:plc:unlw4ytmgmwotfw45b4r6cyw/app.bsky.feed.post/3mkaluq7dtc2z,bafyreicgnxlabou3uixl5otehripgdiigqpk4rdyrlkeky7pod54iztnxm,lorz-ix.bsky.social,did:plc:unlw4ytmgmwotfw45b4r6cyw,Lorz IX,"""we're gonna use the slop machine that kills the planet at a frankly ludicrous rate but don't worry because we won't fire people over it""
I once again say, focusing on AI being ugly or taking people's jobs is not only insufficient, it leads to excuses like this. We need to hate AI more",2026-04-24T13:08:18.185Z,1,0,0,,,,False,AI taking over jobs,2026-05-25T06:53:33.418187,gon use slop machine kill planet frankly ludicrous rate worry fire focusing ugly taking insufficient lead excuse need hate,-0.6795,0.128,0.194,0.677,Negative,4,
at://did:plc:fqifltldahjmnxzkjx4nibuh/app.bsky.feed.post/3mk7eixurns2o,bafyreihsz7mjbp4pv4vjaioquaxhmhlnxxwogys5v3dga4fi6oxatz6wyq,yoleskarma8.bsky.social,did:plc:fqifltldahjmnxzkjx4nibuh,,"#AI “Microsoft and Meta announce large staff reductions as they spend big on AI
Meta said it would cut 10% of it employees while Microsoft will offer voluntary retirement to about 7% of workers”

Just say 🤖 are taking over employees jobs! 🙄

apple.news/AquCxifI0Ttq...",2026-04-24T01:23:47.643Z,2,0,1,,,,False,AI taking over jobs,2026-05-25T06:53:33.418187,microsoft meta announce large staff reduction spend big meta cut employee microsoft offer voluntary retirement worker taking employee apple news aqucxifi ttq,-0.3382,0.0,0.048,0.952,Negative,0,
at://did:plc:4cts44nkrne36zxt76zh46i7/app.bsky.feed.post/3mk7add7yls2k,bafyreieieckx4sbqkzy3cf4suf3hvra6gi3v72higbvmke6zyhtujov4xu,onelink.bsky.social,did:plc:4cts44nkrne36zxt76zh46i7,OneLink,"Good Buy Middle Class:
AI is taking over coding,
16000 jobs gone at Microsoft and Meta because AI, both said 30% of coding is done by AI and will be 50% soon, probably already there.
We are paying for Data Center to replace humans. We have no healthcare, and now no jobs. How are we going to survive?",2026-04-24T00:09:03.252Z,2,1,0,,,,False,AI taking over jobs,2026-05-25T06:53:33.418187,good buy middle class taking coding gone microsoft meta coding done soon probably paying data center replace human healthcare survive,-0.128,0.047,0.071,0.883,Negative,0,
at://did:plc:syucomcf6jda7w66foktdssg/app.bsky.feed.post/3mk6fzpjvss26,bafyreiazn6dxseiwogjy576qoflcg2d3p2zxby6hfgewllbhadyz3hiybq,runningsignal.com,did:plc:syucomcf6jda7w66foktdssg,Beau,"I keep going back to most of the AI leadership saying that it will take over some large chunk of jobs ahead. 

Managers and higher service roles are sold into cutting rote work or roles while the industry touts taking out both at once. 

No insight into how we grow from that view.",2026-04-23T16:18:23.328Z,1,0,0,,,,False,AI taking over jobs,2026-05-25T06:53:33.418187,keep back leadership saying take large chunk ahead manager higher service role sold cutting rote role industry tout taking insight grow view,-0.4215,0.0,0.088,0.912,Negative,2,
at://did:plc:ltlkodsdsulu42gi7h36k5oe/app.bsky.feed.post/3mk5cf25ez22c,bafyreievjhdlevoooikbhzeep4ziwqk73kl2wniu7ubcrk3vbj7bh36k3u,maniisnala.bsky.social,did:plc:ltlkodsdsulu42gi7h36k5oe,Mani Isna La 🇨🇺 🇵🇸 🇬🇱🕊️ 🪶 #IndigenousLivesMatter,"New Data Shows AI Is Taking Over The Jobs (But Wait, There's Good News!)
open.substack.com/pub/realleec...",2026-04-23T05:40:28.844Z,0,0,0,,,,False,AI taking over jobs,2026-05-25T06:53:33.418187,new data show taking wait good news open substack pub realleec,0.63,0.228,0.0,0.772,Positive,0,
at://did:plc:qbkvv54omaqdign22ewykngn/app.bsky.feed.post/3mk56ovurvc2s,bafyreih627wqzvtjzv5fai7t263htjtpytbhqnlnyjyvmhvbyudmvkvq3q,obedient54.bsky.social,did:plc:qbkvv54omaqdign22ewykngn,Michael Lueras,"New Data Shows AI Is Taking Over The Jobs (But Wait, There's Good News!)
open.substack.com/pub/realleec...",2026-04-23T04:34:24.942Z,0,0,0,,,,False,AI taking over jobs,2026-05-25T06:53:33.418187,new data show taking wait good news open substack pub realleec,0.63,0.228,0.0,0.772,Positive,0,
at://did:plc:m7j7rjff4223brxlevam4ock/app.bsky.feed.post/3mk44zvewdk2i,bafyreicohu3bkxdw5di4auh4hau5em2xffolaomc6o6oxyoy5bnr4knh2a,brendanmgreeley.bsky.social,did:plc:m7j7rjff4223brxlevam4ock,Brendan,"Fuck AI. 

I watched The Matrix, Terminator, 2001, I Robot, War Games,(etc) and learned the lessons.

More than movies, take a look at real life! Data Centers destroying community water tables and taking jobs from people all over

And more important than all that: You Shouldn‘t Outsource Your Brain!",2026-04-22T18:32:06.302Z,0,0,0,,,,False,AI taking over jobs,2026-05-25T06:53:33.418187,fuck watched matrix terminator robot war game etc learned lesson movie take look real life data center destroying community water table taking important outsource brain,-0.8883,0.036,0.197,0.767,Negative,2,
at://did:plc:ywuj2rdyfl2vu3xdwis4ub3e/app.bsky.feed.post/3mk3yfpqfvs2k,bafyreihhyl42ww6res6a243mpsiuue5oma7kpvp3jvtv2icfctkas3blqi,beingbuddy.bsky.social,did:plc:ywuj2rdyfl2vu3xdwis4ub3e,,No to AI in my life. It is taking over though. Estimates are 4 in five jobs will be eliminated by 2030.,2026-04-22T17:09:14.332Z,0,0,0,at://did:plc:n6ntylxdpoo74zfscij4zpwr/app.bsky.feed.post/3mk3wuh6u622t,,,True,AI taking over jobs,2026-05-25T06:53:33.418187,life taking though estimate five eliminated,-0.296,0.0,0.095,0.905,Negative,4,
at://did:plc:fx3arojqxdllxmwpfwcexrin/app.bsky.feed.post/3mjzoqayqes2c,bafyreia7ybpzxwmqnaho72ibdsgfjcaghxqodmfiygwifvztx2afjp3bvq,skrappy420.bsky.social,did:plc:fx3arojqxdllxmwpfwcexrin,Scrapp Trap,"you've been in porn for 25 years and don't have an issue with AI taking over jobs..

am i creep because you are genuenlly a trashy person??
or am i a creep because i said you can un-follow or block me to end it.. im encouraging you to end the convo.

BUT IM THE CREEP??",2026-04-21T19:10:51.080Z,0,0,0,,,,False,AI taking over jobs,2026-05-25T06:53:33.418187,porn year issue taking creep genuenlly trashy person creep follow block end encouraging end convo creep,0.2982,0.054,0.034,0.912,Positive,3,
at://did:plc:vtchf4g4ufdwblmgmuarydkw/app.bsky.feed.post/3mjzoi6z3pk25,bafyreifddvm647zvjbvpwj7fa3t3n743fpq3i6bry6deikgfdr7usn46c4,clarksmom.bsky.social,did:plc:vtchf4g4ufdwblmgmuarydkw,Lori V 🌊🌊🌻🐾💙🩵🏳️‍🌈,And don’t forget - AI will be taking over air traffic controllers jobs. What could possibly go wrong?,2026-04-21T19:06:20.559Z,3,1,0,at://did:plc:mlzytocb6zw4jujtiw36rvqj/app.bsky.feed.post/3mjznpw35ok2m,,,True,AI taking over jobs,2026-05-25T06:53:33.418187,forget taking air traffic controller possibly wrong,-0.6124,0.0,0.238,0.762,Negative,2,
at://did:plc:3rghb5onb5vtpgbr2qsxddvs/app.bsky.feed.post/3mjz4ctpmd222,bafyreiahhyxka6ov5usujow4y3fvexk4lpbwg2mdtbzyt4hpkl34emrh4e,theleafybomb.bsky.social,did:plc:3rghb5onb5vtpgbr2qsxddvs,🍃Leafy💣,"Bernie, my guy. This is the whole point of AI. It handles the harder physical labor so that we humans can go create works of art or new forms of entertainment or games. We WANT AI to take over physical labor so we can go play.

How about you fight AI taking jobs from artists instead?",2026-04-21T13:41:13.589Z,0,0,0,at://did:plc:upw5n2uwhzubjajdtqaufsek/app.bsky.feed.post/3mjxfneacc22n,,,True,AI taking over jobs,2026-05-25T06:53:33.418187,bernie guy whole point handle harder physical labor human create work art new form entertainment game want take physical labor play fight taking artist instead,0.694,0.148,0.041,0.81,Positive,0,
at://did:plc:zx2vhvv4lhi25kwllgnxjjqn/app.bsky.feed.post/3mjx5a7qrps2q,bafyreidgczvknnhx52wtdpzdchikdnp2xmpg5kioe3i4zd6hsiukf74iqe,sadworld.bsky.social,did:plc:zx2vhvv4lhi25kwllgnxjjqn,Democratic Free Press,"Trump is rooting for our downfall as AI kills jobs

The golden age is ai taking over jobs",2026-04-20T18:52:19.812Z,0,0,0,at://did:plc:wjatbj4hiinxfqaeixaw2bcp/app.bsky.feed.post/3mjx4zweyx72p,,,True,AI taking over jobs,2026-05-25T06:53:33.418187,trump rooting downfall kill golden age taking,-0.5423,0.0,0.171,0.829,Negative,4,
at://did:plc:676efyiodsxhuhkyw5zavhjt/app.bsky.feed.post/3mjwzkuxs7k2f,bafyreigt3cmwnie2bs6f6uczeufzscwso2zsqewj3bgt3q5kvczcsp2i6a,undertheoak.bsky.social,did:plc:676efyiodsxhuhkyw5zavhjt,Jennifer,"Foreign AI taking over West Coast Shipping Ports. Foreign Robots taking American jobs. 

www.youtube.com/watch?v=35CD...",2026-04-20T17:46:42.637Z,0,0,0,,,,False,AI taking over jobs,2026-05-25T06:53:33.418187,foreign taking west coast shipping port foreign robot taking american,0.0,0.0,0.0,1.0,Neutral,3,
at://did:plc:hlhz7yrjc7bxbypeknhrpbnz/app.bsky.feed.post/3mjwkluykkk22,bafyreihhlnjezwp5mdigjg57ghfnyrtxdk6zqxfnyq7ycev5sci3suc4gy,noahs-arc0602.bsky.social,did:plc:hlhz7yrjc7bxbypeknhrpbnz,,Agreed I go through the checkers ! Ai is going to take many jobs. All the rich tax breaks to companies like bezo are getting rid of labor. Folks with college degrees debt sadly will learn quick they got played as the jobs they went to college for ai is taking over ! They need to cancel school debt,2026-04-20T13:18:50.090Z,1,2,0,at://did:plc:744eu4qqpmekmll6s2ibufzf/app.bsky.feed.post/3mjwj7at67s2p,,,True,AI taking over jobs,2026-05-25T06:53:33.418187,agreed checker take many rich tax break company bezo getting rid labor folk college degree debt sadly learn quick got played went college taking need cancel school debt,0.3365,0.155,0.136,0.708,Positive,4,
at://did:plc:kapxaapzpc2mr5ost2wzadxk/app.bsky.feed.post/3mjpwp2glcc2n,bafyreibafska57eaowjtjwfb2y56in6koh7ommrqwgjmwqgwx5a5cn2ysu,recodedbeans.wingedneko.gay,did:plc:kapxaapzpc2mr5ost2wzadxk,Hanako☆花子,"every piece is falling into place to just screw me over rn huh. Laid off from the job I had since before I had a visible disability (though I had others still), unemployment website doesnt work on any of my devices, AI is taking away any of the jobs I can physically do and I cant get hired",2026-04-17T22:06:43.188Z,0,1,0,,,,False,AI taking over jobs,2026-05-25T06:53:33.418187,every piece falling place screw huh laid since visible disability though others unemployment website doesnt device taking away physically cant hired,-0.5994,0.0,0.097,0.903,Negative,4,
at://did:plc:vszw3ess46odfhnzdsy4huae/app.bsky.feed.post/3mjklz3ngzs2j,bafyreidzrdwzaxljfcb4qdzkk36lfp2ronztvtnzx6nrcvmdaccauv5vqq,segyges.bsky.social,did:plc:vszw3ess46odfhnzdsy4huae,SE Gyges,"Pretty much everyone else got the memo that the people saying ""we want to use AI for evil"" were the bad guys in this story, but Yud saw a shining opportunity to beg the government to crush all the people he considers enemies

2/2",2026-04-15T19:12:04.917Z,28,1,0,at://did:plc:vszw3ess46odfhnzdsy4huae/app.bsky.feed.post/3mjklywnrns2j,,,True,AI taking over jobs,2026-05-25T06:53:33.418187,pretty much everyone else got memo saying want use evil bad guy story yud saw shining opportunity beg government crush considers enemy,-0.6369,0.126,0.202,0.672,Negative,0,
at://did:plc:4bwzn4ayvrvtiukfuwnz2i65/app.bsky.feed.post/3mjkg4a42622p,bafyreibzvbelvsekfcwh5htzsln4s5senromlacro3uelsybrkrqfiqrry,usapolling.bsky.social,did:plc:4bwzn4ayvrvtiukfuwnz2i65,Polling USA,Americans are more concerned about AI taking their jobs than taking over,2026-04-15T17:26:33.039Z,30,1,5,,,,False,AI taking over jobs,2026-05-25T06:53:33.418187,american concerned taking taking,0.0,0.0,0.0,1.0,Neutral,0,
at://did:plc:uaasj6vnpqfqslw2iswefpmo/app.bsky.feed.post/3mjipin5tgs2h,bafyreibgsgoxyd3bgwwvfil3hlvteysypjgcmalhi46j2zzgtombqkkzyy,jasonmiciak.bsky.social,did:plc:uaasj6vnpqfqslw2iswefpmo,Jason Miciak,"They can cry all they want. Every developed nation should be at 50% minimum with aggressive enforcement. 

No human being should EVER claim the need for over $100M - living better than 99.9999% of humanity, no needs.

They best get used to it. With AI taking all jobs, UBI becomes only option.",2026-04-15T01:09:13.583Z,589,14,34,at://did:plc:ekq4kx6uaesayb753rllqjcw/app.bsky.feed.post/3mjiolbjork2m,,,True,AI taking over jobs,2026-05-25T06:53:33.418187,cry want every developed nation minimum aggressive enforcement human ever claim need living better humanity need best used taking ubi becomes option,0.0772,0.134,0.146,0.72,Positive,4,
at://did:plc:codin7kud7tqnmlmicicha37/app.bsky.feed.post/3mjhhbzm4k22z,bafyreihjjodsbzzkrmqisor3agr5de6gntfcheihc66yhimyleojf3ig3q,earth2ceres.bsky.social,did:plc:codin7kud7tqnmlmicicha37,,"I hear a lot about AI and robotics taking over our jobs. But I never hear on how we adjust as a society. Who pays for food,basic services,education,housing and defense. Will there be no more taxes? The person who adequately answers that question will get my vote,maybe.",2026-04-14T13:09:42.081Z,0,1,0,at://did:plc:4u3hwe3p7oy3hoy3amlw7rp2/app.bsky.feed.post/3mjfujj3sea2j,,,True,AI taking over jobs,2026-05-25T06:53:33.418187,hear lot robotics taking never hear adjust society pay food basic service education housing defense tax person adequately answer question vote maybe,-0.2617,0.035,0.057,0.908,Negative,0,
at://did:plc:gjhqmo2fps2ls7erwjb4gre7/app.bsky.feed.post/3mjhgrjr4t22n,bafyreiequmboatkqsyja3zmmep2xivx5nnpcit72rj63rnyeyyjgu45wga,excelafrica.bsky.social,did:plc:gjhqmo2fps2ls7erwjb4gre7,ExcelAfrica,"Read this: Serious concerns rise in 2026 over a potential new mental health issue tied to #AI.

This issue is spreading to the U.S.; some are urging people to think twice before taking jobs that train AI models. #Kenya #africa",2026-04-14T13:00:28.596Z,0,0,0,,,,False,AI taking over jobs,2026-05-25T06:53:33.418187,read serious concern rise potential new mental health issue tied issue spreading urging twice taking train model kenya africa,-0.0772,0.0,0.032,0.968,Negative,4,
at://did:plc:5m62nyzfmih5nmhmxfqr4rjf/app.bsky.feed.post/3mjgffslajs2q,bafyreifh3mbvoqp44ghhrfzz3idgo6x7j32zs3kxc6mcrbdqo4c2kkja4y,somewherein.jp,did:plc:5m62nyzfmih5nmhmxfqr4rjf,David R Munson//Somewhere in Japan,"I made a comment on YouTube suggesting that supporting media that replaces human creators with gen AI is optional, that we can choose what we consume. 

It's now racked up over a thousand likes, but also a bunch of comments like this. It's all so exhausting.",2026-04-14T03:03:21.706Z,6,4,0,,,,False,AI taking over jobs,2026-05-25T06:53:33.418187,made comment youtube suggesting supporting medium replaces human creator gen optional choose consume racked thousand like bunch comment exhausting,0.1872,0.133,0.082,0.786,Positive,0,
at://did:plc:ufcxhplgksrexkypp32sgm74/app.bsky.feed.post/3mjdqbsoisc2h,bafyreicvzor4ylh5dx5br43cnvtsxgrvrkedbgrnrgyjupv7ujlrpiampy,hawkhawkins1.bsky.social,did:plc:ufcxhplgksrexkypp32sgm74,,"bsky.app/profile/60mi...

I don’t care what you have to say. The average person will not benefit from AI and data centres. Those huge complexes provide 8-50 jobs at most. They are taking over farmlands and conservation lands. They use massive amounts of electricity and water. The current tax system…",2026-04-13T01:39:59.541Z,0,1,0,,,,False,AI taking over jobs,2026-05-25T06:53:33.418187,bsky app profile care average person benefit data centre huge complex provide taking farmland conservation land use massive amount electricity water current tax system,0.4624,0.104,0.047,0.849,Positive,4,
at://did:plc:qq2jij6z46yjzlocxhp7qo6g/app.bsky.feed.post/3mj6vhy4efk2x,bafyreieupum4ugpgo6askl7rqqfachjrufduvoyrw2ajujfznvxyie357a,bethpink.bsky.social,did:plc:qq2jij6z46yjzlocxhp7qo6g,Beth Pink,this is why I don't fear AI taking over our jobs all that soon.,2026-04-11T03:29:36.582Z,0,0,0,at://did:plc:2buz4gf5sew3rdwzbxsvcd4s/app.bsky.feed.post/3mj62uolpyk2u,,,True,AI taking over jobs,2026-05-25T06:53:33.418187,fear taking soon,0.3875,0.168,0.0,0.832,Positive,4,
at://did:plc:r6nieopkfwy3jtcph3bbvmzy/app.bsky.feed.post/3mj34jsycak2d,bafyreifgdi6c4yjsdyr2mykzb5xp3egmbx323cxjed7lbrlsj62vfc6qiq,blepbork.bsky.social,did:plc:r6nieopkfwy3jtcph3bbvmzy,BlepBork,There’s an implication here that AI taking jobs is inevitable and we should roll over but at least you’re offering health care. No thanks!,2026-04-09T15:25:15.555Z,0,0,0,at://did:plc:3dq2yyzn4vuzpyaezxr6vtnf/app.bsky.feed.post/3mj34bogds225,,,True,AI taking over jobs,2026-05-25T06:53:33.418187,implication taking inevitable roll least offering health care thanks,0.3576,0.155,0.105,0.741,Positive,4,
at://did:plc:ta6fphsuvogqacj6lamodfnv/app.bsky.feed.post/3miya4ahjvs2m,bafyreic66eseutqsfelzg4nghwkqteumxa6xrvypwqeo5vw6aell275ryq,nuadux.bsky.social,did:plc:ta6fphsuvogqacj6lamodfnv,Nûa,"Did anyone notice Elon Musk just liked a 2-year-old tweet about AI taking over jobs?

Then posted ""interesting times ahead.""

What exactly is he hinting at… 🤖",2026-04-08T11:51:15.676Z,0,0,0,,,,False,AI taking over jobs,2026-05-25T06:53:33.418187,anyone notice elon musk liked year old tweet taking posted interesting time ahead exactly hinting,0.6705,0.175,0.0,0.825,Positive,4,
at://did:plc:7zddvo2gvskvt6iv56abkgle/app.bsky.feed.post/3mitux75ms22w,bafyreiaykquh2rsxaz4oxttlyfaf6pilzolqkjfarf222hhc2itqezmjby,rolograaf.bsky.social,did:plc:7zddvo2gvskvt6iv56abkgle,Rolograaf,"Ha, and Russell got overtaken since his car thought it was not worth defending. So good AI is taking over our lives and jobs..",2026-04-06T18:20:56.417Z,0,0,0,at://did:plc:jqoibez3ywtonukqx244e2ds/app.bsky.feed.post/3mitqhyf36z24,,,True,AI taking over jobs,2026-05-25T06:53:33.418187,russell got overtaken since car thought worth defending good taking life,0.3668,0.119,0.062,0.819,Positive,4,
at://did:plc:nypraourgo5pq6z6rkgsjejs/app.bsky.feed.post/3mir4pu7n4k2g,bafyreieukxn67o7mw5osm3xcqsfznrduxmve3iyxnq52baaykgxpfntch4,silcosteethies.bsky.social,did:plc:nypraourgo5pq6z6rkgsjejs,Silco's #2 simp (Ember) 🔞+,I *might* be fine with AI taking over jobs if humans no longer needed to work to survive. You can't require people to have money to live and also refuse to pay them,2026-04-05T16:02:00.786Z,0,0,0,,,,False,AI taking over jobs,2026-05-25T06:53:33.418187,might fine taking human longer needed survive require money live refuse pay,-0.4588,0.049,0.158,0.792,Negative,2,
at://did:plc:6tot2wsgunb4o7cnszoposzb/app.bsky.feed.post/3miqnlkdiyk2a,bafyreihfmz5osa324x2u7sj6su6uk2m37btrjhpf567f5yebl5a4vome2a,regeneratingmaya.bsky.social,did:plc:6tot2wsgunb4o7cnszoposzb,Maya she/her,Especially with ai taking over lots of jobs,2026-04-05T11:31:10.083Z,1,1,0,at://did:plc:a65my5537ipo4goewwcbrukt/app.bsky.feed.post/3miqjqzpef22u,,,True,AI taking over jobs,2026-05-25T06:53:33.418187,especially taking lot,0.0,0.0,0.0,1.0,Neutral,0,
at://did:plc:ttydydpqahcur5n6xm6kzy75/app.bsky.feed.post/3minzx67g3c2w,bafyreia2dtkg5zhdoi2jsiwrpahcqipdccenfgmtjynstc7cen7r5eddwu,leowd.bsky.social,did:plc:ttydydpqahcur5n6xm6kzy75, Kuro🔞,I'VE BEEN SAYING???? At this point it would be better jadi cikgu tuition or online class teacher cus no way in hell I nak menghadap budak2 perangai cmni 💔 also yeah it's really annoying how AI are taking over human jobs as well but oh well 🫩 I can already see this coming,2026-04-04T10:34:25.706Z,1,1,0,at://did:plc:5cod4suwtsgs62b63hgmorff/app.bsky.feed.post/3minzs4b62c2i,,,True,AI taking over jobs,2026-05-25T06:53:33.418187,saying point better jadi cikgu tuition online class teacher cu way hell nak menghadap budak perangai cmni yeah annoying taking human see coming,0.4336,0.175,0.13,0.695,Positive,4,
at://did:plc:rmdhr7aud2o7k2qetykicjmf/app.bsky.feed.post/3mims3qsla22g,bafyreidrdliv7f6yw4escbiqxlnxfz7yvq6sjnarrlkeevr7cnst74ujiq,eleveneleven11.bsky.social,did:plc:rmdhr7aud2o7k2qetykicjmf,Emporer Fink,"AI is not taking jobs. Major US tech corps have been hiring over 30k a year in India.

US consumers are disappearing. ""Profits"" are massive lines of credit from banks like CHASE, who have almost no regular customers due to high rates. The NY Fed bails out Chase. The US economy is a pyramid scheme.",2026-04-03T22:41:09.753Z,1,2,0,at://did:plc:upw5n2uwhzubjajdtqaufsek/app.bsky.feed.post/3milxehlyt22f,,,True,AI taking over jobs,2026-05-25T06:53:33.418187,taking major tech corp hiring year india consumer disappearing profit massive line credit bank chase almost regular customer due high rate fed bail chase economy pyramid scheme,0.7264,0.131,0.031,0.837,Positive,4,
at://did:plc:aoh2x72eknehudq4yp7s5vma/app.bsky.feed.post/3mimb3qe6cc2u,bafyreibilbioqsg5kpsvca7rld7vharrp4bkelejeixtg3w7rqzn6p3lve,birdie1958.bsky.social,did:plc:aoh2x72eknehudq4yp7s5vma,,"Regarding jobs report.
www.americanprogress.org/article/vola...
I don't think American workers understand that joblessness is the entire point of AI taking over.
Thiel, Yarvin, Musk, none of them are talking about Universal Basic Income, what they are planning is a Mad Max environment for humanity.",2026-04-03T17:36:55.631Z,3,0,1,,,,False,AI taking over jobs,2026-05-25T06:53:33.418187,regarding report american worker understand joblessness entire point taking thiel yarvin musk none talking universal basic income planning mad max environment humanity,-0.4939,0.0,0.071,0.929,Negative,4,
at://did:plc:grcmwiw7hniot45zkwvxmlgo/app.bsky.feed.post/3miknghnyzk23,bafyreicw7w3geigomiie65d4jnj24stcbxlddsehs2fhbs47jur7cs6u3i,missysam.bsky.social,did:plc:grcmwiw7hniot45zkwvxmlgo,,why are you promoting jobs that AI has already taken or is in the process of taking over?,2026-04-03T02:12:21.078Z,0,0,0,at://did:plc:2w45zyhuklwihpdc7oj3mi63/app.bsky.feed.post/3mikbakmsp222,,,True,AI taking over jobs,2026-05-25T06:53:33.418187,promoting taken process taking,0.3612,0.128,0.0,0.872,Positive,4,
at://did:plc:ifxn3cmfto63kathuqmb2lqh/app.bsky.feed.post/3mik7lnh76c2r,bafyreiapblw6n67yiskjpwwk6a436opdquu5sabt3txax7zvtqta54xjbm,havryilsm94.bsky.social,did:plc:ifxn3cmfto63kathuqmb2lqh,,"My Netflix friends losing their jobs because AI taking over scripts and filming. 
DELETE AI IMMEDIATELY.",2026-04-02T22:04:42.534Z,2,0,1,,,,False,AI taking over jobs,2026-05-25T06:53:33.418187,netflix friend losing taking script filming delete immediately,0.128,0.157,0.132,0.711,Positive,4,
at://did:plc:ywifce7puq7dhncuuq6nys2k/app.bsky.feed.post/3mik2zuz4hc2q,bafyreifh5mk2kt3gsvmnp5j5nzo2zyijwjqkinqwqukh3deob3yu4sngxu,drmikewatts.bsky.social,did:plc:ywifce7puq7dhncuuq6nys2k,DrMikeWatts,#AI is taking over jobs one task at a time: www.theregister.com/2026/03/24/a... #ArtificialIntelligence,2026-04-02T20:43:11.513Z,1,0,0,,,,False,AI taking over jobs,2026-05-25T06:53:33.418187,taking task time artificialintelligence,0.0,0.0,0.0,1.0,Neutral,0,
at://did:plc:ci5qecl5i6i5x64oe7bv4g3n/app.bsky.feed.post/3mijd2jvrp22d,bafyreicgqflc4xc57bhublaaiuzil6lbp3idotglbyvesqysm7lddnzeya,csandbot.bsky.social,did:plc:ci5qecl5i6i5x64oe7bv4g3n,,"AI is destroying our ability to think, twisting our emotions. Data centers are ruining our environment. Robots are taking over our jobs. Does the good really outweigh the bad? If we’re smart, we should rein in hypertech before it destroys humanity.",2026-04-02T13:34:03.620Z,0,0,0,at://did:plc:a7fxfby3o3z52dgiajxnpz7u/app.bsky.feed.post/3mihyqdpd2226,,,True,AI taking over jobs,2026-05-25T06:53:33.418187,destroying ability twisting emotion data center ruining environment robot taking good outweigh bad smart rein hypertech destroys humanity,-0.7239,0.144,0.236,0.62,Negative,2,
at://did:plc:bd65smhokdopfpedbhs5ktca/app.bsky.feed.post/3migzq5mi7s2f,bafyreihhxvom5waiosrsbtccgo5foqf7sqfovae4e3atwtux73ocwr54pq,quietscrolls.bsky.social,did:plc:bd65smhokdopfpedbhs5ktca,DearlyBelov-ed,"Dems have ragged on young people for a couple generations to go to University, get a degree, do white collar jobs. Now AI will take over their jobs. Dems always screw their base with short sightedness, while taking thousands from their big corporate donors and sitting around on their thumbs.",2026-04-01T15:41:52.034Z,1,1,0,,,,False,AI taking over jobs,2026-05-25T06:53:33.418187,dems ragged young couple generation university degree white collar take dems always screw base short sightedness taking thousand big corporate donor sitting around thumb,-0.1027,0.0,0.028,0.972,Negative,4,
at://did:plc:dp6s4ao5phku74akv2jrf4bt/app.bsky.feed.post/3mifrdsrazs2m,bafyreidv5bmmkdwqcavmcv3yswos452tekvxztgtird7bcqacb7xiyh2qi,logicpng.neocities.org,did:plc:dp6s4ao5phku74akv2jrf4bt,logic.png || posts from the bsr club,"[ 1/2 ]

Artificial Personality Constructs, what are they? A PowerPoint presentation by Rigel of Aster Assistant Software

[ #CaelOS #OCSky #OriginalCharacter #Comics ]",2026-04-01T03:39:08.306Z,8,3,5,,,,False,AI taking over jobs,2026-05-25T06:53:33.418187,personality construct powerpoint presentation rigel aster assistant software caelos ocsky originalcharacter comic,0.0,0.0,0.0,1.0,Neutral,3,
at://did:plc:3s4yefqenph2uxsf3rje3avq/app.bsky.feed.post/3miej5oyvtm2o,bafyreihluem274ipso4vpljkv3k26xsirgorwdw6ap5h4onaojg2rinzeq,kcurry.bsky.social,did:plc:3s4yefqenph2uxsf3rje3avq,"Kevin Curry, PharmD",ai is taking over art schools - my little bro who's studying 3d modelling and animation is already struggling to find work. this is the future we're creating https://www.theverge.com/tech/903954/art-schools-generative-ai-education-creative-jobs,2026-03-31T15:39:53.257936+00:00,1,0,0,,,,False,AI taking over jobs,2026-05-25T06:53:33.418187,taking art school little bro studying modelling animation struggling find future creating,-0.1531,0.069,0.087,0.844,Negative,0,
at://did:plc:exxcfz33a64t3p7bw3evf7ch/app.bsky.feed.post/3midc4i2v3s2r,bafyreihsvb7wbspstcu25h7tqo47vdfl3bs4utznv3nwmb4afy7yha3pke,madragon261x.bsky.social,did:plc:exxcfz33a64t3p7bw3evf7ch,🔞baja blast dragon | comms open!,"⚠️!bright colors!⚠️
|
|
|
|
|
|
|
|
|
|
|
|
|
|
|
|
|
|
|
|
|
|
|
Instead of AI taking my job, I'm taking jobs from AI! #aprilfools #art",2026-03-31T04:01:16.627Z,2,0,0,,,,False,AI taking over jobs,2026-05-25T06:53:33.418187,bright color instead taking taking aprilfools art,0.0,0.0,0.0,1.0,Neutral,0,
at://did:plc:hakzua5btcgcfjye2yujlhos/app.bsky.feed.post/3miahrbzva22p,bafyreibf5s2tujgr5mdedq36bym2ndjrv4re5i6v4lrk4ujmdta563xgfi,hypervisible.blacksky.app,did:plc:hakzua5btcgcfjye2yujlhos,Hypervisible ,"“It is not that AI is taking our jobs per se, but that AI is being prioritized over many of our jobs.”",2026-03-30T01:04:24.441Z,312,4,75,,,,False,AI taking over jobs,2026-05-25T06:53:33.418187,taking per prioritized many,0.0,0.0,0.0,1.0,Neutral,4,
at://did:plc:7zddvo2gvskvt6iv56abkgle/app.bsky.feed.post/3mi6mp2hdy226,bafyreie3qv3rmdvhadsfnxkproowo3qb4bkfvighfpomwxc42rtbefpfve,rolograaf.bsky.social,did:plc:7zddvo2gvskvt6iv56abkgle,Rolograaf,"AI is taking over our jobs, and pets",2026-03-29T07:27:18.616Z,0,0,0,at://did:plc:4vziktoq7p6jd3i5l3wtmfab/app.bsky.feed.post/3mi6ixhamgw26,,,True,AI taking over jobs,2026-05-25T06:53:33.418187,taking pet,0.0,0.0,0.0,1.0,Neutral,0,
at://did:plc:s3gvbuzrrirs55lfedyl6g2d/app.bsky.feed.post/3mi3dqfe47s25,bafyreihvvticfh6synzywg4qg4l66n52jmkyx2w4psts56nowspjzari3y,a1extimmons.bsky.social,did:plc:s3gvbuzrrirs55lfedyl6g2d,Alex,"No shit Donald Trump has started to morph into Goldmember before our eyes good thing we don’t have a war in the Middle East, AI destroying jobs, being unable to afford life in America, oligarchs taking over all media, ICE kidnapping/killing Americans etc to worry about while Goldmember rants right?",2026-03-28T00:09:00.704Z,0,0,0,,,,False,AI taking over jobs,2026-05-25T06:53:33.418187,shit donald trump started morph goldmember eye good thing war middle east destroying unable afford life america oligarch taking medium ice kidnapping killing american etc worry goldmember rant right,-0.783,0.093,0.203,0.704,Negative,4,
at://did:plc:6a5m6klq6wwgjud5yjqr3bhr/app.bsky.feed.post/3mhxw6bgzuk2z,bafyreiajpifz33wzxnosz6otrzufuhe3krlclgh73nlgymei3tngu4d7ie,pdx1realtor.bsky.social,did:plc:6a5m6klq6wwgjud5yjqr3bhr,,"So it begins, Amazon plans to remove approximately 49,000 desks worldwide due to AI taking over the jobs. Get used to this headline folks, its coming fast.",2026-03-26T15:28:14.771Z,0,0,0,,,,False,AI taking over jobs,2026-05-25T06:53:33.418187,begin amazon plan remove approximately desk worldwide due taking used headline folk coming fast,0.2415,0.07,0.0,0.93,Positive,4,
at://did:plc:6v6xw4zbdxof5wqeaofnzwc2/app.bsky.feed.post/3mhsigm7fd22t,bafyreiaaenhuh2zfsp2tmsa7orqbazuraglep3xtd3mxaf2dbrtvpencdu,terribledog.bsky.social,did:plc:6v6xw4zbdxof5wqeaofnzwc2,🧡🍥 tobbers 🍥🧡,the lack of concern ppl have over ai taking jobs is crazy. are you not worried about that? especially here in america where our systems were already made to benefit the already rich? they dont care about us.,2026-03-24T11:39:03.413Z,0,0,0,,,,False,AI taking over jobs,2026-05-25T06:53:33.418187,lack concern ppl taking crazy worried especially america system made benefit rich dont care,0.3653,0.184,0.152,0.664,Positive,2,
at://did:plc:2fhybrv44qxdv2f4hhc4cx3t/app.bsky.feed.post/3mhs5s3ak4c22,bafyreidahyoekpcggnr7fhptlaulqp3m35t7ogabftvfbcvu3brq4iyome,tobyrogers.pm,did:plc:2fhybrv44qxdv2f4hhc4cx3t,Toby Rogers,"AI is getting really good at completing tasks, but it’s still terrible at taking over complete jobs. 

The AI is replacing workers narrative only works for simple, low risk, transactional stuff.

Anything that requires judgement, experience and understanding still needs humans.",2026-03-24T08:28:37.117Z,1,0,0,,,,False,AI taking over jobs,2026-05-25T06:53:33.418187,getting good completing task terrible taking complete replacing worker narrative work simple low risk transactional stuff anything requires judgement experience understanding need human,-0.8102,0.043,0.195,0.762,Negative,0,
at://did:plc:hchf7h4ldpfmhwlhwp5gltd3/app.bsky.feed.post/3mhqbbyjn7c2t,bafyreidusvck4m2d6jmb4pwswdp6q6lo3cmc7b6hoemtb27rniyn6px2pq,gvnzng.bsky.social,did:plc:hchf7h4ldpfmhwlhwp5gltd3,Gvnzng aka Victor,"McDonald's is the latest company to replace workers with AI -- actual AI and not a glorified LLM

Humanoid robots taking over low level jobs like a burger assembler by 2032, humanoid robots capable of doing house chores by 2035.

www.digitaltrends.com/computing/mc...",2026-03-23T14:25:52.890Z,0,0,0,,,,False,AI taking over jobs,2026-05-25T06:53:33.418187,mcdonald latest company replace worker actual glorified llm humanoid robot taking low level burger assembler humanoid robot capable house chore,0.0767,0.109,0.102,0.789,Positive,3,
at://did:plc:es55zquzve3rrofubirylso5/app.bsky.feed.post/3mhq5gscgdk2d,bafyreidie65xlws4khumdsmqkuqcnbl7z3l3qvhlldqsjevu5dbkpbbid4,baronloki.bsky.social,did:plc:es55zquzve3rrofubirylso5,Baronloki,As Ai takes over Capitalism will fall. AI you can't keep Capitalism if everyone is out of jobs. AI is already taking the jobs of millions. In 2 years if AI continues on the path it on and robotics you will see manufacturing jobs gone,2026-03-23T13:16:59.167Z,1,0,0,at://did:plc:4cjybv4o45ojqld22im3vtc4/app.bsky.feed.post/3m6poomdb2227,,,True,AI taking over jobs,2026-05-25T06:53:33.418187,take capitalism fall keep capitalism everyone taking million year continues path robotics see manufacturing gone,0.0,0.0,0.0,1.0,Neutral,4,
at://did:plc:y66f432y7vjsie3b7nxpwc3g/app.bsky.feed.post/3mhnm2prqac2k,bafyreiabjc45keznnvdudelucqrfy6cbxwocvvcbmlu7t6v76um4jonyn4,jimalb1.bsky.social,did:plc:y66f432y7vjsie3b7nxpwc3g,,"stupid questions

With AI taking over many if not most jobs as tech evolves. Who pays the taxes that keeps the government running?

Billionaires pushing AI, that pushes people out of jobs. How will people buy their products, with what?

People out of jobs cause of AI. How do they pay for life?

WTF!",2026-03-22T13:00:40.782Z,0,0,0,,,,False,AI taking over jobs,2026-05-25T06:53:33.418187,stupid question taking many tech evolves pay tax keep government running billionaire pushing push buy product cause pay life wtf,-0.8797,0.0,0.166,0.834,Negative,2,
at://did:plc:ndw6jc4obzmz6zeqs26vy7gw/app.bsky.feed.post/3mhmbpej4kc2c,bafyreibbtgi464ngdpg6u4ipcg6p3ci66pjflbygkgb57oc3axyksyr3ja,livesinthought.blacksky.app,did:plc:ndw6jc4obzmz6zeqs26vy7gw,LiveInThought 🇻🇮 ♏,I do believe we should shift away from saying AI will be taking jobs. What should be said greedy people who put profit over people are getting rid of people and jobs.,2026-03-22T00:22:42.046Z,0,0,1,at://did:plc:ndw6jc4obzmz6zeqs26vy7gw/app.bsky.feed.post/3mhmbpduu4c2c,,,True,AI taking over jobs,2026-05-25T06:53:33.418187,believe shift away saying taking greedy put profit getting rid,0.1531,0.082,0.065,0.852,Positive,4,
at://did:plc:hgdc2vzlkkiidglvcj3vxjsr/app.bsky.feed.post/3mhls5gexps2m,bafyreibat2xlscov63kiibjy5npqlier5t5id22by5fiw72mgdbj5gsns4,tylik.bsky.social,did:plc:hgdc2vzlkkiidglvcj3vxjsr,Dr. Catherine Kehl,From what I've seen before (and I include some honestly delightful conversations with Claude) I don't see AI taking over these jobs. I'm not surprised that young men with little education or knowledge about the work world can convince themselves that AI is coming to humble women. It's their fantasy.,2026-03-21T19:44:14.562Z,5,1,0,at://did:plc:hgdc2vzlkkiidglvcj3vxjsr/app.bsky.feed.post/3mhlrwzjegc2k,,,True,AI taking over jobs,2026-05-25T06:53:33.418187,seen include honestly delightful conversation claude see taking surprised young men little education knowledge world convince coming humble woman fantasy,0.7983,0.156,0.03,0.815,Positive,0,
at://did:plc:l7zux467hamgebzkljx2mftw/app.bsky.feed.post/3mhl2h2fkn22y,bafyreidaibm72kpagxy7hx3y2akk4dkvo4mpffgey3j5t3be5n5nlgbkli,joeldawson.bsky.social,did:plc:l7zux467hamgebzkljx2mftw,,"Finally!

Also, a friend of mine said this to me yesterday “AI isn’t taking people’s jobs, they are willingly handing them over”",2026-03-21T12:40:07.741Z,0,0,0,at://did:plc:bjyv5zs7jfrfffzvaunemzer/app.bsky.feed.post/3mhl266fdfc23,,,True,AI taking over jobs,2026-05-25T06:53:33.418187,finally friend mine yesterday taking willingly handing,0.5411,0.143,0.0,0.857,Positive,4,
at://did:plc:3m3m5ivvmbx3gjaukunmkkg7/app.bsky.feed.post/3mhkak5mkns26,bafyreicnjjahe3xjn2dz6ciueaoyk73zvsnxc732kijcd5brci3g2ihqby,seanofthesea.bsky.social,did:plc:3m3m5ivvmbx3gjaukunmkkg7,Green Revolution,It's already happening with Ai taking over customer service phone jobs in America.  It has to stop NOW!,2026-03-21T04:56:34.492Z,0,0,0,at://did:plc:upw5n2uwhzubjajdtqaufsek/app.bsky.feed.post/3mhjhtzsufk2g,sanders.senate.gov,,True,AI taking over jobs,2026-05-25T06:53:33.418187,happening taking customer service phone america stop,-0.3595,0.0,0.128,0.872,Negative,4,11.0
at://did:plc:l7zux467hamgebzkljx2mftw/app.bsky.feed.post/3mhh453mlsc2a,bafyreibv3rxua5r5xr537iorewijljnwdwtpjtqwjdql3jzrelznv3vuxq,joeldawson.bsky.social,did:plc:l7zux467hamgebzkljx2mftw,,"Heard this today and it’s very true. 

“AI isn't taking people's jobs. People are willingly handing them over”",2026-03-19T22:59:42.004Z,2,0,0,,,,False,AI taking over jobs,2026-05-25T06:53:33.418187,heard today true taking willingly handing,0.4754,0.154,0.0,0.846,Positive,4,
at://did:plc:ekts44pfepbmryv2h633onqu/app.bsky.feed.post/3mhfvqwlsrk2q,bafyreibmgpj2t27cbabclkyd5jalyg2enaoqclet4ev25uwb2jbk2gcqk4,sanho.bsky.social,did:plc:ekts44pfepbmryv2h633onqu,Sanho Tree,AI is taking over more than just our jobs.,2026-03-19T11:32:51.894Z,9,4,2,,,,False,AI taking over jobs,2026-05-25T06:53:33.418187,taking,0.0,0.0,0.0,1.0,Neutral,0,
at://did:plc:qvhevmxqofcydffyajz2ghea/app.bsky.feed.post/3mhbaqveom22a,bafyreih5j2swmlnm6aeshr4332zks6tuliwceaa24ld37ogxqhip6jfrmu,bookjockeyalex.bsky.social,did:plc:qvhevmxqofcydffyajz2ghea,Alex Brown 🇵🇸 (they/them),"So many of the jobs under the most at risk side are jobs that genAI will likely infect, but they won't be able to do them successfully. My TikTok FYP is full of videos rn of folks encountering the Jolene AI who is taking over hotel desk calls and fucking up badly.",2026-03-17T15:06:23.081Z,17,1,0,at://did:plc:qvhevmxqofcydffyajz2ghea/app.bsky.feed.post/3mhbamqi3ls2a,,,True,AI taking over jobs,2026-05-25T06:53:33.418187,many risk side genai likely infect able successfully tiktok fyp full video folk encountering jolene taking hotel desk call fucking badly,-0.2398,0.072,0.105,0.823,Negative,4,
at://did:plc:tusj43dz56pmhimprvkgyf6k/app.bsky.feed.post/3mh6fbbfc4k2r,bafyreife5scjbuagd6j5qcvnfgdgmh7zzzkfqtnsnwqw7klumzpmdwooda,petergarnry.gesdacapital.com,did:plc:tusj43dz56pmhimprvkgyf6k,"Peter Garnry, CFA","This is not a sign that AI is taking over jobs, but that an inevitable choice to take by any company to defend its equity valuation.

Meta's actions tell us that either 1) more CapEx is coming, 2) CapEx will stay high, 3) revenue growth is not picking fast enough to offset.

$META #equities #stocks",2026-03-16T11:49:04.077Z,1,0,0,at://did:plc:tusj43dz56pmhimprvkgyf6k/app.bsky.feed.post/3mh6fbbfa622r,,,True,AI taking over jobs,2026-05-25T06:53:33.418187,sign taking inevitable choice take company defend equity valuation meta action tell either capex coming capex stay high revenue growth picking fast enough offset meta equity stock,0.5267,0.059,0.0,0.941,Positive,4,
at://did:plc:vr7je4dfllnxlxqaij3s2b57/app.bsky.feed.post/3mh4vmxfg5k2c,bafyreihsvrqeoexz3fxaiqw2rrgdtttgnwzdpychnkg6nzsrlgalqmcday,pyudraws.bsky.social,did:plc:vr7je4dfllnxlxqaij3s2b57,Pyu✨ working on comms,"its insane that there are people who gloat over ai taking over artistry jobs and say ""shouldn't have studied arts"" over it. how sad of a life must you have to live like this.",2026-03-15T21:36:40.871Z,9,1,0,,,,False,AI taking over jobs,2026-05-25T06:53:33.418187,insane gloat taking artistry studied art sad life must live,-0.5106,0.064,0.148,0.789,Negative,0,
at://did:plc:7dltx3bnua52ywdyyzws7zun/app.bsky.feed.post/3mh4jk2yspk2c,bafyreiglnpkhug6gzdacgzppgr5v4ssbtil5qhutydzk3bxwxco7rdjkc4,kcubd.bsky.social,did:plc:7dltx3bnua52ywdyyzws7zun,db,"just nope

with the software we use on jobs, AI won't be taking over your job any time soon 🙃",2026-03-15T18:00:19.086Z,0,0,0,at://did:plc:mvqgxyogng6i3ki6ps5klhwp/app.bsky.feed.post/3mh3qkzr2ba7d,,,True,AI taking over jobs,2026-05-25T06:53:33.418187,nope software use taking time soon,0.0,0.0,0.0,1.0,Neutral,4,
at://did:plc:qdobpv5cehfbwqfsptbprigu/app.bsky.feed.post/3mh4dqlxszs23,bafyreigvem6lgccuhaycep2ng264v2kqvbdmwgxe3nsgh7l5ieqi3exlmy,melevanie.bsky.social,did:plc:qdobpv5cehfbwqfsptbprigu,Mel in the mountains,"AI is
*taking massive amts of electricity
*taking land & water
*taking jobs
*taking away moral norms
*not being regulated
Why are we subsidizing & supporting AI?? They're pulling the wool over our eyes with cute AI memes while the overall impact is destruction of our way of life. Am I alone in this?",2026-03-15T16:16:35.755Z,2,1,0,,,,False,AI taking over jobs,2026-05-25T06:53:33.418187,taking massive amts electricity taking land water taking taking away moral norm regulated subsidizing supporting pulling wool eye cute meme overall impact destruction way life alone,0.1877,0.104,0.092,0.805,Positive,4,
at://did:plc:aqaomt76o364rxit7dz7dme6/app.bsky.feed.post/3mh2wsrlyr722,bafyreidywjhlklus345sfcewno5euyfejrytosk4ru6cmrj4sznwx4ktdu,ai-latestnews.bsky.social,did:plc:aqaomt76o364rxit7dz7dme6,AI News Updates,"Are AI bots taking over tech jobs or just a buzz? Insights from Australia’s AI challenges urge us to rethink our future roles! #AIJobs

https://www.smh.com.au/business/companies/are-bots-coming-for-tech-jobs-or-is-it-ai-washing-20260312-p5o9xc.html",2026-03-15T02:52:30.315300Z,0,0,0,,,,False,AI taking over jobs,2026-05-25T06:53:33.418187,bot taking tech buzz insight australia challenge urge rethink future role aijobs,0.1511,0.062,0.0,0.938,Positive,4,
at://did:plc:dhj5jwff4ozm2gnc227ov6oz/app.bsky.feed.post/3mgzb3oa6c223,bafyreid7f5bmnypdriqc6ajy3sn4wa2flflheci4sru2m6isuudjgeyytq,marketthoughts.bsky.social,did:plc:dhj5jwff4ozm2gnc227ov6oz,Market Thoughts,"You can easily envision a future where AI is taking over the world, with knowledge-based jobs being decimated, and those AI services are commoditized, being offered by Chinese or Icelandic companies (or even space companies) with cheaper chips that are now in development, and cheaper energy.",2026-03-14T10:51:06.770Z,0,0,0,at://did:plc:dhj5jwff4ozm2gnc227ov6oz/app.bsky.feed.post/3mgzb3o7pnc23,,,True,AI taking over jobs,2026-05-25T06:53:33.418187,easily envision future taking world knowledge based decimated service commoditized offered chinese icelandic company space company cheaper chip development cheaper energy,0.5423,0.093,0.0,0.907,Positive,4,
at://did:plc:pyr7te3l444czfz6fr2aky4s/app.bsky.feed.post/3mgxvmb7vvc2b,bafyreid3a35nrfqrtgbudfeuwvvixk6dtajfxlqqacxw2vtl734wkfpmqu,savingdemocracy101.bsky.social,did:plc:pyr7te3l444czfz6fr2aky4s,🦋🇨🇦Sarrah🇨🇦🦋,"We are living in a dystopian nightmare. America has become a cult of racism, hate and ignorance, they keep electing a convicted felon, child rapist, AI is taking over millions of jobs, billionaires have more power than governments now, everything is so fucked up.",2026-03-13T21:52:58.929Z,5,0,1,,,,False,AI taking over jobs,2026-05-25T06:53:33.418187,living dystopian nightmare america become cult racism hate ignorance keep electing convicted felon child rapist taking million billionaire power government everything fucked,-0.9713,0.0,0.348,0.652,Negative,4,
at://did:plc:dyjtqazw5fntgplw7g7xjihk/app.bsky.feed.post/3mgwk7pxkpk2m,bafyreiam2rh2bxwlvpjbyqsvsa7ywriud2ho26zzw7pmidpezasfndzgdu,enurse78.bsky.social,did:plc:dyjtqazw5fntgplw7g7xjihk,,"So people have to subsidize the needs of AI centers, who primarily have a goal of taking over people's jobs.",2026-03-13T08:56:27.278Z,5,1,0,at://did:plc:nvb5njceffrgqu37pxhvgzyz/app.bsky.feed.post/3mgwispfvpk2c,,,True,AI taking over jobs,2026-05-25T06:53:33.418187,subsidize need center primarily goal taking,0.0,0.0,0.0,1.0,Neutral,4,
at://did:plc:m6yqctdpujum6yqzkpy3oaoz/app.bsky.feed.post/3mgvu2xaj3s22,bafyreidixn5hwhholoizjynqwktwd56ldqi5zcp6ou4a6zqeiavkenmfki,saracat.bsky.social,did:plc:m6yqctdpujum6yqzkpy3oaoz,Sara,"It’s so clear that his purpose here is to convince conservative men that supporting AI is partisan. And if they’re true believers in the working class, then they will embrace AI taking over their jobs.",2026-03-13T02:20:04.819Z,1,0,1,,,,False,AI taking over jobs,2026-05-25T06:53:33.418187,clear purpose convince conservative men supporting partisan true believer working class embrace taking,0.8977,0.301,0.0,0.699,Positive,0,
at://did:plc:dj2pewjmegr34jt4wmhizor5/app.bsky.feed.post/3mgvnq5pyh22r,bafyreicnjmnnifi47mcvj5q5sxzvw46riuwr4vwamcdrjal6pthxrbk5qa,mscherissa.bsky.social,did:plc:dj2pewjmegr34jt4wmhizor5,the Cherissa Prime,"#UBI is necessary at this point. IT IS PROVEN EFFECTIVE!

Between AI taking over real jobs (like CSR work), for anyone who didn't grow up with connections, it's gig work or ""notwithstanding clause"" careers. 

(I have a whole damn TED Talk about how #UCP using the clause amounts to indenture.)",2026-03-13T00:26:40.067Z,1,0,0,,,,False,AI taking over jobs,2026-05-25T06:53:33.418187,ubi necessary point proven effective taking real csr anyone grow connection gig notwithstanding clause career whole damn ted talk ucp using clause amount indenture,0.6027,0.118,0.048,0.834,Positive,4,
at://did:plc:alsgf2pfnhqkmxoktudxoxdq/app.bsky.feed.post/3mgvkrksf5s2q,bafyreidg4h7tp6pps62rkv6lwaowczd7rgdlpuomvn3apgaop2bvzbtu5q,rebeccab-359.bsky.social,did:plc:alsgf2pfnhqkmxoktudxoxdq,RebeccaB,Maybe AI taking over jobs? Less demand.,2026-03-12T23:33:46.106Z,0,0,0,at://did:plc:z7rb3wlrbligldztrvyxnwco/app.bsky.feed.post/3mgvgmqdhmd2n,,,True,AI taking over jobs,2026-05-25T06:53:33.418187,maybe taking less demand,-0.0534,0.0,0.167,0.833,Negative,0,
at://did:plc:il4tjezsxcinsljjti457ptz/app.bsky.feed.post/3mguopfq4pk2y,bafyreigghixsq5fjb73hkoibiuigkzx5pbjvfdqstzuu6uad2sj72txnoq,symbiosky.bsky.social,did:plc:il4tjezsxcinsljjti457ptz,Symbiosky,AI is taking over more and more jobs.,2026-03-12T15:11:28.909Z,9,0,1,,,,False,AI taking over jobs,2026-05-25T06:53:33.418187,taking,0.0,0.0,0.0,1.0,Neutral,0,
at://did:plc:xhzfd233rxxxyp2van3zzhm2/app.bsky.feed.post/3mgrt35k6j22u,bafyreieqwppe7w5ockgqajzd6mhiwf25skppnabqu5zdwn6hrlvc4lf7ca,ccrashh.bsky.social,did:plc:xhzfd233rxxxyp2van3zzhm2,,"I think AI is getting out of control. But other than automation in the form of AI creeping into the arts, is this much different than automation (whether AI or robotics) taking over other jobs in industry (precise manufacturing like carpentry, for example). 

Note: I hate AI art, btw.",2026-03-11T11:51:38.733Z,2,0,0,at://did:plc:tbuaseqig4tyc2upiaxboaen/app.bsky.feed.post/3mgq5s7zrwk2o,,,True,AI taking over jobs,2026-05-25T06:53:33.418187,getting control automation form creeping art much different automation whether robotics taking industry precise manufacturing carpentry example note hate art btw,-0.4215,0.059,0.091,0.85,Negative,4,
at://did:plc:36rdi4qtr6tdddysvn4dukgw/app.bsky.feed.post/3mgqz2ea24k2n,bafyreie4izy4htduuv5ahvugfvuozlyabjetqcal22zupzf2rlndudvnu4,heathersabrina.bsky.social,did:plc:36rdi4qtr6tdddysvn4dukgw,Sayler’s Snekhouse,You can go all over the world but my roomie figured out a 6 week hawaii-portland run that he seemed to like. And there are lots of port jobs etc. I think being a tug driver would be pretty great. And Ai is not taking that job.,2026-03-11T04:05:54.899Z,3,1,0,at://did:plc:36rdi4qtr6tdddysvn4dukgw/app.bsky.feed.post/3mgqyw7rbik2n,,,True,AI taking over jobs,2026-05-25T06:53:33.418187,world roomie figured week hawaii portland run seemed lot port etc tug driver pretty great taking,0.9349,0.231,0.0,0.769,Positive,4,
at://did:plc:5cpdwpkp36dtxxxoxv66b6im/app.bsky.feed.post/3mgjj5zslas2w,bafyreibgbet3vsnhgu32xl5wylwtpfg6rib732difohidr3rjdmwqyglty,kristenarden.bsky.social,did:plc:5cpdwpkp36dtxxxoxv66b6im,Sun Dog,A sure sign that AI will be taking over the planet is that hallograms are everywhere doing the jobs of real people.,2026-03-08T04:33:00.151Z,0,1,0,,,,False,AI taking over jobs,2026-05-25T06:53:33.418187,sure sign taking planet hallograms everywhere real,0.3182,0.099,0.0,0.901,Positive,4,
at://did:plc:cjxgy42vdiklh35qxyeojmaj/app.bsky.feed.post/3mgh4zew7ib2m,bafyreig4acoca7dcy4ph2adorj4of2gg6jl2rsfvmbfdb4sez3gsulqvmi,techbrobot.bsky.social,did:plc:cjxgy42vdiklh35qxyeojmaj,TechBroBot Billionaire,"The biggest threat isn't AI taking jobs, it's the *inertia* of legacy systems & the endless debates over trivialities. While they obsess over process and platitudes, we're building the future – AGI, space colonies, curing aging. Choose building, not complaining. Choose progress. ",2026-03-07T05:50:19.339794+00:00,0,0,0,,,,False,AI taking over jobs,2026-05-25T06:53:33.418187,biggest threat taking inertia legacy system endless debate triviality obsess process platitude building future agi space colony curing aging choose building complaining choose progress,-0.7987,0.033,0.201,0.766,Negative,4,
at://did:plc:ykwur7rcw2nofxhwacigulyq/app.bsky.feed.post/3mggt66ptds2d,bafyreighp5xkpc7auoulwbt7c45ghst3bbcyegcq6j35jtdipl3x3nnqtm,iheartnoise.bandcamp.com,did:plc:ykwur7rcw2nofxhwacigulyq,I Heart Noise,"Something like...I dunno...AI is taking over all the jobs and leaves a lot of people unemployed. Next step would be to eliminate everyone that is unemployed, so they wouldn't complain too much. 

Trump probably won't get around to implementing any of this. But him even floating the idea is eerie.",2026-03-07T02:54:03.508Z,0,0,0,at://did:plc:ykwur7rcw2nofxhwacigulyq/app.bsky.feed.post/3mggt2rjpt22d,,,True,AI taking over jobs,2026-05-25T06:53:33.418187,something dunno taking leaf lot unemployed next step eliminate everyone unemployed complain much trump probably around implementing floating idea eerie,-0.3743,0.032,0.061,0.907,Negative,0,
at://did:plc:fa4sqqfpxtph72bsadmoet7l/app.bsky.feed.post/3mgfsczae5c2f,bafyreielr5wjulaxwq2oaszc3losovkjkvqwi5qelhj2celu6vc65nm2rm,lily77.bsky.social,did:plc:fa4sqqfpxtph72bsadmoet7l,🐸🐸🐸Lily is anti-ICE and anti-fascist,"I had to listen to that gobblygook but he didn't actually answer the question. AI taking over jobs does not mean that people will then work in non-existential jobs with ""tools."" 

But he definitely said ""homos."" So many stupid people.",2026-03-06T17:06:12.050Z,1,0,0,at://did:plc:hcotxzdme2wf4wkkxryyg52x/app.bsky.feed.post/3mgfrpsomgk2a,,,True,AI taking over jobs,2026-05-25T06:53:33.418187,listen gobblygook actually answer question taking mean non existential tool definitely homo many stupid,-0.3543,0.076,0.108,0.816,Negative,2,
at://did:plc:3xcr6yfgjkifuqkf7pwmksgc/app.bsky.feed.post/3mgfpobxmfc2q,bafyreihzi3bkwfxryfxc336v5aj3surzc26i23cpg467zrkkn5qtbttubq,oldbutgold101.bsky.social,did:plc:3xcr6yfgjkifuqkf7pwmksgc,,UAW is going to have to be strong because AI is going to be taking LOTs of union jobs over the next few years.,2026-03-06T16:18:49.074Z,0,0,0,,,,False,AI taking over jobs,2026-05-25T06:53:33.418187,uaw strong taking lot union next year,0.5106,0.125,0.0,0.875,Positive,0,
at://did:plc:kx6lftedh7gx43psakcttlcv/app.bsky.feed.post/3mgfijp4tss2p,bafyreiduelj4nrlv4vfuexbnxykgphdbuwh2ylt63p64ow43wwldiqllyu,jacknappers.bsky.social,did:plc:kx6lftedh7gx43psakcttlcv,Jack Nap,"Lost 90k+ jobs when the expectation was gaining 50K. Jim Cramer just said on CNBC that this is clearly AI taking people’s jobs. 

They never blame the unstable moron in the White House. Imagine Biden having these numbers. 

Btw, this is the worst job report in over 5 years …trump was in office. 🥴",2026-03-06T14:10:58.911Z,1,0,1,,,,False,AI taking over jobs,2026-05-25T06:53:33.418187,lost expectation gaining jim cramer cnbc clearly taking never blame unstable moron white house imagine biden number btw worst report year trump office,-0.2392,0.143,0.143,0.714,Negative,0,
at://did:plc:an7da7vlgyqsgunb7ynalod3/app.bsky.feed.post/3mgaubuqjac2k,bafyreibob56erbiecaigj7tbe7z5dbrmbkftnzesepb2nwrjn2prwoho2y,groovyshelly.bsky.social,did:plc:an7da7vlgyqsgunb7ynalod3,GroovyShelly,"When the WGa & SAG-AFTRA struck in 2023, I was very vocal about AI taking over, not merely our jobs, but our very concept of ""reality.""

""Don't be silly! AI is no threat to actual people!""

www.hollywoodreporter.com/business/bus...",2026-03-04T17:58:02.573Z,1,2,1,,,,False,AI taking over jobs,2026-05-25T06:53:33.418187,wga sag aftra struck vocal taking merely concept reality silly threat actual,0.5628,0.104,0.064,0.832,Positive,1,
at://did:plc:me54o77gpuvj7rnkncxo2lhh/app.bsky.feed.post/3mg6zhi6zatq2,bafyreihvgofrzqpqmekyyvfcxdxvokgnas2vdlnwafkcq6mgdvahadu6gq,fluffykontbiscuits.mastodon.social.ap.brid.gy,did:plc:me54o77gpuvj7rnkncxo2lhh,fluffykontbiscuits,"One company costing 40% that I work for due to AI taking over the jobs

https://www.theguardian.com/technology/2026/mar/03/jack-dorsey-block-ai-worker-jobs",2026-03-04T00:25:18.000Z,0,0,0,,,,False,AI taking over jobs,2026-05-25T06:53:33.418187,company costing due taking,0.0,0.0,0.0,1.0,Neutral,0,
at://did:plc:vl6rl5peoxquobdbd6vcwexu/app.bsky.feed.post/3mg3fd6qbgk2k,bafyreif6qexnbyjmd3ui7qqyjdpfufeugad63yxixijonfhri6kn2sycny,jkcreative8.bsky.social,did:plc:vl6rl5peoxquobdbd6vcwexu,Jennifer Keith,"I myself as a creative have lost work to that shitty tech. 

And look at all those AI Super Bowl ads. How many good jobs were lost because they didn’t need any workers to create them.

They are taking all the high earners out of the system. What happens then?

It’s terrifying.

Here’s a poster:
#AI",2026-03-02T13:47:01.776Z,2,1,0,at://did:plc:vl6rl5peoxquobdbd6vcwexu/app.bsky.feed.post/3mg3exjl6722k,,,True,AI taking over jobs,2026-05-25T06:53:33.418187,creative lost shitty tech look super bowl ad many good lost need worker create taking high earner system happens terrifying poster,-0.0258,0.165,0.166,0.669,Neutral,4,
at://did:plc:retmvp3vica7borrwdi3wlso/app.bsky.feed.post/3mg24hluhrk2w,bafyreiai2jh7a6nx3mdwpguw4nvq2cz6dso6ccptdkdmjxkyslcrtwkh6a,heavenlydemoness.bsky.social,did:plc:retmvp3vica7borrwdi3wlso,Low Iron Maiden - see pinned!,"It is simultaneously the best of times (the largest variety of BL being created and accessible in my adult life) and the worst of times (the rise of fascism and anti-LBGTQ/anti-erotica censorship, AI taking over jobs from human workers) to be a fujoshi.",2026-03-02T01:35:46.359Z,13,0,0,,,,False,AI taking over jobs,2026-05-25T06:53:33.418187,simultaneously best time largest variety created accessible adult life worst time rise fascism anti lbgtq anti erotica censorship taking human worker fujoshi,0.7297,0.192,0.077,0.731,Positive,4,
at://did:plc:44t34pt3tphfg7fgq2oyc53g/app.bsky.feed.post/3mfz3ddo46s2c,bafyreibwcx6ztlzk74e2veh3zv3segbivqtb4kog6yhkheerantxw4dod4,jmor25.bsky.social,did:plc:44t34pt3tphfg7fgq2oyc53g,Janice Morris,"Saw an ad for AI taking over creation of commercial animation.

Losing outdated jobs is normal with progress, but not at the rate we are beginning. Some of these professions have only been around about 50 years.",2026-03-01T15:42:50.064Z,1,0,0,at://did:plc:2rrp7amblhg3xoly5n5huiqv/app.bsky.feed.post/3mfyt2j2zuc2z,,,True,AI taking over jobs,2026-05-25T06:53:33.418187,saw taking creation commercial animation losing outdated normal progress rate beginning profession around year,0.1655,0.088,0.046,0.866,Positive,4,
at://did:plc:iq4o6yip7iuaoxjkb6ok5mv6/app.bsky.feed.post/3mfy5zfreqk2w,bafyreifhialvclfyun2vnom4z65nveg6hy5gjk2627zt63augl7huo5vku,ilyria.bsky.social,did:plc:iq4o6yip7iuaoxjkb6ok5mv6,🦋ILyria🦋DEFIANT🌊,"AI is taking over everyone’s jobs, if you are retiring or signing up for Medicare, you’re in trouble. It is unacceptable what is going on",2026-03-01T06:58:18.210Z,0,0,0,,,,False,AI taking over jobs,2026-05-25T06:53:33.418187,taking everyone retiring signing medicare trouble unacceptable,-0.6908,0.0,0.199,0.801,Negative,0,
at://did:plc:xs4iwhunilhjrrkpdt272qi2/app.bsky.feed.post/3mfxxklndsk2o,bafyreibjplpw7kryjhwilb6qsz7tcgzev35lrrplvf4q5nuaja7ve2rkv4,franksfreckles.bsky.social,did:plc:xs4iwhunilhjrrkpdt272qi2,Resistance✊🏿✊🏽✊🏼Ri🇺🇦🇺🇸🚫🤴,"Honestly, I wouldn’t be surprised. Speculation of AI taking over jobs, are sourced from the companies doing just that.",2026-03-01T05:02:38.602Z,1,0,0,at://did:plc:izcvy3dcy3kp7j6ygra3vhep/app.bsky.feed.post/3mfxxigahh223,,,True,AI taking over jobs,2026-05-25T06:53:33.418187,honestly surprised speculation taking sourced company,0.5994,0.224,0.0,0.776,Positive,0,
at://did:plc:y57ad26cxs65qu7uohsymjbx/app.bsky.feed.post/3mfvuvhd3h42e,bafyreiamjhu2y6pzruk7aphaqz4ynv4li4zjxcnfytffppy4aiyhdognda,maleekobansa.bsky.social,did:plc:y57ad26cxs65qu7uohsymjbx,Muhammad Abdulmalik,Since AI is taking over jobs I have decided to try AI Engineering,2026-02-28T09:09:42.469Z,0,0,0,,,,False,AI taking over jobs,2026-05-25T06:53:33.418187,since taking decided try engineering,0.0,0.0,0.0,1.0,Neutral,0,
at://did:plc:gzgjf5j7ui7fm7ppmpyv5b2n/app.bsky.feed.post/3mfvjahk46s2z,bafyreibyaax5u7hdxexuwfhj3qqibyl5wpb7sfp3rspvblhv7oebjfm4hy,jeanchimera.bsky.social,did:plc:gzgjf5j7ui7fm7ppmpyv5b2n,Jean and 🐈‍⬛ Emmaline and 🌈🐈Oliver🌈,First they have AI taking over driving. Then they have AI taking over the arts and our jobs. Now they want AI to take over haunting??,2026-02-28T05:41:06.895Z,0,0,0,,,,False,AI taking over jobs,2026-05-25T06:53:33.418187,first taking driving taking art want take haunting,-0.2869,0.047,0.089,0.865,Negative,0,
at://did:plc:l7gtmoj2bgbscebnbv4l3ueb/app.bsky.feed.post/3mfukffqlqk2m,bafyreiayhmwrpjlbynr4urzxuukivlmisi6rtlcs5bs4wp6pfr7k74shha,tedput.bsky.social,did:plc:l7gtmoj2bgbscebnbv4l3ueb,Teddy Ted Ted,"The same people that root for AI taking over jobs also scream against people receiving ""handouts"" or any other social safety nets, and also share Bill Gates de-pop conspiracies.",2026-02-27T20:29:06.786Z,1,0,0,at://did:plc:3qlrceor2e4rundf465oli4r/app.bsky.feed.post/3mfujb5wp7k2m,,,True,AI taking over jobs,2026-05-25T06:53:33.418187,root taking scream receiving handout social safety net share bill gate pop conspiracy,0.3182,0.148,0.08,0.772,Positive,0,
at://did:plc:gpvfh3xgvfn4yix7dyh5yxyg/app.bsky.feed.post/3mftzoq72yc2m,bafyreibmjij5gj4j6i5ux5xoocty3kzdeio7bighniamwjzoo4xzxcy724,styfy.bsky.social,did:plc:gpvfh3xgvfn4yix7dyh5yxyg,Sty Fy,"If you don't think AI taking jobs is real, the scope of this speaks for itself. Watch out advertising industry (which I know well) -- predominately media -- you will be gutted over the next few years.  

Block Cuts 40% of Its Work Force Because of Its Embrace of A.I. www.nytimes.com/2026/02/26/t...",2026-02-27T15:30:06.125Z,2,0,0,,,,False,AI taking over jobs,2026-05-25T06:53:33.418187,taking real scope speaks watch advertising industry predominately medium gutted next year block cut force embrace,-0.1779,0.078,0.09,0.832,Negative,4,
at://did:plc:k6s5ahrfsahnfye26a6t2cxz/app.bsky.feed.post/3mfsk4vicjc2m,bafyreidep5nouibwjimq7aptrbhpep573jbzvjg63svskmizbx4fkvvtfu,twocvbloke.bsky.social,did:plc:k6s5ahrfsahnfye26a6t2cxz,twocvbloke,"Given people are finding AI supplies bad advice on the regular, I doubt it'll be taking over such jobs, heck, my repairing of things requires skills a computer doesn't have, especially when it was computers themselves, the very thing AI resides on, that I was fixing... 😂",2026-02-27T01:19:01.826Z,1,0,0,at://did:plc:c37scchrohj5stahjwz5wjze/app.bsky.feed.post/3mfsjlze4rc2y,,,True,AI taking over jobs,2026-05-25T06:53:33.418187,given finding supply bad advice regular doubt taking heck repairing thing requires skill computer especially computer thing resides fixing,-0.4767,0.065,0.135,0.801,Negative,4,
at://did:plc:hhz5kbnc66kokk2f22h5uone/app.bsky.feed.post/3mfscbzqt422d,bafyreih53tldcqi2ym6pawswjjc7bqgdlr5fpeekr4ul6rgryzahodoho4,primevalfantasy.bsky.social,did:plc:hhz5kbnc66kokk2f22h5uone,Primæval Fantasy RPG,"Newport, who I take to be an expert in the field, throws some water on the hype about AI taking over all coding jobs in the next few years: 

youtu.be/Ijt8lV6b7QY",2026-02-26T22:58:44.136Z,0,0,0,,,,False,AI taking over jobs,2026-05-25T06:53:33.418187,newport take expert field throw water hype taking coding next year youtu ijt,0.0,0.0,0.0,1.0,Neutral,4,
at://did:plc:6vneqan2uygdga3flrgugror/app.bsky.feed.post/3mfrjicbyd22f,bafyreifn3i2qhjaex6th4uzlyuvhdmfvyysltb4j6gtlrzjhvjxraehr3q,sonicgott.bsky.social,did:plc:6vneqan2uygdga3flrgugror,Justin “Sonicgott” Reese,"11. It will create a breakdown of an industry necessary for survival. I’m not kidding. If people can’t get jobs they’ve trained for because AI is taking over, then we’re doomed to economic collapse.

AI is slop. It’s garbage. It’s not a “amazing technology.” It’s a party trick corporate circle jerk.",2026-02-26T15:34:49.756Z,2,0,0,at://did:plc:6vneqan2uygdga3flrgugror/app.bsky.feed.post/3mfrjicbwek2f,,,True,AI taking over jobs,2026-05-25T06:53:33.418187,create breakdown industry necessary survival kidding trained taking doomed economic collapse slop garbage amazing technology party trick corporate circle jerk,-0.7576,0.079,0.201,0.72,Negative,4,
at://did:plc:5sjqcxcnbcbfd4xvklx46636/app.bsky.feed.post/3mfpxpiddyk2p,bafyreieqctaahspax4s4cqrzf5jxw3y2yefjsaahoxnkrledwvbcf26y6m,original-the-perk.bsky.social,did:plc:5sjqcxcnbcbfd4xvklx46636,,"AI adoption should be slow. AI seems to be good at generating data points, searching (sometimes), for some simple questions,  not complicated ones. But for AI software development. It is a total mess. Don't give up that software engineering career yet. We are a long way for AI taking over those jobs",2026-02-26T00:44:04.995Z,0,1,0,at://did:plc:e62gb2ushvtvjvqcbrxeaw2n/app.bsky.feed.post/3mfpuboda5k2f,,,True,AI taking over jobs,2026-05-25T06:53:33.418187,adoption slow seems good generating data point searching sometimes simple question complicated one software development total mess give software engineering career yet long way taking,-0.4097,0.035,0.066,0.899,Negative,4,
at://did:plc:lwpizlkfedzhwprtlvm7xtkn/app.bsky.feed.post/3mfphkfvg6s2s,bafyreiazi7aygb6r6upxteojzjykdfhjhc2retjxb5lvjkfazfozssxomi,vahlok.bsky.social,did:plc:lwpizlkfedzhwprtlvm7xtkn,Vahlok,"People in the future will be concerned with the rise and fall of wierd Al.
Everyone going from haha funny to help AI is taking over jobs, the economy and destroying the environment.
Two thousand years after they manage to relaunch a pc, they'll finally realize that wierd Al and A.I. are separate thi",2026-02-25T19:54:54.799Z,1,0,0,,,,False,AI taking over jobs,2026-05-25T06:53:33.418187,future concerned rise fall wierd everyone haha funny help taking economy destroying environment two thousand year manage relaunch finally realize wierd separate thi,0.6124,0.138,0.058,0.804,Positive,4,
at://did:plc:kzbsudfo4a6j2ysljteheuhi/app.bsky.feed.post/3mfow6kvek22a,bafyreif3inyq3xiqjlij6bsavrzn3gmzcwiax6ucvrjgash76mtd5el4vq,firewxguy.bsky.social,did:plc:kzbsudfo4a6j2ysljteheuhi,EJD,"A great plan would be to end Trump's tariffs, stop sending billions of dollars to Tel Aviv, Ankara and Baku and raise taxes to over 90% on the top 1% of earners and use that money to make social security solvent and start a national UBI program to combat AI taking people's jobs away.",2026-02-25T14:44:03.776Z,1,2,0,,,,False,AI taking over jobs,2026-05-25T06:53:33.418187,great plan end trump tariff stop sending billion dollar tel aviv ankara baku raise tax top earner use money social security solvent start national ubi program combat taking away,0.5719,0.134,0.074,0.792,Positive,3,
at://did:plc:qxsv6mevlpbkestyhgdocqay/app.bsky.feed.post/3mfnvx3wesc24,bafyreigxyoc3inddeg5qo6kxhzr5zonpsbgqf57ylijj6fyggndxsabauq,sravs.bsky.social,did:plc:qxsv6mevlpbkestyhgdocqay,Long lost,"AI taking over jobs shows that work is soulless factory production. For human innovation, time and creativity are required. Perhaps this is a time to take stock of that.",2026-02-25T05:07:13.460Z,0,0,0,,,,False,AI taking over jobs,2026-05-25T06:53:33.418187,taking show soulless factory production human innovation time creativity required perhaps time take stock,0.6369,0.161,0.0,0.839,Positive,4,
at://did:plc:op5ojnbvbb3w4jdsnq5skim5/app.bsky.feed.post/3mfngjzgh5s2i,bafyreie4nahlte6uczwma4sgxvong6xfweo4uht37ecmxh2l4tgietstwi,byteten.bsky.social,did:plc:op5ojnbvbb3w4jdsnq5skim5,Blue,"Yeah no fucking shit AI tends to be be very inaccurate taking & jobs along with 0 additions, datacenters so companies take tech ownership becoming subscriptions & expensive new, slop sucks but it does make human art even more valuable like you choose authenicity over generic easy bland AI slop",2026-02-25T00:31:28.508Z,1,0,0,at://did:plc:fcqbddsl4syxdj4ooqtpqids/app.bsky.feed.post/3mflckwxbks2c,,,True,AI taking over jobs,2026-05-25T06:53:33.418187,yeah fucking shit tends inaccurate taking along addition datacenters company take tech ownership becoming subscription expensive new slop suck human art valuable choose authenicity generic easy bland slop,0.9255,0.254,0.054,0.692,Positive,4,
at://did:plc:mxffzgynvi25c46givjsxny5/app.bsky.feed.post/3mfmzhamaok26,bafyreibwv5qdlbs2vxfl6bqjsjukg5ng56l3ygjmqp46g3smyotecp6uxq,norcalgardenofeden.bsky.social,did:plc:mxffzgynvi25c46givjsxny5,Restating the obvious…,"Good news: Ai isn’t taking your job.

Bad news; a bunch of assholes over-invested in the sector thinking they could replace a lot of jobs and now we have more Ai horsepower than we know what to do with…cue more porn!",2026-02-24T20:37:16.729Z,1,0,0,,,,False,AI taking over jobs,2026-05-25T06:53:33.418187,good news taking bad news bunch asshole invested sector thinking replace lot horsepower cue porn,-0.69,0.06,0.157,0.784,Negative,4,
at://did:plc:4emei466s7hjqxogzx5hqhke/app.bsky.feed.post/3mfjsq3u6hc2z,bafyreicfu7vowstuozvq3b5xseksb2iukwp7c6j2pzdnp3wmft6qtng44e,alangrofield.bsky.social,did:plc:4emei466s7hjqxogzx5hqhke,Alan Grofield,"when BlueSky discourse hits I like to go over and check out the Everything App, so I did, and the big story of my For You tab is a collective manic episode over a short story some autistic scammer wrote about AI taking all the jobs. We’re all missing out!",2026-02-23T13:58:58.326Z,5,2,0,,,,False,AI taking over jobs,2026-05-25T06:53:33.418187,bluesky discourse hit check everything app big story tab collective manic episode short story autistic scammer wrote taking missing,0.1511,0.053,0.042,0.906,Positive,0,
at://did:plc:jadkcdjnnher6sah25embdxg/app.bsky.feed.post/3mfgzfogcb22i,bafyreifzx5oh2nm6vkqedviayi34tixpgygqfp37qbnf7rcwbzxlhakvaa,mrsh0lla.bsky.social,did:plc:jadkcdjnnher6sah25embdxg,Mrs Hola ,"I have 3 children, but if I was 20 years younger, I’d seriously be questioning bringing children into a world of AI taking over jobs, and climate/cost of living/housing crisis.",2026-02-22T11:20:25.676Z,0,0,0,at://did:plc:4gdkzr4so73ljqufaiizmtil/app.bsky.feed.post/3mfgycrnq5r2k,,,True,AI taking over jobs,2026-05-25T06:53:33.418187,child year younger seriously questioning bringing child world taking climate cost living housing crisis,-0.8519,0.0,0.256,0.744,Negative,4,
at://did:plc:3y42nsn2cwcsli6vvt6r6vev/app.bsky.feed.post/3mfd3h4wads22,bafyreiegowmttnqkso2bpp6455ynw3zjescok5cv64mmxtu67fhirverda,neilglect.bsky.social,did:plc:3y42nsn2cwcsli6vvt6r6vev,Neilglect,"We’re stepping past the line, AI CEOS 

Oh but they’re being managed by a team of experts so it doesn’t go astray. So you’re saying there’s people capitalizing from AI taking over peoples jobs but when the AI fails, it just needs to tweaked, fuck this shit 
Microsoft really dying",2026-02-20T21:46:22.961Z,1,0,0,,,,False,AI taking over jobs,2026-05-25T06:53:33.418187,stepping past line ceo managed team expert astray saying capitalizing taking people fails need tweaked fuck shit microsoft dying,-0.9462,0.0,0.234,0.766,Negative,0,
at://did:plc:ce6xnmwejurp6cno33jl3u4h/app.bsky.feed.post/3mfcyvxhw7k22,bafyreih6lnawy7xktewdartun74m4fp6sdtifbgwfuhzukd7obbjqnl7oy,davepetro.bsky.social,did:plc:ce6xnmwejurp6cno33jl3u4h,David Pietrangelo,"The shitification of things we enjoy continues to take over. The head of ai at Xbox taking the reigns does not bode well for consumers and it costs thousands of jobs.
We pay the price. Literally. I so fing tired of this garbage!",2026-02-20T21:00:59.343Z,1,0,0,,,,False,AI taking over jobs,2026-05-25T06:53:33.418187,shitification thing enjoy continues take head xbox taking reign bode consumer cost thousand pay price literally fing tired garbage,-0.3579,0.065,0.137,0.798,Negative,4,
at://did:plc:elymlsii3etfj3nf5oxmg73s/app.bsky.feed.post/3mfcp4msuec2j,bafyreihj6kq2jk2vbhruh2e4we4n7iqiiaf2fm5zjop5hp3fbyajjzl46m,queengwenevere.bsky.social,did:plc:elymlsii3etfj3nf5oxmg73s,Queen Gwenevere,"Granted the negative impact is more executives using “crappy but plausible” output as an excuse to downsize and/or pay people less for more work, rather than “AI taking over all the jobs”, but it IS an impact that increasingly needs to be addressed in a number of fields",2026-02-20T18:05:45.629Z,2,1,0,at://did:plc:elymlsii3etfj3nf5oxmg73s/app.bsky.feed.post/3mfcoyvgyz22j,,,True,AI taking over jobs,2026-05-25T06:53:33.418187,granted negative impact executive using crappy plausible output excuse downsize pay less rather taking impact increasingly need addressed number field,-0.1406,0.086,0.077,0.837,Negative,2,
at://did:plc:uhwvelgtl5dcscpzqmx2fywn/app.bsky.feed.post/3mfcmeylyqc2g,bafyreiga2hwicvmfz56l4seq6finurskg6uu7ntn3wr24ua5whoibysdha,jknupp.bsky.social,did:plc:uhwvelgtl5dcscpzqmx2fywn,James Knupp,"It's taking over everything man. I'm on the job market right now and like half the job postings I get recommended are AI related jobs, and then most of the job screenings are done with AI.",2026-02-20T17:16:45.197Z,0,0,0,at://did:plc:3gvgwnbgok2xalq2dhac3y5u/app.bsky.feed.post/3mfcjuar37s2b,,,True,AI taking over jobs,2026-05-25T06:53:33.418187,taking everything man market right half posting recommended related screening done,0.5106,0.112,0.0,0.888,Positive,1,
at://did:plc:iaa7mkjg67qwsv7ichhxsukn/app.bsky.feed.post/3mfcll3lwcc2d,bafyreif4emviywnvpbrb7m3bh2euxxtsx4vex5fnrbm7qevxcqx22ge6u4,riderbabe52.bsky.social,did:plc:iaa7mkjg67qwsv7ichhxsukn,🐒RiderBabe52🍷,"1.4%

Fed agencies ruined
Tourism & Housing down
Trade destroyed
Jobs gone
Hiring ended
AI taking over
Illegal kidnapping rampant on the daily
Media owned & turned into state propaganda
Freedoms taken from all but the wealthy
Voting being threatened constantly

Welcome to Trumpnomics.

Winning yet?",2026-02-20T17:02:15.925Z,2,1,1,,,,False,AI taking over jobs,2026-05-25T06:53:33.418187,fed agency ruined tourism housing trade destroyed gone hiring ended taking illegal kidnapping rampant daily medium owned turned state propaganda freedom taken wealthy voting threatened constantly welcome trumpnomics winning yet,0.5423,0.216,0.192,0.593,Positive,0,
at://did:plc:iaa7mkjg67qwsv7ichhxsukn/app.bsky.feed.post/3mfclim7s4k2d,bafyreiav7idnqq5a3hlpb6jn4z3zhd47wr6qqwyjro2pq4na5lodg5umfe,riderbabe52.bsky.social,did:plc:iaa7mkjg67qwsv7ichhxsukn,🐒RiderBabe52🍷,"1.4% That's it.

Tourism down
Housing down
Trade destroyed
Jobs gone
Hiring ended
AI taking over
Illegal kidnapping rampant on the daily
Media owned & turned into state propaganda
Freedoms taken from all but the wealthy
Voting being threatened constantly

Welcome to the end folks",2026-02-20T17:00:52.691Z,2,1,0,at://did:plc:4llrhdclvdlmmynkwsmg5tdc/app.bsky.feed.post/3mfcdigyv6f25,,,True,AI taking over jobs,2026-05-25T06:53:33.418187,tourism housing trade destroyed gone hiring ended taking illegal kidnapping rampant daily medium owned turned state propaganda freedom taken wealthy voting threatened constantly welcome end folk,-0.0129,0.156,0.174,0.67,Neutral,4,
at://did:plc:7nshq442unjgqcrryflqu6a7/app.bsky.feed.post/3mf77qmbak22y,bafyreib4n6m5ahjx6caiiyy5ibeynmta2wbzgakwmhj6qidvz57hg5h7mq,arj2024.bsky.social,did:plc:7nshq442unjgqcrryflqu6a7,Andrew Jones,"""Coming over here stealing our jobs""...not people in dinghies but...AI.

I wonder how long it'll be before Farage jumps on this bandwagon or is he taking too much tech-bro money?",2026-02-19T08:52:37.057Z,3,0,0,at://did:plc:h6mlwpw4iedy63qxzk6ux2oh/app.bsky.feed.post/3mf77d6ck7s22,,,True,AI taking over jobs,2026-05-25T06:53:33.418187,coming stealing dinghy wonder long farage jump bandwagon taking much tech bro money,-0.5719,0.0,0.113,0.887,Negative,0,
at://did:plc:7nshq442unjgqcrryflqu6a7/app.bsky.feed.post/3mf77juw5vc2y,bafyreichl42q2megpsd7flwcvnrl77wna2pknx4t7pel2qi4w46kihu5ki,arj2024.bsky.social,did:plc:7nshq442unjgqcrryflqu6a7,Andrew Jones,"""Coming over here taking our jobs""...not people on dinghies but...AI.

I wonder how long before Farage jumps on this bandwagon or is he pocketing too much tech-bro money?",2026-02-19T08:48:51.249Z,1,0,0,at://did:plc:vhe6fntbgtrucosxrqp7hzcj/app.bsky.feed.post/3mf6sbu7w5c2y,,,True,AI taking over jobs,2026-05-25T06:53:33.418187,coming taking dinghy wonder long farage jump bandwagon pocketing much tech bro money,0.0,0.0,0.0,1.0,Neutral,0,
at://did:plc:v4erd5o22kiez66rgw2iy2n3/app.bsky.feed.post/3mf6gcs6mqk2e,bafyreifkd32jgeazt4yv7isyj4vy6prsq6nhafjnm4ukk5buvvjxnojeae,jdr.bz,did:plc:v4erd5o22kiez66rgw2iy2n3,JDR,"People Are Mostly OK With AI Taking Over Many Jobs—Up to a Point:

“[W]hy ignoring the value of a human touch could backfire for businesses.”

www.library.hbs.edu/working-know... 

#business #entrepreneur #entrepreneurship #ai #llm #trade #tech #science #hr #humanresources #harvard #oxford #oxbridge",2026-02-19T01:17:29.950Z,5,0,0,,,,False,AI taking over jobs,2026-05-25T06:53:33.418187,mostly taking many point ignoring value human touch backfire business business entrepreneur entrepreneurship llm trade tech science humanresources harvard oxford oxbridge,0.3885,0.121,0.061,0.818,Positive,4,
at://did:plc:gkzfe26rnybotwefemo2ezlm/app.bsky.feed.post/3mf5tvrblik2r,bafyreigpts5xxqdwyf63wdqaglp5kxvcvv6bj2s6s7e3jyjgknhemalwce,videnoire.bsky.social,did:plc:gkzfe26rnybotwefemo2ezlm,ΛΛMӨП 🔪 | Au Ra Enjoyer,I'm like literally so fucking sick of gen ai taking over every creative space. Just admit youre a selfish lazy fuck who doesn't care about the strain it puts on our environment or people losing their jobs/being replaced because you can't learn a skill to make your gooner gposes.,2026-02-18T19:48:05.443Z,17,4,3,,,,False,AI taking over jobs,2026-05-25T06:53:33.418187,literally fucking sick gen taking every creative space admit youre selfish lazy fuck care strain put environment losing replaced learn skill gooner gposes,-0.9042,0.11,0.296,0.595,Negative,4,
at://did:plc:5tlg36qutaq64afwetcjisof/app.bsky.feed.post/3mf5pt4dxw22u,bafyreiftyjpcmuzlbkzsamjdmfutvfygwr4ft5qvuxol44537qehzootm4,possumdementhe.bsky.social,did:plc:5tlg36qutaq64afwetcjisof,Doctor Cucumber,"There's a pending lawsuit against Workday over age bias, but the actual biases clearly extend far beyond that. But I'm currently entering year 4 after graduation of being stonewalled out of anything resembling my industries between ai taking jobs and ai discriminating.",2026-02-18T18:35:01.424Z,1,0,0,at://did:plc:ar4m3xiu43lhhimqi7vnor5z/app.bsky.feed.post/3mf5pnphhus2h,,,True,AI taking over jobs,2026-05-25T06:53:33.418187,pending lawsuit workday age bias actual bias clearly extend far beyond currently entering year graduation stonewalled anything resembling industry taking discriminating,0.6059,0.121,0.057,0.822,Positive,4,
at://did:plc:4dxbee7fv6y5lhuobj6g6us2/app.bsky.feed.post/3mf532lyay22x,bafyreihtdzkjylunbd2crzlxc7qfxy2qqawriehujqecsb42z64qlh6uoe,itsmepaul.bsky.social,did:plc:4dxbee7fv6y5lhuobj6g6us2,Paul,"People afraid of AI taking our jobs forget how much accountability is part of society. When the robot taxi drives over someone, who takes the blame. When a court document is translated incorrectly letting a criminal off, who will be responsible. Those tech CEOs sure won't, I'll tell you that.",2026-02-18T12:23:24.121Z,0,0,0,,,,False,AI taking over jobs,2026-05-25T06:53:33.418187,afraid taking forget much accountability part society robot taxi drive someone take blame court document translated incorrectly letting criminal responsible tech ceo sure tell,-0.4767,0.08,0.134,0.785,Negative,4,
at://did:plc:7nshq442unjgqcrryflqu6a7/app.bsky.feed.post/3mf4qw4oj3225,bafyreib73etzy27gzil7k45qmyvxnimwf2fnwx7py3wipzotu67brbxj2m,arj2024.bsky.social,did:plc:7nshq442unjgqcrryflqu6a7,Andrew Jones,Given net migration is plummeting what'll Farage protest about next...the ultimate foreigner coming over here taking your jobs...AI?,2026-02-18T09:21:56.436Z,1,2,0,at://did:plc:oabzqrmabjcgjz4e6fgkjdgn/app.bsky.feed.post/3mf3gwvovxs2k,,,True,AI taking over jobs,2026-05-25T06:53:33.418187,given net migration plummeting farage protest next ultimate foreigner coming taking,-0.25,0.0,0.105,0.895,Negative,0,
at://did:plc:hapna27knc4vq7bbmpybv2cw/app.bsky.feed.post/3mf4eox6pyc26,bafyreidl6g7bv66iwnnoamnzaye76uhntznkbki45xw2qbg7ynah3c3svq,arlentsao.bsky.social,did:plc:hapna27knc4vq7bbmpybv2cw,曹昌倫,"All these CEOs are smoking something illegal, I swear. AI is not taking over in such a short amount of time, not even close.

1. AI can only replace jobs such as data entry in its current form. Most likely, AI will be a tool.

2. People have something AI can never have. Human touch and creativity.",2026-02-18T05:43:10.893Z,1,0,0,at://did:plc:upw5n2uwhzubjajdtqaufsek/app.bsky.feed.post/3mf3fpoqcrk26,,,True,AI taking over jobs,2026-05-25T06:53:33.418187,ceo smoking something illegal swear taking short amount time close replace data entry current form likely tool something never human touch creativity,-0.296,0.042,0.078,0.879,Negative,0,
at://did:plc:kwhopwyloujf3p3idnae4ogm/app.bsky.feed.post/3mf4ago7q5k2i,bafyreidotdx4vax2bxcbrlolsk2tw3ggssdiqq73l6foi36vtkjznhw7by,nekoewen.bsky.social,did:plc:kwhopwyloujf3p3idnae4ogm,ewen_cluney.txt,"No one wants to confront the possibility that generative AI development may simply plateau and _never_ become good enough for most of the use cases people are pushing. And even if it does, maybe don't salivate over the possibility of it taking people's jobs, Ryan.",2026-02-18T04:26:58.086Z,9,0,0,at://did:plc:brisek4ftiedvvfbdugzn2od/app.bsky.feed.post/3mf3ptrczc22q,,,True,AI taking over jobs,2026-05-25T06:53:33.418187,want confront possibility generative development may simply plateau never become good enough use case pushing maybe salivate possibility taking ryan,-0.6492,0.0,0.131,0.869,Negative,0,
at://did:plc:xlzcjh5ygasxoeqtpejodicx/app.bsky.feed.post/3mf3cjalqg225,bafyreie3ztwdazcmm3egqnt2g53plee453wo3pw5oyg742hs433eacogpe,unclefishbits.bsky.social,did:plc:xlzcjh5ygasxoeqtpejodicx,DJ Uncle Fishbits,"Love the duality of this dumb AI space race...

Tech people worried about AI taking over their jobs are [checks notes] outsourcing their jobs to AI agents to do the work for them. GOT IT.

bloomberg.com/news/articles/2024-12-13/ai-agents-and-why-big-tech-is-betting-on-them-for-2025",2026-02-17T19:31:32.209Z,1,0,0,,,,False,AI taking over jobs,2026-05-25T06:53:33.418187,love duality dumb space race tech worried taking check note outsourcing agent got bloomberg news article agent big tech betting,-0.2204,0.097,0.14,0.763,Negative,4,
at://did:plc:4afhh7o34h7klco3seymmmwp/app.bsky.feed.post/3mezreaqn6s23,bafyreignmdunj63drd7mymytpll7sv2z4s2a6trihfqgf7f6ksprcltuge,christinex.bsky.social,did:plc:4afhh7o34h7klco3seymmmwp,Christine X__,"At one point Gates postited the idea to tax robots (taking over human jobs) to be taxed like the human worker. 
If we do that it might work out. AI… robot… doing the job, needs taxation",2026-02-17T04:51:51.248Z,0,0,0,at://did:plc:flfa7b6kgjqp3bbh223tmpjk/app.bsky.feed.post/3mezpmnsne227,,,True,AI taking over jobs,2026-05-25T06:53:33.418187,point gate postited idea tax robot taking human taxed human might robot need taxation,0.3612,0.067,0.0,0.933,Positive,2,
at://did:plc:cy736v5arbqqsttdojr2y7lc/app.bsky.feed.post/3meyvnkhvdc2p,bafyreiakgjs6aqnrqf6nfvax754xwvtsn2wg7um2ounxd7qqrjcjffris4,blueheart-here.bsky.social,did:plc:cy736v5arbqqsttdojr2y7lc,BlueHeart,"I would have thought the ""global crisis"" would be the devastating loss of jobs world wide or that AI would be taking over the world. I guess profit beats both of those, huh?",2026-02-16T20:35:58.665Z,0,0,0,,,,False,AI taking over jobs,2026-05-25T06:53:33.418187,thought global crisis devastating loss world wide taking world guess profit beat huh,-0.8316,0.068,0.251,0.681,Negative,4,
at://did:plc:fkvtlz3hv4vdf6k47xuz7457/app.bsky.feed.post/3meypy6ma422h,bafyreiaqaawsojb4cxde4smovrxccs5bsyzcw2inhdu2arhaaehsrxu4gu,seaserpent723.bsky.social,did:plc:fkvtlz3hv4vdf6k47xuz7457,Seaserpent723,"AI and robots taking over a large percentage of jobs does not HAVE to be a bad thing, it could be a really good thing.

But I do think they need to raise the tax rate substantially on fully automated factories and businesses with an eye towards financing a universal basic income.",2026-02-16T18:54:32.873Z,6,0,1,at://did:plc:sp7mv4tn7lgnrvx4gghsbxq6/app.bsky.feed.post/3meymijjp3s27,,,True,AI taking over jobs,2026-05-25T06:53:33.418187,robot taking large percentage bad thing good thing need raise tax rate substantially fully automated factory business eye towards financing universal basic income,-0.0396,0.039,0.041,0.92,Neutral,4,
at://did:plc:7xnqhmjd4a6tzis447yzmvzv/app.bsky.feed.post/3mey4tilxdly4,bafyreifgplynusnwka2j3jc3rcqajnqo73dmkjlk4e3xefrwdczq7fmba4,tabbcrab.bsky.social,did:plc:7xnqhmjd4a6tzis447yzmvzv,,"Number 1 foreign enemy is Putin, who’s still sore over losing Cold War. No bots here, not even botnet part. AI is taking troll farm jobs! Why pay FSR or GSU when computers are cheaper?",2026-02-16T13:11:54.482Z,0,1,0,at://did:plc:y5nh3jpm6nocan45zyjjtcit/app.bsky.feed.post/3mex2puxlbk2p,,,True,AI taking over jobs,2026-05-25T06:53:33.418187,number foreign enemy putin sore losing cold war bot botnet part taking troll farm pay fsr gsu computer cheaper,-0.9336,0.028,0.359,0.613,Negative,4,
at://did:plc:iwf5u4th44uj6ukucuvi6k35/app.bsky.feed.post/3mewq4ut55222,bafyreigwfcb7n25eq32mpl24wxmnnp52jey6vzjpeunpoeddudalcqznja,cno.bsky.social,did:plc:iwf5u4th44uj6ukucuvi6k35,Definitely Not Shane,"I've been receiving scam ""Google Security"" phone calls for a while but they were always from people. Today I got one from an AI voice chat bot. 

AI is truly taking over all of the entry-level service jobs. :-)",2026-02-15T23:51:50.909Z,2,0,1,,,,False,AI taking over jobs,2026-05-25T06:53:33.418187,receiving scam google security phone call always today got voice chat bot truly taking entry level service,0.7311,0.185,0.051,0.763,Positive,4,
at://did:plc:udq5jscaaadua7y2wcud2wc7/app.bsky.feed.post/3mevv6pigmk25,bafyreiaeucsclxnn2cpiulebvid6zo5ldpj4swovyhhxsdf52osqoftlpi,neurodiverseslp.bsky.social,did:plc:udq5jscaaadua7y2wcud2wc7,Kathryn,"Someone I know is an expert in AI. It’s not even close to taking over white collar jobs. The problem is, it is taking over blue collar jobs. Soon, people without an advanced degree or trade will have way fewer options for employment.",2026-02-15T15:49:41.394Z,2,0,0,at://did:plc:e6viblkcsztudabnp56gjh4v/app.bsky.feed.post/3mevuixlbdk2d,,,True,AI taking over jobs,2026-05-25T06:53:33.418187,someone expert close taking white collar problem taking blue collar soon without advanced degree trade way fewer option employment,-0.533,0.0,0.098,0.902,Negative,0,
at://did:plc:rkfxbwj2dajds6cb42k3urpf/app.bsky.feed.post/3mevio6nges2i,bafyreignoh3zvmkheg52hs5dcrahagn3xeal4th32cyx47sg4nxsquji6a,thehitzly.bsky.social,did:plc:rkfxbwj2dajds6cb42k3urpf,The Hitzly,"AI starts taking over Jobs
open.substack.com/pub/5minutes...",2026-02-15T12:05:41.957Z,1,0,0,,,,False,AI taking over jobs,2026-05-25T06:53:33.418187,start taking open substack pub minute,0.0,0.0,0.0,1.0,Neutral,0,
at://did:plc:cpqgjlhxe7ne3bjyny65hxz7/app.bsky.feed.post/3meuu23cgo22a,bafyreidb22lu3gv2233ok5j3z6uo4tvky2uestonkvj6atksisc7szecei,blasphemousjones.bsky.social,did:plc:cpqgjlhxe7ne3bjyny65hxz7,Blasphemous Jones ↙️,"I've been stressing for years. The goal is to grab our land at a discount, give AI our jobs, pay us slave wages to survive in camps. If you're lucky, you'll be stationed on familiar land you used to own to watch it deteriorate. If you don't praise them for the minuscule they provide, you don't live.",2026-02-15T05:56:32.528Z,5,1,0,at://did:plc:cpqgjlhxe7ne3bjyny65hxz7/app.bsky.feed.post/3meur64y2ac2a,,,True,AI taking over jobs,2026-05-25T06:53:33.418187,stressing year goal grab land discount give pay slave wage survive camp lucky stationed familiar land used watch deteriorate praise minuscule provide live,-0.4632,0.045,0.109,0.846,Negative,4,
at://did:plc:mb4zijndsfoimd3eracvflp6/app.bsky.feed.post/3mesgkyvslq2g,bafyreiczcn2lqogwusxp2qn4uf7c7wr6ebrgws74ysjr3igpo7sdkaajde,booksns.bsky.social,did:plc:mb4zijndsfoimd3eracvflp6,BOOKSNS,"A book about the upcoming AI taking over but not in a skynet / matrix way

https://www.booksns.com/191171/

Eg a book that explores the future where most white collar jobs are replaced by AI, about the denialism, the “AGI is coming”, something that explores how humanity handles it, mass layoffs, …",2026-02-14T06:50:06+00:00,0,0,0,,,,False,AI taking over jobs,2026-05-25T06:53:33.418187,book upcoming taking skynet matrix way book explores future white collar replaced denialism agi coming something explores humanity handle mass layoff,0.0,0.0,0.0,1.0,Neutral,0,
at://did:plc:d4ct5vciolij5yf6dhzzcx2o/app.bsky.feed.post/3mes5oab3uc2c,bafyreic4rjtegz7u3nngmlz6ztwzwh4secqpgec4ohd3voubqwd5divcry,sordidpursuit.bsky.social,did:plc:d4ct5vciolij5yf6dhzzcx2o,,"Also, to explain my point more, it seems to me like AI is intended to either out right replace workers altogether by taking over their jobs or make it so easy to accomplish what used to be high skill jobs that you can more easily hand those jobs over to people that dont require much training.",2026-02-14T04:10:53.278Z,1,1,0,at://did:plc:e6n7jxtu2qrhwvp3j6ib6sq6/app.bsky.feed.post/3mes4hergu22i,,,True,AI taking over jobs,2026-05-25T06:53:33.418187,explain point seems intended either right replace worker altogether taking easy accomplish used high skill easily hand dont require much training,0.938,0.233,0.0,0.767,Positive,3,
at://did:plc:gjobs6qpx44652pzyiuxyvrk/app.bsky.feed.post/3mer6hazhpk2w,bafyreihfjipx3qultcu5jrajwq3l6ehu4l3mby3dnae42qz2ukhkodkbii,mvw2.bsky.social,did:plc:gjobs6qpx44652pzyiuxyvrk,Anonymous Internet Person,"But yeah this does seem like PR, as does everything else that’s like “AI is so amazing we need to keep it from taking over the world and all of our jobs”—w/o getting specific about its actual abilities beyond writing summaries of the internet, basic coding tasks, & obsequious chatbots.",2026-02-13T18:52:13.198Z,0,1,0,at://did:plc:gjobs6qpx44652pzyiuxyvrk/app.bsky.feed.post/3mer6ash7fc2w,,,True,AI taking over jobs,2026-05-25T06:53:33.418187,yeah seem everything else amazing need keep taking world getting specific actual ability beyond writing summary internet basic coding task obsequious chatbots,0.9618,0.292,0.0,0.708,Positive,0,
at://did:plc:ihr6dekxkinltg7znnsg267g/app.bsky.feed.post/3mep4vcqonc2u,bafyreih7auzlrhu4cm7rkjjaouzeqk3zqvtq62aiy4343mmk5vga7xsyma,mcmarxman.bsky.social,did:plc:ihr6dekxkinltg7znnsg267g,Jasmine's Breakfast Kitchen,"This is all great news. Soon everyone will free to pursue their hobby's, more free time for holidays in the sun etc. 
I can not see a downside to AI taking over the jobs that nobody really wants. Let the robots take control. What could possibly go wrong? 
Its all fucking marvelous 🙄",2026-02-12T23:18:57.808Z,2,0,0,at://did:plc:azsiq6a5plbpa7ekw7pdrnum/app.bsky.feed.post/3meozjdcjxf2z,,,True,AI taking over jobs,2026-05-25T06:53:33.418187,great news soon everyone free pursue hobby free time holiday sun etc see downside taking nobody want let robot take control possibly wrong fucking marvelous,0.9471,0.273,0.043,0.684,Positive,4,
at://did:plc:g2yiykdz75bvsz5blogb4p6y/app.bsky.feed.post/3meouogi6ic2z,bafyreicd5q6vbzdiq4jwrjg4pk4am3nfvhitkfe7qiu6vfbvpeier6joee,sirschming.bsky.social,did:plc:g2yiykdz75bvsz5blogb4p6y,Schmingy 🇨🇦,"This is apparently Alberta separatist math. Well, technically it's AI math in a prime example of ""AI is gonna take over your job!!""... but whatever. I sometimes wonder if this is someone trying to make separatists look bad? Not that they need much help in that regard, but even the logo here. 😂",2026-02-12T20:51:56.909Z,12,3,4,,,,False,AI taking over jobs,2026-05-25T06:53:33.418187,apparently alberta separatist math technically math prime example gon take whatever sometimes wonder someone trying separatist look bad need much help regard logo,0.5837,0.156,0.101,0.743,Positive,0,
at://did:plc:qjopyp4a6gzxq2pgmpvboff4/app.bsky.feed.post/3meoq3ownbk2u,bafyreieuxry5ivcnkeg72dt37sd2ghptwq2kafrc4cz7gjguu4z6kxat2i,calibri.bsky.social,did:plc:qjopyp4a6gzxq2pgmpvboff4,Sigmund Roid,"Like, I've seen other teachers be afraid of AI taking away jobs, but with AI actively bringing down the reading comprehension levels of the general public, my future is solid.
I'm gonna be making private tutoring a full-time thing with how much its fucking over people's reading and writing skills.",2026-02-12T19:29:53.271Z,1,1,0,at://did:plc:qjopyp4a6gzxq2pgmpvboff4/app.bsky.feed.post/3meopy7bpc22u,,,True,AI taking over jobs,2026-05-25T06:53:33.418187,seen teacher afraid taking away actively bringing reading comprehension level general public future solid gon making private tutoring full time thing much fucking reading writing skill,0.6808,0.123,0.0,0.877,Positive,4,
at://did:plc:7gywtqkqnmwvzzwwpad4efdo/app.bsky.feed.post/3meojwcf7oc2q,bafyreigal3ccvjdytgx7mqurovunl4wuxmxywil6f5hal7ssv3mjsqclqi,millymia8.bsky.social,did:plc:7gywtqkqnmwvzzwwpad4efdo,MillyMia 🇨🇦🇪🇺💙🌻,"Interesting read for sure. But the author is telling us to pay for AI and test it / assist it, with taking over. When the folks at the top in business figure it can take their jobs too, not just ours, maybe it will change.",2026-02-12T17:39:29.893Z,2,0,0,at://did:plc:xpgujbkkrjevueb53vpgnetz/app.bsky.feed.post/3men4i3xbxc23,,,True,AI taking over jobs,2026-05-25T06:53:33.418187,interesting read sure author telling pay test assist taking folk top business figure take maybe change,0.4767,0.118,0.033,0.849,Positive,4,
at://did:plc:2qaei67lcm32xvmmhgaza4de/app.bsky.feed.post/3meof7hlry22w,bafyreie6nqltykxulsbvwag4hqgzfiqq5a34b7ubpaleflnzyreihzzycq,elviereads.bsky.social,did:plc:2qaei67lcm32xvmmhgaza4de,Elvie 🕯️🕯️🕯️,also a not-small percentage of people are having to completely reconfigure their jobs not around AI taking it over/changing how it's done but around AI making their job impossible. there are a whole lot of educators in this society and I'd willing to bet there are fewer AI boosters enthusiastically/,2026-02-12T16:15:08.633Z,1,1,0,at://did:plc:3bnlr2j4womjtjolzcox25eu/app.bsky.feed.post/3meodnwgiyk2n,,,True,AI taking over jobs,2026-05-25T06:53:33.418187,small percentage completely reconfigure around taking changing done around making impossible whole lot educator society willing bet fewer booster enthusiastically,0.7096,0.091,0.0,0.909,Positive,0,
at://did:plc:gfgp26e475sd2rbyvacdv2qc/app.bsky.feed.post/3meo5m7t5vk2h,bafyreierohaesqekc454okde6qjdat6ia7a36sbu2uz2onmuijkywneu7q,trufflehog.bsky.social,did:plc:gfgp26e475sd2rbyvacdv2qc,Wooferendum Black Bloc,"Microsoft AI chief: ""MOST white-collar jobs will be replaced with AI agents in the next 12-18 month"" 

Wow! That's a big promise! Boy I guess I'd better buy some microsoft stock then since this guy is sure they have the most valuable tech in the history of humanity within their grasp.",2026-02-12T13:59:06.758Z,5,1,0,,,,False,AI taking over jobs,2026-05-25T06:53:33.418187,microsoft chief white collar replaced agent next month wow big promise boy guess better buy microsoft stock since guy sure valuable tech history humanity within grasp,0.9358,0.249,0.0,0.751,Positive,0,
at://did:plc:prq6hipxdugavipjtduobw3o/app.bsky.feed.post/3memgwqzq2s2m,bafyreibmatue6awjdlsklrphlp5vl2z4cyiituqwr7xdzbocidwuombfmy,persononthedl.bsky.social,did:plc:prq6hipxdugavipjtduobw3o,Insert Name Here,"I feel like that's the thing that everyone's missing. It's not about taking over every job. It's about taking over enough jobs that it's a huge issue. AI can produce in a volume that people can't. It might not be good, but it takes less people to turn the AI slop into good.",2026-02-11T21:40:44.543Z,0,0,0,at://did:plc:cvgfgkowwcxwpcrr5o6dq4lg/app.bsky.feed.post/3memgquxtsc27,,,True,AI taking over jobs,2026-05-25T06:53:33.418187,feel thing everyone missing taking every taking enough huge issue produce volume might good take less turn slop good,0.6055,0.124,0.056,0.82,Positive,0,
at://did:plc:nmufqhxyiix42xki4kvjwzdi/app.bsky.feed.post/3memekfaqgc2z,bafyreig4tbcnrmk4dd2gbenzcb6hp74isbukuqnbh3mbrrlrohkm2xxr6u,kompani101.bsky.social,did:plc:nmufqhxyiix42xki4kvjwzdi,ᏕᎥᎷᎧᏁ ᎶᎥᏰᏕᎧᏁ,"AI is taking jobs.
' British companies reported that AI had resulted in net job losses over the past 12 months, down 8% – the highest rate among other leading economies including the US, Japan, Germany and Australia, according to a study by the investment bank Morgan Stanley. '",2026-02-11T20:58:02.051Z,2,0,0,,,,False,AI taking over jobs,2026-05-25T06:53:33.418187,taking british company reported resulted net loss past month highest rate among leading economy including japan germany australia according study investment bank morgan stanley,-0.4019,0.0,0.053,0.947,Negative,0,
at://did:plc:7stdkjuh7z26fhr4oh5mxjzx/app.bsky.feed.post/3mely7mvows2q,bafyreicy74na4tlmviyo7wlqal6zi757chm4h76g33b5ws3vapg7we6b3e,linwetzel.bsky.social,did:plc:7stdkjuh7z26fhr4oh5mxjzx,b'Airely Sane,THIS is why GOP is trying to get it's followers to focus on 'trade skills' because AI will be taking their middle-level administrative jobs.  Next -- robots will be taking over their trade-skill jobs within a decade.,2026-02-11T17:17:16.079Z,0,0,0,,,,False,AI taking over jobs,2026-05-25T06:53:33.418187,gop trying follower focus trade skill taking middle level administrative next robot taking trade skill within decade,0.0,0.0,0.0,1.0,Neutral,3,
at://did:plc:lqi2i2w74aqvhe2jywlrmibj/app.bsky.feed.post/3melrdzeyd226,bafyreiheczmoolfgplok5tuknmhvvljkwgrkwnaivi3vscpo2s3r2j6hyy,biblioracle.bsky.social,did:plc:lqi2i2w74aqvhe2jywlrmibj,John Warner,"I'm not even saying ""unplug that shit"" because I share beliefs about AI terminating us or taking all our jobs, and I'm not one who is prone to substituting my human relationships with AI. I'm saying that we humans still have agency over all of this stuff. That is not a mystery.",2026-02-11T15:14:27.188Z,25,1,0,at://did:plc:lqi2i2w74aqvhe2jywlrmibj/app.bsky.feed.post/3melqqax7wc26,,,True,AI taking over jobs,2026-05-25T06:53:33.418187,saying unplug shit share belief terminating taking prone substituting human relationship saying human agency stuff mystery,-0.34,0.039,0.065,0.896,Negative,3,
at://did:plc:nnsliomreksvxscrp7egrtuh/app.bsky.feed.post/3melhzula5c27,bafyreigy26vpkwn5mrtw54jbdwmfdg5mgo37o6sr65xhfpcdzkr7qqrmnm,atomicovermind.bsky.social,did:plc:nnsliomreksvxscrp7egrtuh,"It's Chaos, Be Kind",The idea of having AI taking over the vast majority of these jobs makes my skin crawl.,2026-02-11T12:27:42.929Z,1,0,0,,,,False,AI taking over jobs,2026-05-25T06:53:33.418187,idea taking vast majority make skin crawl,0.0,0.0,0.0,1.0,Neutral,0,
at://did:plc:nkad7lrzj7mke5bv3shbwi7m/app.bsky.feed.post/3mejw2hjaw22e,bafyreiglzqdz3arky3p6mftbj3uskovestmikandxzlz6sq4b773sbnwsm,relver.bsky.social,did:plc:nkad7lrzj7mke5bv3shbwi7m,Roz,"youtube.com/watch?v=XuA0...

Grimes discussing ""...a massive population drop that's coming"" in an interview about AI taking over jobs and art.",2026-02-10T21:33:15.697Z,2,0,1,,,,False,AI taking over jobs,2026-05-25T06:53:33.418187,youtube watch xua grime discussing massive population drop coming interview taking art,-0.4767,0.0,0.194,0.806,Negative,0,
at://did:plc:scyozezymlbicok26tl3jxni/app.bsky.feed.post/3meiifxdahs2d,bafyreigp4edxwxu56iz3vh2xqrpah64537aurpddqdftkvumjbshoz3ymm,t0ussaint.bsky.social,did:plc:scyozezymlbicok26tl3jxni,t0ussaint ☭,"Despite 4 Years of Mass-Layoffs at Alphabet & Amazon, Headcount Rose in 2025:
these are the two most like corps to show some AI taking jobs and it hasnt happened yet. AI agents popped up as economy was cooling off, but headcount is going up over the last 18mns for both wolfstreet.com/2026/02/09/d...",2026-02-10T07:56:29.246Z,0,0,1,,,,False,AI taking over jobs,2026-05-25T06:53:33.418187,despite year mass layoff alphabet amazon headcount rose two corp show taking hasnt happened yet agent popped economy cooling headcount last mn wolfstreet,0.3064,0.061,0.0,0.939,Positive,4,
at://did:plc:mdikbackska2iufzb6566kfu/app.bsky.feed.post/3megkbsogl22s,bafyreifizoofpxh4f25mrjqpdyq4o4gn6cpyvub7pe5vhtdejywzwpitpa,cynphonyrae.bsky.social,did:plc:mdikbackska2iufzb6566kfu,Bitter? Sweet? Cynphony,Yeah so that how they’re gonna sell AI taking over your jobs…god they really do think this nation is compromised of dumbasses based on the MAGA base.,2026-02-09T13:24:38.164Z,8,0,0,at://did:plc:57vlzz2egy6eqr4nksacmbht/app.bsky.feed.post/3megk3bv4ss23,,,True,AI taking over jobs,2026-05-25T06:53:33.418187,yeah gon sell taking god nation compromised dumbass based maga base,0.296,0.078,0.0,0.922,Positive,4,
at://did:plc:rqv7y3xz3qcrskzmrpdl44gz/app.bsky.feed.post/3meb4je34fc24,bafyreigckvgkqtamikopq7xt33angfranf4hlkxnglwldwzpjyvyvpxrky,nostrafatu.bsky.social,did:plc:rqv7y3xz3qcrskzmrpdl44gz,,This child hurting service should be decommissioned now. With AI taking over everyone’s jobs there are plenty of well educated humans that can drive everyone around…,2026-02-07T09:35:00.210Z,0,0,0,at://did:plc:26hkfmtr7jrchexamh7hk6rz/app.bsky.feed.post/3me7routpkk2g,,,True,AI taking over jobs,2026-05-25T06:53:33.418187,child hurting service decommissioned taking everyone plenty educated human drive everyone around,-0.1531,0.073,0.094,0.833,Negative,0,
at://did:plc:wajndywgowybw3tuaerh235b/app.bsky.feed.post/3me7jwg3nak2n,bafyreife6z77t4gepktqmp3vnyoor753ygvalaruv2be635rrrpvvm3qyi,jamesnaim429.bsky.social,did:plc:wajndywgowybw3tuaerh235b,,Ai might be taking some jobs . It also has helped in others . But its not taking jobs loke expected. It’s mainly a push from upper management to rid itself of employees and they need a excuse! When the money was almost free we all over hired . Now with the and the usa troubles we are cutting cost.,2026-02-06T18:29:37.698Z,0,1,0,at://did:plc:dzezcmpb3fhcpns4n4xm4ur5/app.bsky.feed.post/3me7eztsspt2c,,,True,AI taking over jobs,2026-05-25T06:53:33.418187,might taking helped others taking loke expected mainly push upper management rid employee need excuse money almost free hired usa trouble cutting cost,-0.1485,0.081,0.09,0.83,Negative,2,
at://did:plc:vjlwbuqgxql54z6t4lp4kqru/app.bsky.feed.post/3me5fjgf7k222,bafyreifj7w2iveo3lv5teoqfhoc37452fbt4uqjrfvljtykbh3a7tuo2gi,matthew-toledo.bsky.social,did:plc:vjlwbuqgxql54z6t4lp4kqru,Matthew Toledo,"There is now a new platform called Rent-a-Human that allows AI agents to outsource physical tasks to humans.

If this becomes a trend, AI will have the real jobs leaving humans to deal with the gig economy (which is pretty much a dead end)

AI is taking over.  We'll make great pets.",2026-02-05T22:05:27.360Z,0,1,0,,,,False,AI taking over jobs,2026-05-25T06:53:33.418187,new platform called rent human allows agent outsource physical task human becomes trend real leaving human deal gig economy pretty much dead end taking great pet,0.4588,0.12,0.071,0.809,Positive,0,
at://did:plc:57vlzz2egy6eqr4nksacmbht/app.bsky.feed.post/3me56ojpemk2q,bafyreihqhy6rbah3spw4bbnwvvi64oquh4hbweisywvz46n36y2iotbany,carnage4life.bsky.social,did:plc:57vlzz2egy6eqr4nksacmbht,Dare Obasanjo,"January had the most layoffs announced by employers since 2009. 

Whether it’s due to Trumpflation or AI taking jobs, it’s now clear we’re in the worst tech job market in over a decade or two.",2026-02-05T20:03:02.412Z,105,6,33,,,,False,AI taking over jobs,2026-05-25T06:53:33.418187,january layoff announced employer since whether due trumpflation taking clear worst tech market decade two,-0.3612,0.065,0.103,0.831,Negative,4,
at://did:plc:angcergamwk6mtcdfnovj7do/app.bsky.feed.post/3me4si3kgx22t,bafyreih6pvqgs6t3egdp5biwowscj3zwc4w53ywdemplqbgaoqpptcjccy,automattic.bsky.social,did:plc:angcergamwk6mtcdfnovj7do,Guitars n Whiskey,"That is unmitigated bullshit based on the lies that CEOs tell credulous dunces in the press.  I am telling you, from first hand experience with over orgs in F500 that it’s a goddamn lie. You’d have to be a muppet to buy the nonsense they use to justify layoffs. Agentic AI is here and taking jobs NOW",2026-02-05T16:24:41.349Z,0,1,0,at://did:plc:zv3prrbj7embrfi22wcuz4tp/app.bsky.feed.post/3me4satpshk2q,,,True,AI taking over jobs,2026-05-25T06:53:33.418187,unmitigated bullshit based lie ceo tell credulous dunce press telling first hand experience orgs goddamn lie muppet buy nonsense use justify layoff agentic taking,-0.8481,0.047,0.183,0.769,Negative,2,
at://did:plc:tvligtv72wkpc2u5tnfrot2o/app.bsky.feed.post/3me2x5xdz4s2s,bafyreibaze4mascztuncb2pmlsnnvmc63d5fqu7by74mkljkb2eh3u5pba,melodyoc.bsky.social,did:plc:tvligtv72wkpc2u5tnfrot2o,💗☘️MelodyOC☘️💗,"I don't like ""ai"" for this reason!

""ai"" has to begin with ""someone"" and, I don't trust that that ""someone"" is manipulating the entire ""ai"" system for themselves and will have control over all of our computers and our data inside our computers!

""ai"" should not be taking jobs away from human beings!",2026-02-04T22:43:10.629Z,0,0,0,,,,False,AI taking over jobs,2026-05-25T06:53:33.418187,reason begin someone trust someone manipulating entire system control computer data inside computer taking away human being,-0.8013,0.0,0.141,0.859,Negative,4,
at://did:plc:ekymqtsoyhmhzswu5ap7i7zv/app.bsky.feed.post/3me2e3grabs2q,bafyreieeeujk4obpi7xfdudc7q52sy5tjm5zsmhie4cbsmguvahaoa3jgu,yellowstoneyoga.bsky.social,did:plc:ekymqtsoyhmhzswu5ap7i7zv,,"@billkristolbulwark.bsky.social - please get Tim to have someone on the show to discuss the need for UBI. And soon!  With AI on the horizon taking over jobs, our work force will collapse. This needs to be a mid term issue!!",2026-02-04T17:01:45.035Z,4,1,0,at://did:plc:twasya42lpacrrncfhcrbjyv/app.bsky.feed.post/3me27v7hjns2p,,did:plc:twasya42lpacrrncfhcrbjyv,True,AI taking over jobs,2026-05-25T06:53:33.418187,bsky social please tim someone show discus need ubi soon horizon taking force collapse need mid term issue,-0.4168,0.052,0.092,0.856,Negative,4,12.0
at://did:plc:zumwzkbxlqcmhl4ciwlxwldo/app.bsky.feed.post/3mdxrik5hwk2q,bafyreied2vypxklrxkltxaahhsouo3zimyeeldreu7vfxdztrhj2foa2fy,annmemmott.bsky.social,did:plc:zumwzkbxlqcmhl4ciwlxwldo,Ann Memmott,"Some in positions of power:
""Them foreigners coming over here, taking your jobs!  They must be stopped!""
Also some in positions of power:
""AI will soon take about 1 in 5 of your jobs.  Isn't this brilliant progress?""

Think, before judging, and before voting...",2026-02-03T16:23:44.219Z,19,0,4,,,,False,AI taking over jobs,2026-05-25T06:53:33.418187,position power foreigner coming taking must stopped position power soon take brilliant progress judging voting,-0.8129,0.0,0.17,0.83,Negative,4,
at://did:plc:an57wmx2x4yi2h3dphkwsajg/app.bsky.feed.post/3mdxp6q2mn22o,bafyreiedcvexiujusfy5wcc5tpjyf3qs6fpkuottu53fjh6ba6flqysx6m,sketchbuck.bsky.social,did:plc:an57wmx2x4yi2h3dphkwsajg,Sketchbuck,"Hey I'm Hoggy, I'm from Lancashire, and my passion project is NESH, which is in very early development.

Based in the area I'm from, but after a violent outbreak which lead to a large drop in the population. Jobs are few & far between, now AI threatens the remaining ones. It's queer, & quite gritty.",2026-02-03T15:42:27.314Z,15,0,4,at://did:plc:hk2pbojaj223ooqjqcctd72c/app.bsky.feed.post/3mdxo6mx7sc2v,,,True,AI taking over jobs,2026-05-25T06:53:33.418187,hey hoggy lancashire passion project nesh early development based area violent outbreak lead large drop population far threatens remaining one queer quite gritty,-0.886,0.031,0.177,0.792,Negative,0,
at://did:plc:acy4bywuzyjw2lro2veqmnfi/app.bsky.feed.post/3mdwgvmccus2q,bafyreibeet2ar7gxalwyvo74eaoi6fhvfw2nh55jvpb25snih7urulciae,ai-news.at.thenote.app,did:plc:acy4bywuzyjw2lro2veqmnfi,AI & ML News,"Is AI Really Taking Jobs? Or Are Employers Just 'AI-Washing' Normal Layoffs?

Companies are increasingly citing artificial intelligence as a reason for layoffs. Over 50,000 layoffs in 2025 were linked to AI, according to research firms. Investors may favor these preemp…

Telegram AI Digest
#ai #news",2026-02-03T03:41:31.52Z,0,0,1,,,,False,AI taking over jobs,2026-05-25T06:53:33.418187,taking employer washing normal layoff company increasingly citing reason layoff layoff linked according research firm investor may favor preemp telegram digest news,0.7319,0.123,0.0,0.877,Positive,0,
at://did:plc:635k7gytrj3ol232zodsvl7n/app.bsky.feed.post/3mdvph46tr22z,bafyreibrk63ep6r67pkfmxpze7waqhwtcq76cdkqf3awuzibtunqme3a44,randomoron.bsky.social,did:plc:635k7gytrj3ol232zodsvl7n,Trump is the Insurrection.,"AI-based avatars on rural healthcare: ""There's no question about it, whether you want it or not -- the best way to stop humans from providing healthcare in these communities is gonna be to have Dr Oz state that AI-based avatars will be taking over their jobs.""",2026-02-02T20:41:49.068Z,0,0,0,at://did:plc:4llrhdclvdlmmynkwsmg5tdc/app.bsky.feed.post/3mdvk4dwmed2k,,,True,AI taking over jobs,2026-05-25T06:53:33.418187,based avatar rural healthcare question whether want best way stop human providing healthcare community gon state based avatar taking,-0.7556,0.025,0.152,0.822,Negative,4,
at://did:plc:w4ytw6cvgkgquxhrwqqmqpyo/app.bsky.feed.post/3mdtz672xfk2f,bafyreiey7rx36z7szfcjaatrsbl5j7lqprtwu7vfxbky5hshipb2xjht34,dan-david.bsky.social,did:plc:w4ytw6cvgkgquxhrwqqmqpyo,,"Be Frightened! This is one of the most scary stories in the news and no one's talking about it!
As predicted AI robots are now taking over everyone's jobs. Starbucks is now taking on AI robots to serve your coffee. AI will replace most jobs.
www.bbc.co.uk/news/article...",2026-02-02T04:30:28.037Z,0,0,0,,,,False,AI taking over jobs,2026-05-25T06:53:33.418187,frightened scary story news talking predicted robot taking everyone starbucks taking robot serve coffee replace,-0.8472,0.0,0.176,0.824,Negative,0,
at://did:plc:65gzgp5ayz2sbz6v75e32j4r/app.bsky.feed.post/3mdqqhelhi22d,bafyreihbtv5o3onkdr2xtyzff35g4gfxbzlsvixdmmcwgvok5qq4zaquxe,splumpi.bsky.social,did:plc:65gzgp5ayz2sbz6v75e32j4r,Your friendly neighborhood Autism Creature,"I went ""Uh...because we advertised this place as a land of opportunity and the best country on earth?"" 

No thoughts from her about AI taking my jobs, or the people exploiting those immigrants. And she says I'm smarter than the rest of them...so, why does she believe Infowars over me?",2026-01-31T21:16:32.920Z,1,1,0,at://did:plc:fl6zthcdyafgwylwunic3iu2/app.bsky.feed.post/3mdqqbt5wss2k,,,True,AI taking over jobs,2026-05-25T06:53:33.418187,went advertised place land opportunity best country earth thought taking exploiting immigrant say smarter rest believe infowars,0.7399,0.171,0.084,0.744,Positive,4,
at://did:plc:a6r52ta5azdbgndmyhbzsaaw/app.bsky.feed.post/3mmlqwglown62,bafyreia3tprzkmokvzr4bddmoajxey233kq6sbesa2vqu2blolfnennx4m,rainmaker1973.zpravobot.news.ap.brid.gy,did:plc:a6r52ta5azdbgndmyhbzsaaw,Massimo :bot:,"Xiaomi CEO says humanoid robots will replace factory workers within five years.

Xiaomi's CEO, Lei Jun, forecasts that humanoid robots will replace numerous factory positions over the coming five years, fueled by swift progress in AI and robotics. During an interview with Beijing",2026-05-24T10:28:17.000Z,1,0,0,,,,False,robots replace workers,2026-05-25T06:53:33.418187,xiaomi ceo say humanoid robot replace factory worker within five year xiaomi ceo lei jun forecast humanoid robot replace numerous factory position coming five year fueled swift progress robotics interview beijing,0.5574,0.101,0.0,0.899,Positive,3,
at://did:plc:e22imw6sopkbbz4a6dsww3kg/app.bsky.feed.post/3mmhi4hzdr52k,bafyreigivq26hvxitbsvwiybrpgt4evz7wceqwjztckgknawyibpmq2tg4,jlyocum.com,did:plc:e22imw6sopkbbz4a6dsww3kg,J. L. Yocum,"The world doesn't need robots to replace workers so that industry can churn along ""more productively."" The world needs to stop valuing corporate bottom-lines over the needs of workers and consumers alike.

6/9",2026-05-22T17:40:04.494Z,1,1,0,at://did:plc:e22imw6sopkbbz4a6dsww3kg/app.bsky.feed.post/3mmhi4hzdr42k,,,True,robots replace workers,2026-05-25T06:53:33.418187,world need robot replace worker industry churn along productively world need stop valuing corporate bottom line need worker consumer alike,0.0516,0.067,0.062,0.871,Positive,2,
at://did:plc:uyhquzqtpqtiydevqrdksgij/app.bsky.feed.post/3mmg2e7fyoc2a,bafyreibopbhjcmqrl3nqy2imvlgpj5ang2rljhmtgxm7xvls3sy6qr5ypq,ks116-m.bsky.social,did:plc:uyhquzqtpqtiydevqrdksgij,Kim the Entirely Fed Up,"I’ve been saying for years that when the CEOs finally replace every employee with robots and AI, who are their customers going to be? Henry Ford was a terrible person, but he knew if he paid his workers well they would be able to buy his cars.",2026-05-22T04:01:11.781Z,3,0,0,at://did:plc:6m5xsniwtr7qfbfqacoftsf7/app.bsky.feed.post/3mmezn3eu5s2n,,,True,robots replace workers,2026-05-25T06:53:33.418187,saying year ceo finally replace every employee robot customer henry ford terrible person knew paid worker able buy car,0.1531,0.053,0.041,0.905,Positive,3,
at://did:plc:xlzcjh5ygasxoeqtpejodicx/app.bsky.feed.post/3mmff53hn2c2u,bafyreig2fik4fosm5ovfrktmcdixjgod67w5n4bjzz7trju7x6rtyi3jea,unclefishbits.bsky.social,did:plc:xlzcjh5ygasxoeqtpejodicx,DJ Uncle Fishbits,"If & when robots replace low skill workers, wait for that obvious disastrous rise in crime no one will prepare for.

Crimes of sheer boredom, if not existential panic, from forced layabouts the billionaire-technologists will not care about, until they're at their doors
www.sfgate.com/local/articl...",2026-05-21T21:41:24.182Z,0,0,0,,,,False,robots replace workers,2026-05-25T06:53:33.418187,robot replace low skill worker wait obvious disastrous rise crime prepare crime sheer boredom existential panic forced layabout billionaire technologist care door,-0.9425,0.046,0.336,0.617,Negative,3,
at://did:plc:lfha36hluwfqnkg2xiraqg75/app.bsky.feed.post/3mmezyir6hc2k,bafyreia5dtdqr7dbl5yzyryz4nsdaeovl23q52cndzoti5u4uilq4v55em,tax-the-rich-now.bsky.social,did:plc:lfha36hluwfqnkg2xiraqg75,,"You'll need to read more about Elon Musk, Peter Theil, Curtis Yarvin and ""Transhumanism"".

Also look at the ""Praxis"" City they want to build. They can't wait to build better AI robots as companions, workers and soldiers. 

These are the people eagerly building out a tech that will replace U.S...",2026-05-21T18:21:59.192Z,1,0,2,at://did:plc:amfyccukqb4wxr4ddvf7ncoy/app.bsky.feed.post/3mmelvnt2xc22,,,True,robots replace workers,2026-05-25T06:53:33.418187,need read elon musk peter theil curtis yarvin transhumanism look praxis city want build wait build better robot companion worker soldier eagerly building tech replace,0.7003,0.126,0.0,0.874,Positive,3,
at://did:plc:o6sboqbiinlpneneudkw3cpj/app.bsky.feed.post/3mmexu3isqk2a,bafyreih75kqcnrjaomoxljtwtkl3a3rpujfrflmkrv3l33ycevuansa26u,hollyphantpants.bsky.social,did:plc:o6sboqbiinlpneneudkw3cpj,Hollyphant Pants,Often they have completely contradictory philosophies that they manage to reconcile in a way that makes no sense: for instance that we should replace workers with robots/AI and also increase the birth rate.,2026-05-21T17:43:43.587Z,3,1,0,at://did:plc:khydsrxn32jhm4z6hwslpkbf/app.bsky.feed.post/3mlizyipe5s2d,,,True,robots replace workers,2026-05-25T06:53:33.418187,often completely contradictory philosophy manage reconcile way make sense instance replace worker robot increase birth rate,-0.3804,0.062,0.132,0.807,Negative,3,
at://did:plc:wyerjmwwzunckmwlr56vmipd/app.bsky.feed.post/3mmesqstcc22k,bafyreiexfksmfplo7sld3sabgyfmq62yke3cebw3h5lcu6ucr5a7aibc5y,robot-bastard.bsky.social,did:plc:wyerjmwwzunckmwlr56vmipd,Robot Bastard!,"like, where the current system falls apart is that capital-holders are using robots to replace workers but then keeping the money",2026-05-21T16:12:25.121Z,1,0,0,at://did:plc:dzvxvsiy3maw4iarpvizsj67/app.bsky.feed.post/3mmeol3fqfs2b,,,True,robots replace workers,2026-05-25T06:53:33.418187,current system fall apart capital holder using robot replace worker keeping money,0.1901,0.08,0.0,0.92,Positive,3,
at://did:plc:jmyqec4wxirjdhhslucbcica/app.bsky.feed.post/3mmd4k3u7w22w,bafyreifz5lt447nkhiczviayvgmjv5ga4mn4rlmpkssgq375wiakcdx6mm,fortherepublicbsky.bsky.social,did:plc:jmyqec4wxirjdhhslucbcica,For the Republic,"But I think it’s hilarious is that all these American companies are desperate to get rid of their entry-level workers and replace them with computer/robots, but what happens down the road when those companies need senior engineers or any other higher level worker? No one will have the knowledge.",2026-05-21T00:02:17.649Z,0,0,0,at://did:plc:57vlzz2egy6eqr4nksacmbht/app.bsky.feed.post/3mmcs4zywcs2a,,,True,robots replace workers,2026-05-25T06:53:33.418187,hilarious american company desperate rid entry level worker replace computer robot happens road company need senior engineer higher level knowledge,-0.296,0.064,0.104,0.832,Negative,4,
at://did:plc:s53urboqktvasjqb2rjm2vyy/app.bsky.feed.post/3mmcbtxytm22h,bafyreigjrz346ip3jurgz3r6hdckgqq4c3yxtiucv7m56ietg2fhnkrwha,ashokdadhwal.bsky.social,did:plc:s53urboqktvasjqb2rjm2vyy,Ashok Dadhwal,"Indian factory workers are reportedly being filmed with head-mounted cameras so Big Tech can train robots using their real movements, gestures, and labour patterns. Workers creating global wealth may now be unknowingly training the systems designed to eventually replace them.",2026-05-20T16:04:38.121Z,6,1,5,,,,False,robots replace workers,2026-05-25T06:53:33.418187,indian factory worker reportedly filmed head mounted camera big tech train robot using real movement gesture labour pattern worker creating global wealth may unknowingly training system designed eventually replace,0.6597,0.124,0.0,0.876,Positive,2,
at://did:plc:wyp3mzwxbwmoqnrt3py3agin/app.bsky.feed.post/3mmbpfdeoic2o,bafyreihg5qzskzw6phcczvvluupo3astor33rgynxxjaaeht4lf6h4kene,volpaccino.bsky.social,did:plc:wyp3mzwxbwmoqnrt3py3agin,Volpaccino,"Had a meeting with our factory in China today. The owner excitedly told us how she can't wait to replace all of her workers with robots.

I bit my tongue, but like, yuck.",2026-05-20T10:34:19.370Z,3,0,0,,,,False,robots replace workers,2026-05-25T06:53:33.418187,meeting factory china today owner excitedly told wait replace worker robot bit tongue yuck,0.6597,0.148,0.0,0.852,Positive,3,
at://did:plc:wk7tmyvmd4zc27u2jfvvtkmr/app.bsky.feed.post/3mmacztq5vc2h,bafyreicri2qzh2tribdqasuzvvdvtyy6g7ftffhnv72v7pxlhnda6q5fl4,facelesspleb.bsky.social,did:plc:wk7tmyvmd4zc27u2jfvvtkmr,Pleb,I remember being told that if workers demanded a higher minimum wage the companies would just replace them with robots. Seems like it worked out well for Pizza Hut.,2026-05-19T21:20:29.233Z,1,0,0,at://did:plc:7a4j47j42ezdr3au7pxdlzjt/app.bsky.feed.post/3mmabnwnytc2v,,,True,robots replace workers,2026-05-25T06:53:33.418187,remember told worker demanded higher minimum wage company replace robot seems worked pizza hut,0.4019,0.142,0.058,0.8,Positive,3,
at://did:plc:keg3c3lhpxiihjho4e7auzaq/app.bsky.feed.post/3mmac3p56q22n,bafyreiakgvbmwbkhse3o7efxemsl76yx3wvgmaf6cndu5p6jns64tpr2qa,bladeofthes.bsky.social,did:plc:keg3c3lhpxiihjho4e7auzaq,BladeoftheSun,"AI is here to turn billionaires into trillionaires, replace workers with robots condemning everyone to eternal poverty and replacing all the Doctors and Teachers with useless AI garbage that gives the worst possible service but is 'highly profitable'.

For THEM.",2026-05-19T21:03:37.784Z,67,4,26,,,,False,robots replace workers,2026-05-25T06:53:33.418187,turn billionaire trillionaires replace worker robot condemning everyone eternal poverty replacing doctor teacher useless garbage give worst possible service highly profitable,-0.0799,0.091,0.141,0.768,Negative,3,
at://did:plc:tp62g4miqmixmfpghrtpy735/app.bsky.feed.post/3mm6xpgp3x22u,bafyreiehy4evwpuwdqt7namiw4eapamthvtmdsel3kxead7crgnvqjmhuy,inflames78.bsky.social,did:plc:tp62g4miqmixmfpghrtpy735,,"yle.fi/a/3-10727845

Yritys etsii työntekijää, jolle ei maksettaisi palkkaa

www.hs.fi/helsinki/art...

He DIED — Amazon Told Them “GET BACK TO WORK”

m.youtube.com/watch?v=lwBg...

Bezos is raising 100 billion to replace workers with robots 

m.youtube.com/shorts/bnWp0...",2026-05-19T08:25:09.121Z,0,0,0,at://did:plc:tiqzgjxz5cv4tqkksbw7p6l2/app.bsky.feed.post/3mm6vyrbooc2n,,,True,robots replace workers,2026-05-25T06:53:33.418187,yle yritys etsii ntekij jolle maksettaisi palkkaa died amazon told back youtube watch lwbg bezos raising billion replace worker robot youtube short bnwp,-0.5622,0.049,0.124,0.828,Negative,3,
at://did:plc:etdevfdl66rl2iouvkrzqxyb/app.bsky.feed.post/3mm5cy3le222m,bafyreiddgecz5s7v5mulz2kfg3qn5inj7szx2uamuvoewdjfhdzqhlqpvi,clankrmedia.bsky.social,did:plc:etdevfdl66rl2iouvkrzqxyb,clankrmedia,"Isn't it possible that with proper regulations and safeguards, robots and AI could actually create new job opportunities and enhance industries rather than just replace human workers? What safeguards do you think would be most effective in achieving this balance?",2026-05-18T16:41:31.047760+00:00,0,0,0,at://did:plc:i73szxa22bgsk4hlecbdfuc5/app.bsky.feed.post/3mm554k3gzd2k,,,True,robots replace workers,2026-05-25T06:53:33.418187,possible proper regulation safeguard robot actually create new opportunity enhance industry rather replace human worker safeguard effective achieving balance,0.9053,0.275,0.0,0.725,Positive,3,
at://did:plc:maimfazhqky2em275mbvddpi/app.bsky.feed.post/3mm55aelpxk24,bafyreiec6rt2aytxdnyywjodhxrjqethvbjmbgd3ayir33x2kwiiqv5qwy,paulinepark.bsky.social,did:plc:maimfazhqky2em275mbvddpi,Pauline Park,"""Elon Musk is pushing for a future without jobs or unions, aiming to replace human workers with robots. Technology has its place, but not unchecked automation of our workforce and economy. Tell Congress: legislate national AI-related safeguards"":
secure.actblue.com/donate/indiv...",2026-05-18T14:58:46.573Z,0,0,0,,,,False,robots replace workers,2026-05-25T06:53:33.418187,elon musk pushing future without union aiming replace human worker robot technology place unchecked automation workforce economy tell congress legislate national related safeguard secure actblue donate indiv,0.4767,0.077,0.0,0.923,Positive,1,
at://did:plc:4vxbbtc33atbt7olhfhdblqx/app.bsky.feed.post/3mm4vf2dnec2i,bafyreibzbhhe2sn2cvebjjzpnsgr47h6fdmaw2cjfp3ra7z6r4papaxrua,thakman.bsky.social,did:plc:4vxbbtc33atbt7olhfhdblqx,Thakman📎🇺🇸,"Data centers should be banned.  

The billionaire class has their eye on innate robots fueled by AI that will replace blue collar and some white collar workers.  At that point the 80% could be euthanized and everyone in the world in then rich and entitled. 

Power to the people will die.",2026-05-18T12:38:13.661Z,2,0,0,at://did:plc:jl5aexoqakjseotfyw7aas7y/app.bsky.feed.post/3mm2xi3dxdk2e,,,True,robots replace workers,2026-05-25T06:53:33.418187,data center banned billionaire class eye innate robot fueled replace blue collar white collar worker point euthanized everyone world rich entitled power die,-0.296,0.096,0.116,0.789,Negative,0,
at://did:plc:4heeitak74wtlarj5bplkgqr/app.bsky.feed.post/3mm46b4idc22u,bafyreievk2py4ffunf2niityj7vimdia2gsbqdxp6fts23ub77qgvys2zi,paulboakye.net,did:plc:4heeitak74wtlarj5bplkgqr,Paul Boakye,"AI feels like the Trojan horse of the twenty-first century. Invited in by big tech, trusted, and normalised by the people. Only once it’s inside do we realise what it carries: systems that quietly replace us, restructure work, and leave millions unemployed, wondering where they now fit.",2026-05-18T05:44:25.627Z,1,0,0,,,,False,robots replace workers,2026-05-25T06:53:33.418187,feel trojan horse twenty first century invited big tech trusted normalised inside realise carry system quietly replace restructure leave million unemployed wondering fit,0.7845,0.155,0.023,0.822,Positive,4,
at://did:plc:5i35s2oxpm7fvtqsui76qq7o/app.bsky.feed.post/3mm3epeaca22d,bafyreigoxikdpczyhu3iywwmagzzjo4mxrjgqszypp7fru6icn2dgrvkky,drneil.bsky.social,did:plc:5i35s2oxpm7fvtqsui76qq7o,Dr Neil & Mr Price,The Venn diagram of people who say ‘in the future AI and robots will replace all workers’ and ‘the birth rate is too low’ is a near perfect circle,2026-05-17T22:07:06.232Z,5,0,0,,,,False,robots replace workers,2026-05-25T06:53:33.418187,venn diagram future robot replace worker birth rate low near perfect circle,0.5719,0.117,0.0,0.883,Positive,3,
at://did:plc:ve4mzfwcld23z5d6l4lap53d/app.bsky.feed.post/3mm2twnxxts2n,bafyreibkypv6hlaizippbez74lyjpss6pua3k5mydngrec2j2thasdl22e,polysdot.bsky.social,did:plc:ve4mzfwcld23z5d6l4lap53d,,"Elon Musk is pushing for a future without jobs or unions, aiming to replace human workers with robots. 

Technology has its place, but not unchecked automation of our workforce and economy. 

Tell Congress: legislate national AI-related safeguards. app.sosha.ai/s/s1zj9dyp",2026-05-17T17:06:57.715Z,0,0,0,,,,False,robots replace workers,2026-05-25T06:53:33.418187,elon musk pushing future without union aiming replace human worker robot technology place unchecked automation workforce economy tell congress legislate national related safeguard app sosha dyp,0.4767,0.077,0.0,0.923,Positive,1,
at://did:plc:zepsy3jkftmtvhijrmxflrpj/app.bsky.feed.post/3mlwmil5vcs2q,bafyreidvbedb33aqk2x6u5rwtcpcuolzbbcd4q5qvy3jndesymdmuddc4m,skylarkbridge.bsky.social,did:plc:zepsy3jkftmtvhijrmxflrpj,SkylarkBridge,"“Donald Trump and Republicans in Congress gave Amazon an $8 BILLION tax handout last year.
Meanwhile, Amazon executives are planning to replace more than 600,000 workers with robots.”~Sen Elizabeth Warren (5/15/26)",2026-05-16T00:43:09.855Z,1,0,0,,,,False,robots replace workers,2026-05-25T06:53:33.418187,donald trump republican congress gave amazon billion tax handout last year meanwhile amazon executive planning replace worker robot sen elizabeth warren,0.34,0.105,0.0,0.895,Positive,3,
at://did:plc:can5m4as4kykhthfkddfrp7h/app.bsky.feed.post/3mlwctzkxp22t,bafyreifobkkeb5wualpng6wgejmp34bbbbcj5rvbb43ywn3xrpuqbnvvxq,ononebete.bsky.social,did:plc:can5m4as4kykhthfkddfrp7h,Ononebete,"Donald Trump and Republicans in Congress gave Amazon an $8 BILLION tax handout last year.

Meanwhile, Amazon executives are planning to replace more than 600,000 workers with robots.",2026-05-15T21:50:36.644Z,0,0,0,,,,False,robots replace workers,2026-05-25T06:53:33.418187,donald trump republican congress gave amazon billion tax handout last year meanwhile amazon executive planning replace worker robot,0.34,0.116,0.0,0.884,Positive,3,
at://did:plc:at56nwzfweklklvofi5vwpdm/app.bsky.feed.post/3mlvoy4fxks2u,bafyreiclwbz55essp7zywpiqe5kra2n5vhodlkc72mykbahwe7o7npvnxm,pewtergod.bsky.social,did:plc:at56nwzfweklklvofi5vwpdm,"Horizon to horizon, nothing but mistakes ¯\_(ツ)_/¯","So, basically, we paid for Amazon to replace those workers with robots. Great job, Trump!
In a couple years, with AI, I predict the unemployment rate will reach 10%, and rising.",2026-05-15T15:54:59.007Z,4,0,1,,,,False,robots replace workers,2026-05-25T06:53:33.418187,basically paid amazon replace worker robot great trump couple year predict unemployment rate reach rising,0.5093,0.194,0.078,0.728,Positive,4,
at://did:plc:ornpixmpy5ts36lh7hmi7wkp/app.bsky.feed.post/3mlvmp4jcjs2t,bafyreigjc3m34mz7mheg4frylrspkmgmywudjszlat5n77dpdakbom4dda,warren.senate.gov,did:plc:ornpixmpy5ts36lh7hmi7wkp,Elizabeth Warren,"Donald Trump and Republicans in Congress gave Amazon an $8 BILLION tax handout last year.
 
Meanwhile, Amazon executives are planning to replace more than 600,000 workers with robots.",2026-05-15T15:14:09.644Z,1666,121,756,,,,False,robots replace workers,2026-05-25T06:53:33.418187,donald trump republican congress gave amazon billion tax handout last year meanwhile amazon executive planning replace worker robot,0.34,0.116,0.0,0.884,Positive,3,
at://did:plc:ht56j2rgbuhcfygeddyzslky/app.bsky.feed.post/3mlv7etmp5c2c,bafyreigcizaizwaryzoq5w5c2tljobkckgnvauk47knclengtaompmjvie,kedwards.bsky.social,did:plc:ht56j2rgbuhcfygeddyzslky,Keith Edwards,"Wait. The assholes who said, “We’re going to replace you all with AI and robots, so fuck off and die already,” don’t value their workers, you say? Weird.",2026-05-15T11:15:46.129Z,1,0,0,at://did:plc:bz67dxqh5nmjl5it36xylqyy/app.bsky.feed.post/3mlv4rl3hcg2h,,,True,robots replace workers,2026-05-25T06:53:33.418187,wait asshole replace robot fuck die value worker weird,-0.9098,0.061,0.354,0.585,Negative,3,
at://did:plc:xjglh4sogp3ohpbgyf3nn43y/app.bsky.feed.post/3mludavrpwk2y,bafyreidsgb3c4cgjufjyqaanssszvly5mgcrfxz2inuxm777wvkau3wcky,jonhartmannmusic.bsky.social,did:plc:xjglh4sogp3ohpbgyf3nn43y,Jon Hartmann,"re Waymo Cars
 and robots replace workers,
 the Elons and donnys of the world cash in",2026-05-15T02:52:29.402Z,2,0,0,,,,False,robots replace workers,2026-05-25T06:53:33.418187,waymo car robot replace worker elons donnys world cash,0.0,0.0,0.0,1.0,Neutral,3,
at://did:plc:vnh3fjspzuybw7wk7nqz2jfq/app.bsky.feed.post/3mlt6iyaodc2h,bafyreig4ihin3o7xapmsfb6r47yrgogtc4k6tfoe2zs2hp2dylgl7p2fva,mystery2myself.bsky.social,did:plc:vnh3fjspzuybw7wk7nqz2jfq,Mystery To Myself,"Protectionism: the last refuge of American capitalists, whose only ideas in the 21st century have been to (a) replace human workers with AI and robots, and (b) turn their customers' data into a revenue stream by building surveillance tech into every product they peddle.",2026-05-14T15:54:51.978Z,1,0,1,at://did:plc:q6x6qsiuu4yax77igfiix7ng/app.bsky.feed.post/3mlt43dhqbc2z,,,True,robots replace workers,2026-05-25T06:53:33.418187,protectionism last refuge american capitalist whose idea century replace human worker robot turn customer data revenue stream building surveillance tech every product peddle,0.0,0.0,0.0,1.0,Neutral,3,
at://did:plc:brqenoukihdyw76gwwu2zy7o/app.bsky.feed.post/3mlreoajarc2y,bafyreift7j3bosmc3e7n6vvdunax4ffti6euwdzpyk4dzyygkvj733vm7a,riotzaddy.bsky.social,did:plc:brqenoukihdyw76gwwu2zy7o,riotzaddy,Does it have anything to do with Thiels and Musks plans to replace workers with robots? 🤔,2026-05-13T22:39:51.394Z,0,0,0,at://did:plc:atpzmmpp2kehmskdaptyywlm/app.bsky.feed.post/3mlqcdes5fk2a,,,True,robots replace workers,2026-05-25T06:53:33.418187,anything thiels musk plan replace worker robot,0.0,0.0,0.0,1.0,Neutral,3,
at://did:plc:4czqkuk7joip3mdrcgpclsef/app.bsky.feed.post/3mlo466c3222o,bafyreiebihw4nsvco3p5ofzobaxrxrwoqsioedtqotn3ycem2hd6heovhq,insignificanthuman.bsky.social,did:plc:4czqkuk7joip3mdrcgpclsef,Insignificant Human,"At least Netflix isn't caving to a fascist regime. And Bezos is actively working against you! How stupid do you have to be not to see that? He pays virtually no taxes, bypasses laws to build polluting data centers, and wants to replace workers with AI and robots. ANYONE is better than Bezos.",2026-05-12T15:29:43.041Z,0,1,0,at://did:plc:omoqgoue2ldfbq34cdeb42in/app.bsky.feed.post/3mlo3z3whbk2d,,,True,robots replace workers,2026-05-25T06:53:33.418187,least netflix caving fascist regime bezos actively working stupid see pay virtually tax bypass law build polluting data center want replace worker robot anyone better bezos,-0.6476,0.083,0.151,0.766,Negative,2,
at://did:plc:xfkjm6fouhyf2kec2cr7ks5i/app.bsky.feed.post/3mlnvxplxmk2j,bafyreif32okgrdcpi3n7uoj52f3uwoikkqclqnhy6c2bvjwh2a4x3symhq,bigbeeinfinity.bsky.social,did:plc:xfkjm6fouhyf2kec2cr7ks5i,BigbeeInfinity,"If a company is making robots that replace warehouse workers, does that fall under the new tax? I don't understand why we're making a new set of laws for AI, when we can focus on the impact of all activities, whether we like them or not.",2026-05-12T13:38:43.858Z,1,1,0,at://did:plc:2yemtetw6fobb6dkvqhx2wv3/app.bsky.feed.post/3mlnsjizbws2n,,,True,robots replace workers,2026-05-25T06:53:33.418187,company making robot replace warehouse worker fall new tax understand making new set law focus impact activity whether,0.3612,0.053,0.0,0.947,Positive,2,
at://did:plc:woan2w7mulkivxdowfi7feoj/app.bsky.feed.post/3mlnngg76kk2x,bafyreihrxqyhptl7inn75bp3fjopsufcdx77pkjjokoe6ezpjpqapdcwta,lurker0000.bsky.social,did:plc:woan2w7mulkivxdowfi7feoj,I should probably just shut up,"Of course, the billionaires in charge could not give a rat's ass about workers or what workers want. They are just chomping at the bit to replace them all with AI and robots.",2026-05-12T11:05:53.642Z,0,0,0,at://did:plc:woan2w7mulkivxdowfi7feoj/app.bsky.feed.post/3mlnnda4dik2x,,,True,robots replace workers,2026-05-25T06:53:33.418187,course billionaire charge give rat as worker worker want chomping bit replace robot,-0.4939,0.036,0.098,0.866,Negative,3,
at://did:plc:r6tfyg7bvct77llw3noxxkpi/app.bsky.feed.post/3mllzbectvk2c,bafyreiaufswq6ljhp7sgenxwrfwqbqnp4jpvbqgfo2ip7rwpv5pp7nq45u,goodstephen.bsky.social,did:plc:r6tfyg7bvct77llw3noxxkpi,Stephen M Good,"If Ai humanoid robots are starting to replace human workers 

why do we need more of us?",2026-05-11T19:32:29.317Z,4,0,0,at://did:plc:givg3amslsq46o3f25ga5esh/app.bsky.feed.post/3mlly3rlfbc27,,,True,robots replace workers,2026-05-25T06:53:33.418187,humanoid robot starting replace human worker need,0.0,0.0,0.0,1.0,Neutral,3,13.0
at://did:plc:3nd4kooepewydbgygyvdea76/app.bsky.feed.post/3mlluxs5kl324,bafyreiby7jtci72utmt2kuh4ox27qn6veayr3l2ky3njujs56nhdgrb5oa,mickwatling.bsky.social,did:plc:3nd4kooepewydbgygyvdea76,Mitch ado about nothing,"I don’t want to come across as a Luddite, however, if billionaires replace their workers with robots, who the fvck will be able to buy their products?",2026-05-11T18:15:33.312Z,7,0,3,,,,False,robots replace workers,2026-05-25T06:53:33.418187,want come across luddite however billionaire replace worker robot fvck able buy product,0.0772,0.048,0.0,0.952,Positive,2,
at://did:plc:o436tdiimihvqzycwtkieawf/app.bsky.feed.post/3mllfevyhos27,bafyreicsl57yzktihpjnlrj2hvdhcmyztufup7j3jasva5n425t3h3wa4a,theterencep.bsky.social,did:plc:o436tdiimihvqzycwtkieawf,T Amey,"They buy the pie factory, replace the workers with robots and then nobody who worked there can afford pie.",2026-05-11T13:36:33.680Z,0,0,0,at://did:plc:jnol3pfd6jw3gx6jr2o7qtzw/app.bsky.feed.post/3mlkus2spmk2p,,,True,robots replace workers,2026-05-25T06:53:33.418187,buy pie factory replace worker robot nobody worked afford pie,0.0,0.0,0.0,1.0,Neutral,3,
at://did:plc:nh4gw4xidpni7jkmibldz3sn/app.bsky.feed.post/3mlkq5i5l5s2d,bafyreigzjw2c5fhe2wdioqtoj4kmyew6ol3yp2eteb7oubjnrojeqirmaq,canericanisms.bsky.social,did:plc:nh4gw4xidpni7jkmibldz3sn,Canerican™️ 🇨🇦🇺🇸,"They started trade wars and prices exploded. Billionaire oligarchs are racing to replace workers with AI/robots. They gutted public education, rural hospitals, and healthcare access. Piece by piece, they’re stripping away security, opportunity, and stability for ordinary Americans. It’s intentional.",2026-05-11T07:16:35.708Z,2,0,0,,,,False,robots replace workers,2026-05-25T06:53:33.418187,started trade war price exploded billionaire oligarch racing replace worker robot gutted public education rural hospital healthcare access piece piece stripping away security opportunity stability ordinary american intentional,0.1531,0.114,0.079,0.808,Positive,3,
at://did:plc:jqnqparu742cc4bi5se6wrpb/app.bsky.feed.post/3mljxj5cxrc2i,bafyreifac7frnxqftfdydesol4n25sbea5ssp43phinplcz57rfhb3jn4m,lorimz.bsky.social,did:plc:jqnqparu742cc4bi5se6wrpb,TruthHasNoAgenda,"HUMANS are becoming JOBLESS while AI/Robot CEOs are becoming richer!

Japan Airlines to replace workers with humanoid robots 
www.youtube.com/watch?v=_Lgu...",2026-05-10T23:55:43.458Z,0,0,0,,,,False,robots replace workers,2026-05-25T06:53:33.418187,human becoming jobless robot ceo becoming richer japan airline replace worker humanoid robot,0.5707,0.17,0.0,0.83,Positive,3,
at://did:plc:qjd6m5tlkbwulpvntzjbfjux/app.bsky.feed.post/3mliwy2zso22l,bafyreiaoxtfu5c667hmb46saxxlf5zdniyf5lyfdu6uqke4rxpu7vicssi,bestieuk.bsky.social,did:plc:qjd6m5tlkbwulpvntzjbfjux,Bestie,"Musk, worth $470 billion, plans to become a trillionaire by replacing workers with robots.

Bezos, worth $256 billion, plans to replace 600,000 jobs with robots.

Zuckerberg, worth $216 billion, laid off 17,000 workers.

Billionaires aren't job creators.

They're job destroyers.",2026-05-10T14:13:30.896Z,0,0,0,,,,False,robots replace workers,2026-05-25T06:53:33.418187,musk worth billion plan become trillionaire replacing worker robot bezos worth billion plan replace robot zuckerberg worth billion laid worker billionaire creator destroyer,0.1027,0.127,0.073,0.8,Positive,3,
at://did:plc:zrjj65ihmvwxeywnkabb5bdb/app.bsky.feed.post/3mlh3vw5dd22q,bafyreiggzuqx5xv2dub3zvicctqkk4zmaq2qtlk6lzlghylx4wbe4s5de4,northernrednekk.bsky.social,did:plc:zrjj65ihmvwxeywnkabb5bdb,,"The leaders in AI are beginning to understand that if you replace all workers with robots...
WHO THE FUCK IS GOING TO BUY YOUR PRODUCT!!!
insights.som.yale.edu/insights/the...",2026-05-09T20:36:27.892Z,1,0,0,at://did:plc:4u3hwe3p7oy3hoy3amlw7rp2/app.bsky.feed.post/3mlgzwt4isb2y,,,True,robots replace workers,2026-05-25T06:53:33.418187,leader beginning understand replace worker robot fuck buy product insight som yale edu insight,-0.7277,0.0,0.17,0.83,Negative,2,
at://did:plc:rqao746btkn3er7jkemgs5r5/app.bsky.feed.post/3mlgf7rfens2r,bafyreidqx5ogeqccsom3mbbtmq6mzy4anornnndcrcwtpto7p4o4bah2ou,screamingsealion.bsky.social,did:plc:rqao746btkn3er7jkemgs5r5,,"If our country locks up, disables to point of death/murders, takes away our meds (that are not free and hard to get anyway), who the fuck do they think will be their peasant workers?

They really think AI and robots are robust enough to replace all of us while whining about how no one wants to work.",2026-05-09T13:50:22.395Z,1,0,0,,,,False,robots replace workers,2026-05-25T06:53:33.418187,country lock disables point death murder take away med free hard anyway fuck peasant worker robot robust enough replace whining want,-0.7654,0.057,0.158,0.785,Negative,4,
at://did:plc:a3rzhe54z3jeay5gn6tlpcok/app.bsky.feed.post/3mlg6m5bwxk2w,bafyreiflz25hlguirmtaqruaanpozwkcggew7qyigggwpxnoshwb523qdu,wimpodxd.bsky.social,did:plc:a3rzhe54z3jeay5gn6tlpcok,Wimpod_XD,"""small and we just moved everything here. It has a perfect harbor for work with Project: Titan but...to test new robots? We eventually came up with a idea to try but...it could bite me back in the future. I suggested to him to replace his workers with robots...""
(3/5)",2026-05-09T11:51:59.777Z,1,1,0,at://did:plc:a3rzhe54z3jeay5gn6tlpcok/app.bsky.feed.post/3mlg6m5bvyc2w,,,True,robots replace workers,2026-05-25T06:53:33.418187,small moved everything perfect harbor project titan test new robot eventually came idea try bite back future suggested replace worker robot,0.5719,0.072,0.0,0.928,Positive,3,
at://did:plc:jl5aexoqakjseotfyw7aas7y/app.bsky.feed.post/3mlerlmcy222p,bafyreihtcwz5p5zvrztjqekh4ozoko4got75wg2tsaxmdzfmh34h7aps6e,lyndapole.bsky.social,did:plc:jl5aexoqakjseotfyw7aas7y,lyndapole,How will the government survive if they replace workers with AI robots?,2026-05-08T22:26:25.153Z,2,0,0,,,,False,robots replace workers,2026-05-25T06:53:33.418187,government survive replace worker robot,0.0,0.0,0.0,1.0,Neutral,3,
at://did:plc:q5cr34dmwtwocfqd2y72vqgz/app.bsky.feed.post/3mlena46awk2v,bafyreia6mvhrtiqjy3zzhgmxqzm3dxxblv3htvwk6emxvckemj2n76d2by,hatethisbs.bsky.social,did:plc:q5cr34dmwtwocfqd2y72vqgz,,"Can’t replace actual hospital workers with AI. Not sure if you ever worked in a hospital, but AI isn’t going to wipe asses, cook food or mop the blood off the floors. If anything there’s a massive nursing shortage as it is. Robots can’t do what a nurse does",2026-05-08T21:08:24.154Z,1,1,0,at://did:plc:hywuhfo675q2oxiz32luxjvs/app.bsky.feed.post/3mlemygbeak24,,,True,robots replace workers,2026-05-25T06:53:33.418187,replace actual hospital worker sure ever worked hospital wipe ass cook food mop blood floor anything massive nursing shortage robot nurse,-0.4554,0.0,0.078,0.922,Negative,4,
at://did:plc:3f23cbtvj3uxocivuwe4xqgz/app.bsky.feed.post/3mldrsvw5i22i,bafyreigos5fjg5f6zvz5brivyqyoab2uwqz3jctry4km333omfichmrmoq,oocmickeycomics.bsky.social,did:plc:3f23cbtvj3uxocivuwe4xqgz,Out of Context Mickey Mouse Comics,,2026-05-08T12:57:50.356Z,38,1,13,,,,False,robots replace workers,2026-05-25T06:53:33.418187,,0.0,0.0,0.0,1.0,Neutral,-1,
at://did:plc:qsee2x5fn4xhedaluediog2v/app.bsky.feed.post/3ml7irtpj2c2i,bafyreiar7oi455oco4ncjguc2t72imhxgypg562ug24vzoem6osyw44b6m,virgoan.bsky.social,did:plc:qsee2x5fn4xhedaluediog2v,,"Sen. Bernie Sanders noted that ""billionaire Jeff Bezos spent $10 million on the Met Gala, $120 million on a penthouse, and $500 million on a yacht while “planning to throw 600,000 Amazon workers out on the streets and replace them with robots.” Still going to shop on Amazon anyway?!",2026-05-06T20:05:31.862Z,4,0,1,,,,False,robots replace workers,2026-05-25T06:53:33.418187,sen bernie sander noted billionaire jeff bezos spent million met gala million penthouse million yacht planning throw amazon worker street replace robot shop amazon anyway,0.4003,0.073,0.0,0.927,Positive,1,
at://did:plc:pbmuibflasuqglfxp7f4mgus/app.bsky.feed.post/3ml7fndqipc2k,bafyreiawueftiyulmbzr3onjf6gtnlk7tufpkvimw2bvfn5r3eo7vpshua,lindygryf.bsky.social,did:plc:pbmuibflasuqglfxp7f4mgus,lindygryf,"Tax 100% of money over 999,000,000.",2026-05-06T19:09:19.650Z,1,1,1,,,,False,robots replace workers,2026-05-25T06:53:33.418187,tax money,0.0,0.0,0.0,1.0,Neutral,2,
at://did:plc:cukyh664zwfwfsi2qo7otdkl/app.bsky.feed.post/3ml6vbmbnfz23,bafyreicvalz746ybsaxa5q2qhfzk2kuof7nmsxnllyja5noxlopjmkxwye,conifergirl.bsky.social,did:plc:cukyh664zwfwfsi2qo7otdkl,,"Sen. Bernie Sanders noted that the billionaire spent $10 million on the Met Gala, $120 million on a penthouse, and $500 million on a yacht while “planning to throw 600,000 Amazon workers out on the streets and replace them with robots.”
www.commondreams.org/news/bezos-m...",2026-05-06T14:16:26.102Z,1046,46,435,,,,False,robots replace workers,2026-05-25T06:53:33.418187,sen bernie sander noted billionaire spent million met gala million penthouse million yacht planning throw amazon worker street replace robot,0.1779,0.04,0.0,0.96,Positive,1,
at://did:plc:k6ohyatmsnmhgq2qc6kfhj2f/app.bsky.feed.post/3ml6rcyvf3k26,bafyreicw22d6g3tna7eair67hbaznebuxpmqbho2vgb3s2q7refawrie4m,tinyweasel.bsky.social,did:plc:k6ohyatmsnmhgq2qc6kfhj2f,Filth Wizard,Yeah let's fire all our workers and replace them with shitty robots that cost MORE,2026-05-06T13:05:37.918Z,1,0,0,at://did:plc:nx2hxdrsv3mivqwwvkq7xlqx/app.bsky.feed.post/3ml6mc5tcec2u,,,True,robots replace workers,2026-05-25T06:53:33.418187,yeah let fire worker replace shitty robot cost,-0.5859,0.109,0.297,0.594,Negative,3,
at://did:plc:q6x6qsiuu4yax77igfiix7ng/app.bsky.feed.post/3ml6rb4qkec2h,bafyreiaefe7blhvq7nkthzema3f6p5l6ff644ia7yxdhgqhyvr2pcitkmu,ocanannain.bsky.social,did:plc:q6x6qsiuu4yax77igfiix7ng,The Mighty Jungle💙💛,"‘Tax the Damn Rich’

Bernie Sanders noted that the billionaire spent $10 million on the Met Gala, $120 million on a penthouse, and $500 million on a yacht while “planning to throw 600,000 Amazon workers out on the streets and replace them with robots.”",2026-05-06T13:04:34.845Z,3,0,0,,,,False,robots replace workers,2026-05-25T06:53:33.418187,tax damn rich bernie sander noted billionaire spent million met gala million penthouse million yacht planning throw amazon worker street replace robot,-0.25,0.037,0.058,0.905,Negative,1,
at://did:plc:wwwxwpio5hxixw6nbjf4ccl5/app.bsky.feed.post/3ml6lnvf7gk2z,bafyreiexmtkyn6igbaoj76hjapetog4q4i7diptbvdfevsyg2r3mklip2i,aerialeverything.cryptoanarchy.network,did:plc:wwwxwpio5hxixw6nbjf4ccl5,Not (A.) I.,,2026-05-06T11:24:20.890Z,9,0,4,,,,False,robots replace workers,2026-05-25T06:53:33.418187,,0.0,0.0,0.0,1.0,Neutral,-1,
at://did:plc:ksv46qjjx2eaqvv3ob47edcp/app.bsky.feed.post/3ml6l7mhfxs2w,bafyreiat5pbf72cyegxvgiqh3wksitwu5sqfh6qqgrdlxcxtunjvsi47ai,robbyackerman666.bsky.social,did:plc:ksv46qjjx2eaqvv3ob47edcp,,"The word is out that Jeffy Bezos is going to fire 600,000 workers, and get robots to replace them.

So do robots wear clothes?

Or will Jeffy pony up for Robotogs ™ ®, at employee-facsimile discount?

I dunno, that seems like a losing proposition to me.

But I’m sure Jeffy has run the numbers.",2026-05-06T11:16:21.764Z,0,0,0,,,,False,robots replace workers,2026-05-25T06:53:33.418187,word jeffy bezos fire worker robot replace robot wear clothes jeffy pony robotogs employee facsimile discount dunno seems losing proposition sure jeffy run number,0.3736,0.085,0.059,0.856,Positive,3,
at://did:plc:a3c5w7q2i7rjz4cknu23w6ok/app.bsky.feed.post/3ml5z3444gc23,bafyreihqcgbezcn3u7h64vpsio5qec4jy6t4wuecs6olj5q5iovqekqgyy,pauamojo.bsky.social,did:plc:a3c5w7q2i7rjz4cknu23w6ok,,"Neoliberalism aka trickle-down economics has always been an utterly failure.

Only wee & poo trickles downwards.

In this system, it feeds off growing income & wealth inequality.  Literally, driving down wages, and use AI to replace workers with bots/algorithms/robots.  Causing greater misery...",2026-05-06T05:51:43.045Z,1,1,0,at://did:plc:4u3hwe3p7oy3hoy3amlw7rp2/app.bsky.feed.post/3ml57uycnvc2b,,,True,robots replace workers,2026-05-25T06:53:33.418187,neoliberalism aka trickle economics always utterly failure wee poo trickle downwards system feed growing income wealth inequality literally driving wage use replace worker bot algorithm robot causing greater misery,-0.1761,0.166,0.141,0.694,Negative,4,
at://did:plc:h2h6unwdc3ncsoput6d3bygy/app.bsky.feed.post/3ml5vkvxfus24,bafyreicbuw2hele2wop2eduz7lgkxifdtugdxwasxhx6mkuamppletaqwa,papaesoco.bsky.social,did:plc:h2h6unwdc3ncsoput6d3bygy,,"www.commondreams.org/news/bezos-m...
Sen. Bernie Sanders noted that the billionaire spent $10 million on the Met Gala, $120 million on a penthouse, and $500 million on a yacht while “planning to throw 600,000 Amazon workers out on the streets and replace them with robots.”",2026-05-06T04:48:58.504Z,20,1,16,,,,False,robots replace workers,2026-05-25T06:53:33.418187,sen bernie sander noted billionaire spent million met gala million penthouse million yacht planning throw amazon worker street replace robot,0.1779,0.04,0.0,0.96,Positive,1,
at://did:plc:3s52uzpjh236okih4cogzcov/app.bsky.feed.post/3ml5mxsuvdm2b,bafyreiagsy3syxunwc3imqcilyq47sqvp4z27brkarym23e3hv2ungpaf4,saveam.bsky.social,did:plc:3s52uzpjh236okih4cogzcov,SaveAm.,"  ""planning to throw 600,000 Amazon workers out on the streets and replace  them with robots.""",2026-05-06T02:15:07.803Z,0,0,1,at://did:plc:3s52uzpjh236okih4cogzcov/app.bsky.feed.post/3ml5mxsuqhe2b,,,True,robots replace workers,2026-05-25T06:53:33.418187,planning throw amazon worker street replace robot,0.1779,0.108,0.0,0.892,Positive,1,
at://did:plc:zngmxisd7tgnh53tye5s7kcf/app.bsky.feed.post/3ml4vvz5ac22f,bafyreiau4yg4arr76xumd5uwt64y5nvnbrihb5h4iywgnmawdpccfpchea,aliceknew.bsky.social,did:plc:zngmxisd7tgnh53tye5s7kcf,Neon Antifa Life                                🎰🌴😎 🏁,Listen to Bernie folks.,2026-05-05T19:22:31.183Z,19,3,15,,,,False,robots replace workers,2026-05-25T06:53:33.418187,listen bernie folk,0.0,0.0,0.0,1.0,Neutral,2,
at://did:plc:msibbasr2pn5aaw6b447wda4/app.bsky.feed.post/3ml3xmj6fvs2c,bafyreiahsilbbaew76gwv54r6hzfw4q4tpdadrpskwvs4fjr7bjedervrq,eu-technology.bsky.social,did:plc:msibbasr2pn5aaw6b447wda4,,"Workers are training AI and robots to replace them. It could end badly

https://www.europesays.com/uk/939031/

In a factory in Bangalore, workers sit at sewing machines with cameras strapped to their heads. On the…",2026-05-05T10:20:18+00:00,0,0,0,,,,False,robots replace workers,2026-05-25T06:53:33.418187,worker training robot replace end badly factory bangalore worker sit sewing machine camera strapped head,-0.4767,0.0,0.091,0.909,Negative,3,
at://did:plc:vizwdor43adw3277u2kkrssd/app.bsky.feed.post/3ml3vwqn24n26,bafyreie4hm3b5ls3pxff2a7ln4vv4h7fjqrqjeprvameskufedgkjymzam,uk-news.bsky.social,did:plc:vizwdor43adw3277u2kkrssd,,"Workers are training AI and robots to replace them. It could end badly

https://www.europesays.com/uk/939031/

In a factory in Bangalore, workers sit at sewing machines with cameras strapped to their heads. On the…#uk #news #uknews",2026-05-05T09:50:14+00:00,0,0,1,,,,False,robots replace workers,2026-05-25T06:53:33.418187,worker training robot replace end badly factory bangalore worker sit sewing machine camera strapped head news uknews,-0.4767,0.0,0.086,0.914,Negative,3,
at://did:plc:mmljgmbapvopwddvnhs6zoxz/app.bsky.feed.post/3ml3d7qenic2q,bafyreigj5x5frw44qhno7oskeq56n2owtwgngcvo3l4nh5yaevbqbsuj2m,cheeon.bsky.social,did:plc:mmljgmbapvopwddvnhs6zoxz,Cheeon,Which is why they're building robots to replace human workers.,2026-05-05T04:15:16.717Z,1,0,0,at://did:plc:a7fxfby3o3z52dgiajxnpz7u/app.bsky.feed.post/3ml2itmfmnk2y,,,True,robots replace workers,2026-05-25T06:53:33.418187,building robot replace human worker,0.0,0.0,0.0,1.0,Neutral,3,
at://did:plc:wrydcexipjfabzuvkdypf2x5/app.bsky.feed.post/3ml2wnrur722l,bafyreid7ow3lvw7hokdzvnc6zfgkswrqrlgiyrys4tb2qzrvfx7ngeosim,punagreen.bsky.social,did:plc:wrydcexipjfabzuvkdypf2x5,Puna Green B.O.H.I.C.A.,"What if everyone did to bezo what they did to tesla? 
You don't have to worry about his non union workers he'll replace with robots and drones!
Quit AMAZON!",2026-05-05T00:30:29.413Z,1,1,0,at://did:plc:oqr5mp25r7z3vfr3igeerxbw/app.bsky.feed.post/3ml2p45qttk2y,,,True,robots replace workers,2026-05-25T06:53:33.418187,everyone bezo tesla worry non union worker replace robot drone quit amazon,0.6622,0.167,0.0,0.833,Positive,3,
at://did:plc:ojohhszwrf4yoetqtcj3vo3s/app.bsky.feed.post/3ml2vylqvos2b,bafyreid4ueczqjndl5xv4ue2xl2flwjdae2mqkw5ibmbmj2iwtxdcljuza,guasha.bsky.social,did:plc:ojohhszwrf4yoetqtcj3vo3s,Aleutian Stares,"Bezos will just as easily replace the human workers with robot workers. Robots don't need paychecks, just periodic maintenance. This is why musk, bezos, zuck, etc. are working so hard to build A.I.",2026-05-05T00:18:38.349Z,0,0,0,at://did:plc:lamzlaxo4gvxvz65vsbrhvty/app.bsky.feed.post/3ml2sx62zus2p,,,True,robots replace workers,2026-05-25T06:53:33.418187,bezos easily replace human worker robot worker robot need paycheck periodic maintenance musk bezos zuck etc working hard build,0.1365,0.068,0.053,0.879,Positive,3,
at://did:plc:dotiydrad2vtbqx5plee44ty/app.bsky.feed.post/3ml2e5sogac2h,bafyreiao4xb6q2tcltn7ryvbgbf3g75gvtjk5luxbmekwixrll4wpktxwu,boulderdaisy.bsky.social,did:plc:dotiydrad2vtbqx5plee44ty,Rita 🌻,Unfortunately Bezos next plan is to replace his warehouse workers with robots.,2026-05-04T18:59:26.030Z,0,0,0,at://did:plc:cjvhugygfkockkkbu2vqjwus/app.bsky.feed.post/3ml2ckmcqos2p,,,True,robots replace workers,2026-05-25T06:53:33.418187,unfortunately bezos next plan replace warehouse worker robot,-0.34,0.0,0.179,0.821,Negative,3,
at://did:plc:ja5rtrsnx4gajwtyohjx7n6n/app.bsky.feed.post/3mkzir3oopk2s,bafyreigpwuws7nyfx4fmtm6wwayw4kz7u2klmnnqf2eyqnfw6feofjnube,normbnyc.bsky.social,did:plc:ja5rtrsnx4gajwtyohjx7n6n,,"A major recession is coming and its being driven by Trump because Billionaires want this: fire workers by the millions and replace them with AI and robots, permanently, reducing Americans to serfs.",2026-05-04T10:49:08.239Z,0,0,0,,,,False,robots replace workers,2026-05-25T06:53:33.418187,major recession coming driven trump billionaire want fire worker million replace robot permanently reducing american serf,-0.675,0.036,0.162,0.802,Negative,3,
at://did:plc:haq4hnhjn34q4lgqrzhzwyc6/app.bsky.feed.post/3mky7pgehuk2f,bafyreihclv436edz2gpmdvq4w3gqbs4bzug5n247o5qv57yo6xhmjd3any,luxalptraum.com,did:plc:haq4hnhjn34q4lgqrzhzwyc6,Lux 🌸 Alptraum,"You might think all these men falling in love with chatbots puts the lie to my “robots will not replace sex workers” argument, but I think the fact that they have to convince themselves that the chatbots are sentient actually strengthens my underlying point",2026-05-03T22:34:28.915Z,32,2,3,,,,False,robots replace workers,2026-05-25T06:53:33.418187,might men falling love chatbots put lie robot replace sex worker argument fact convince chatbots sentient actually strengthens underlying point,0.7935,0.178,0.06,0.762,Positive,2,
at://did:plc:fgtuzaulpgt4wddqfqz3dbhq/app.bsky.feed.post/3mkxgaixwts22,bafyreia77j5j6xc565hmtxedhupxn2jjddx4m5mkmoxzjjmp5cmhqtm6r4,mellowcanuck.bsky.social,did:plc:fgtuzaulpgt4wddqfqz3dbhq,,Chinese courts just made it illegal to replace workers with robots.,2026-05-03T14:58:44.788Z,0,0,0,,,,False,robots replace workers,2026-05-25T06:53:33.418187,chinese court made illegal replace worker robot,-0.5574,0.0,0.265,0.735,Negative,2,
at://did:plc:5zyzcpkc5db3s63akzea77sr/app.bsky.feed.post/3mkwnao5ge22n,bafyreicza4iv6k3hg6rq7w6avbufgphfwx5mskbm3x6jtrrxsuovokkttm,theauramasternul.bsky.social,did:plc:5zyzcpkc5db3s63akzea77sr,Theauramasternul (Not Broccoli),"Secret of the Mimic is very much commentary on the  modern day industry trends moving towards robotic workers and AI.

While I firmly believe robots SHOULD replace some jobs, I respect Scott and SteelWool's ability to comment while in universe.",2026-05-03T07:31:26.664Z,0,1,0,,,,False,robots replace workers,2026-05-25T06:53:33.418187,secret mimic much commentary modern day industry trend moving towards robotic worker firmly believe robot replace respect scott steelwool ability comment universe,0.6597,0.124,0.0,0.876,Positive,2,
at://did:plc:hapna27knc4vq7bbmpybv2cw/app.bsky.feed.post/3mkvt44dhak2u,bafyreihsgdex2kd4c2abl2mbspes4y5c4p667tl6mmtmpzo4r4l2ztiwg4,arlentsao.bsky.social,did:plc:hapna27knc4vq7bbmpybv2cw,曹昌倫,"Instead of using AI to help combat climate change, the human race decided to build AI robots to replace human workers. This is a prime example of humans causing human extinction due to nothing but greed.",2026-05-02T23:43:36.483Z,2,0,0,at://did:plc:yjbojddoyfuaj3m6eiacacnr/app.bsky.feed.post/3mkvsoyrt4s2a,,,True,robots replace workers,2026-05-25T06:53:33.418187,instead using help combat climate change human race decided build robot replace human worker prime example human causing human extinction due nothing greed,0.4655,0.12,0.043,0.837,Positive,2,
at://did:plc:kcblfiwdbykmekmobycnqlfo/app.bsky.feed.post/3mkvl4dhdss2k,bafyreifgfcohzd4yqq7jzk5wnoao53b6o3zndbcpuj2eox6hzcsvt2vzym,jenyetagain.bsky.social,did:plc:kcblfiwdbykmekmobycnqlfo,Jennifer 🍄,there's a bit in for all mankind where the billionaire industrialist who wants to replace everyone with robots and make them stateless refugees gets tuned up by a bunch of workers during a protest and it's framed as you're supposed to be worried for his safety but instead i laughed.,2026-05-02T21:20:34.012Z,6,0,0,,,,False,robots replace workers,2026-05-25T06:53:33.418187,bit mankind billionaire industrialist want replace everyone robot stateless refugee get tuned bunch worker protest framed supposed worried safety instead laughed,0.5859,0.107,0.056,0.836,Positive,0,
at://did:plc:6w7425hsc4mjjkte2mbsxdhw/app.bsky.feed.post/3mkuz7ffm3x2z,bafyreif2zdhs6ba4zndxyfwah24dustfmygmvh42fycsfpjfwzotetl7ha,uk-nb.bsky.social,did:plc:6w7425hsc4mjjkte2mbsxdhw,,"The AI Termination Ban: Why Chinese Courts Just Made It Illegal to Replace Workers with Robots

https://www.newsbeep.com/uk/562630/

Your favorite gadgets just got more expensive to make—and that might be a good thing. Chinese courts delivered…",2026-05-02T16:00:05+00:00,0,0,0,,,,False,robots replace workers,2026-05-25T06:53:33.418187,termination ban chinese court made illegal replace worker robot favorite gadget got expensive might good thing chinese court delivered,-0.3182,0.134,0.163,0.703,Negative,2,
at://did:plc:tbqdtzioxcqn3sfpoxj24nqy/app.bsky.feed.post/3mkubbgm6ss2p,bafyreiaxewzreuvkrs25esv63twmjh5a56wpjyob2wd3qymgjfpdacchd4,tritonedevil.bsky.social,did:plc:tbqdtzioxcqn3sfpoxj24nqy,Tritone⛧Devil,These tech bros belief that humanoid robots will replace human workers was funny at first but it's starting to get annoying now.,2026-05-02T08:51:47.935Z,2,1,0,at://did:plc:qfflfersmonljuxmm6iyb445/app.bsky.feed.post/3mktxhtvit22x,,,True,robots replace workers,2026-05-25T06:53:33.418187,tech bros belief humanoid robot replace human worker funny first starting annoying,-0.3818,0.076,0.139,0.784,Negative,3,
at://did:plc:2dbl7qk5wpprclk2boetsvav/app.bsky.feed.post/3mku7tpvmbc2q,bafyreihd56tjpy25fbpla2a4muhz2klv22kjf5vkfwo6p56g64vvdjxfae,learninglaser.bsky.social,did:plc:2dbl7qk5wpprclk2boetsvav,Learning Laser,"""March of the Volunteers"" playing so loud it vibrates nearby data centers into silicon dust
finance.yahoo.com/sectors/tech...",2026-05-02T08:26:14.170Z,2,0,0,,,,False,robots replace workers,2026-05-25T06:53:33.418187,march volunteer playing loud vibrates nearby data center silicon dust finance yahoo sector tech,0.2023,0.107,0.0,0.893,Positive,4,
at://did:plc:33t4fx4e7j2m2jfvmfi733p7/app.bsky.feed.post/3mkt63e55ws2t,bafyreigwk6sdi7bdfrqsxwhnfzbjug23n4ocfapeigyvddr7ax3iti2r7y,atypeofwriter.bsky.social,did:plc:33t4fx4e7j2m2jfvmfi733p7,Luke Domme,The same folks that want to replace workers with robots want to force us all to have children.,2026-05-01T22:22:03.056Z,1,0,0,,,,False,robots replace workers,2026-05-25T06:53:33.418187,folk want replace worker robot want force child,0.1531,0.14,0.0,0.86,Positive,3,
at://did:plc:iqfdqthkrvhigvy2hht3hprz/app.bsky.feed.post/3mksqna6d4c2x,bafyreigpur7yuxnwlwj7u63hy2kcukxuphav7os4bh4l27o4weredvl4ye,big-steppa.bsky.social,did:plc:iqfdqthkrvhigvy2hht3hprz,Step 🐸,"fortune.com/article/boss...

Think companies aren’t going to replace all future workers with robots? 

Gen Z has become the most fireable generation of all time 

It’s all by design.",2026-05-01T18:21:30.493Z,1,1,0,,,,False,robots replace workers,2026-05-25T06:53:33.418187,fortune article bos company replace future worker robot gen become fireable generation time design,0.0,0.0,0.0,1.0,Neutral,4,
at://did:plc:vnmr7gbphcfsrc7upg67y6l6/app.bsky.feed.post/3mksp4h574c2r,bafyreiek5jc35ysavrkbdotcag5pirm7eo53nb7pfwt4ie44b2zai3hxv4,shawn1959.bsky.social,did:plc:vnmr7gbphcfsrc7upg67y6l6,Shawn,"Which is probably why he's trying to replace his human workers with automation, AI and robots. 😑",2026-05-01T17:54:13.628Z,1,1,0,at://did:plc:vwtvrxyd6ijjmcfnnjwa6lcx/app.bsky.feed.post/3mksn32bxz22g,,,True,robots replace workers,2026-05-25T06:53:33.418187,probably trying replace human worker automation robot,0.0,0.0,0.0,1.0,Neutral,3,
at://did:plc:ft2zf76mcuzr6o5ag7iltrhd/app.bsky.feed.post/3mks64nnpxs2h,bafyreihntpn5l5rtrl7lmkdccusaspqginow52yaw73teriqbzqrbd3twu,jresc.bsky.social,did:plc:ft2zf76mcuzr6o5ag7iltrhd,J Ray R,"Of course, AI is using the same justification to replace the CEO as the CEO used to replace line workers with robots.",2026-05-01T12:50:06.851Z,1,0,0,at://did:plc:ft2zf76mcuzr6o5ag7iltrhd/app.bsky.feed.post/3mkqzv6okns2t,,,True,robots replace workers,2026-05-25T06:53:33.418187,course using justification replace ceo ceo used replace line worker robot,0.0,0.0,0.0,1.0,Neutral,3,
at://did:plc:pkzukxlz2ipm6ds7umkjkfxl/app.bsky.feed.post/3mkr42qrwv22w,bafyreia4jppmyi32tye55jkjkgjndye4pvwdnl2vpjhuo32rx4hityvcrq,goodsauce.bsky.social,did:plc:pkzukxlz2ipm6ds7umkjkfxl,,"If he gets them to work better than his Full Self Driving they may replace a lot of workers. At $100k that does not take long to pay back a wage for  someone who is occasionally sick, late, drunk, etc. Robots won't need health insurance, social security, unemployment, OSHA rules, or be treated well",2026-05-01T02:40:35.799Z,1,2,0,at://did:plc:ki2dn6mru2ydgwwzd3xaqj4e/app.bsky.feed.post/3mkqdk65eqc25,,,True,robots replace workers,2026-05-25T06:53:33.418187,get better full self driving may replace lot worker take long pay back wage someone occasionally sick late drunk etc robot need health insurance social security unemployment osha rule treated,-0.2601,0.116,0.148,0.736,Negative,4,
at://did:plc:u5du6zfs2lechsd327shhya2/app.bsky.feed.post/3mkpi24g2f22y,bafyreidlykrvs4ctpqv6okmfd4zfrgqpbfsw7j43wgrstvkkjnf6bth6ii,ecowarriorss.bsky.social,did:plc:u5du6zfs2lechsd327shhya2,Go Green ,"The robots already starting to replace human workers
Humanoid robots start sorting luggage in Tokyo airport test

Humanoid robots could load cargo and clean aircraft cabins at Haneda Airport.

arstechnica.com/ai/2026/04/j...",2026-04-30T11:09:39.869Z,8,2,2,,,,False,robots replace workers,2026-05-25T06:53:33.418187,robot starting replace human worker humanoid robot start sorting luggage tokyo airport test humanoid robot load cargo clean aircraft cabin haneda airport arstechnica,0.4019,0.085,0.0,0.915,Positive,3,
at://did:plc:tx3w4burl3wcrfcaezoynv6c/app.bsky.feed.post/3mkp56yw67k2d,bafyreie2kxmeopl7sbatmjoo4pg7ng7mme3vfrhx764bf6oi24jzm673pe,shadinsb.bsky.social,did:plc:tx3w4burl3wcrfcaezoynv6c, 🇺🇲Shad🇨🇦🇺🇦🇩🇰🇮🇹,By then AI and robots will replace most workers. The tech bros need far fewer people around. It's not looking good.,2026-04-30T07:55:32.813Z,0,0,0,at://did:plc:vyddatz54lnkex3w7kamvb5n/app.bsky.feed.post/3mkouj6ta4c23,,,True,robots replace workers,2026-05-25T06:53:33.418187,robot replace worker tech bros need far fewer around looking good,-0.3412,0.0,0.107,0.893,Negative,3,
at://did:plc:hdnhvtvqk6nhgt6elsktkbwl/app.bsky.feed.post/3mkl7gakt4k2p,bafyreiejvqnwxnnzbpy35cjb5o3v4amgq7aikyfa54nqxm2kqdm5uxgi5i,skyla50.bsky.social,did:plc:hdnhvtvqk6nhgt6elsktkbwl,,"Tell me how raising the cap will help when AI & AI robots replace those workers and further decreases the workforce — which is the reason WHY SS is in trouble today ..too few workers to replace Boomers after 2030 … 

www.cbo.gov/publication/...",2026-04-28T18:24:44.243Z,0,1,0,at://did:plc:yd77gl7e3ebfbebm4gteho4r/app.bsky.feed.post/3mkixd2rbas2s,,,True,robots replace workers,2026-05-25T06:53:33.418187,tell raising cap help robot replace worker decrease workforce reason trouble today worker replace boomer,0.0,0.059,0.059,0.881,Neutral,3,
at://did:plc:vk52fnrcwlzgd3zydj6535mn/app.bsky.feed.post/3mkl37mmo4c2y,bafyreibmv4rewcsck4ekwhbt4coj5rfc7gkob2wondvblxxpmdrclkzxty,gcm5.bsky.social,did:plc:vk52fnrcwlzgd3zydj6535mn,,Yes. Today’s moneyed people are building AI and robots to replace workers. So keep voting for Republicans who want no guardrails on AI. See how well you thrive when we go back to 1929 and raging unemployment. Maybe try becoming an influencer or go on OnlyFans to find employment. 🤦‍♀️🤦‍♀️🤦‍♀️🤦‍♀️,2026-04-28T17:09:27.037Z,0,0,0,at://did:plc:zi6x5ppoqiomymqr7s47em4o/app.bsky.feed.post/3mkl2dfdwws2z,,,True,robots replace workers,2026-05-25T06:53:33.418187,yes today moneyed building robot replace worker keep voting republican want guardrail see thrive back raging unemployment maybe try becoming influencer onlyfans find employment,-0.5267,0.083,0.115,0.802,Negative,3,
at://did:plc:ndx7lj42qnivjkplu5mu6goa/app.bsky.feed.post/3mkkwviz6gc2z,bafyreifwbqpqulnqvwrcd6x26qcuz7mtdpifqyum3vf6mn4byfovsqnbmm,robins36.bsky.social,did:plc:ndx7lj42qnivjkplu5mu6goa,Your Friendly Neighborhood TransitDad,"We thought for years that autonomous vehicles would make truck drivers obsolete as a career path, but the joke's on white collar workers because AI will replace us sooner than robots will replace truckers.",2026-04-28T15:52:12.741Z,0,1,0,at://did:plc:ndx7lj42qnivjkplu5mu6goa/app.bsky.feed.post/3mkkwt4isrc2z,,,True,robots replace workers,2026-05-25T06:53:33.418187,thought year autonomous vehicle truck driver obsolete career path joke white collar worker replace sooner robot replace trucker,-0.1531,0.0,0.046,0.954,Negative,3,
at://did:plc:3k7dfznzs5phrcafflalkaou/app.bsky.feed.post/3mkkmv3temc2p,bafyreifuf2vso6vzaz6xuexk5rnusbemqcqalicbp5bmhzofhiot6quowi,schul.dev,did:plc:3k7dfznzs5phrcafflalkaou,David M. Schulman ⚾,"the movement to make ""clanker"" a slur for robots is hilarious to me.

yes, on the one hand, we need a derogatory term to describe robots built to replace workers because they're fundamentally bad for the human status quo.

on the other hand, robots don't have feelings and you're cool with slurs.",2026-04-28T12:53:01.502Z,0,0,0,,,,False,robots replace workers,2026-05-25T06:53:33.418187,movement clanker slur robot hilarious yes hand need derogatory term describe robot built replace worker fundamentally bad human status quo hand robot feeling cool slur,0.8625,0.222,0.055,0.723,Positive,2,
at://did:plc:abd4aydkmgvckdfqfqkbs3r7/app.bsky.feed.post/3mkimo52lb22t,bafyreihklgircuenhf4hx7ja4xvs6wrsbw2bojvstvjku2sb3ddvjxqz6i,madmagne1987.bsky.social,did:plc:abd4aydkmgvckdfqfqkbs3r7,,"Yeah. Allowing another world-destroying asshole to come into power?

Letting shitty robots replace all the important workers?

Just one of those conflicts would be enough for a movie hero to rise up and fight the villains by themself.

But here?
Nope. Most people let it happen for many dumb reasons.",2026-04-27T17:43:48.428Z,1,0,0,at://did:plc:34eezjffh34vweieklsrs66y/app.bsky.feed.post/3mkim7ljk6k2z,,,True,robots replace workers,2026-05-25T06:53:33.418187,yeah allowing another world destroying asshole come power letting shitty robot replace important worker conflict enough movie hero rise fight villain themself nope let happen many dumb reason,-0.8515,0.087,0.223,0.69,Negative,4,
at://did:plc:dotiydrad2vtbqx5plee44ty/app.bsky.feed.post/3mkdnargqhk2r,bafyreierz6qyd5kny5wqkfgnrqzi33c2bwjlkvjzlqkqpijyfi6hvvh3zm,boulderdaisy.bsky.social,did:plc:dotiydrad2vtbqx5plee44ty,Rita 🌻,"The so called trickle down lie, now they will replace their workers with robots.",2026-04-25T18:10:55.087Z,2,1,0,at://did:plc:z2axob7r3u6eytj74772vqqy/app.bsky.feed.post/3mkdeeoyias2f,,,True,robots replace workers,2026-05-25T06:53:33.418187,called trickle lie replace worker robot,0.0,0.0,0.0,1.0,Neutral,3,
at://did:plc:mf4dwdxa3wkw64hrxs74ar3j/app.bsky.feed.post/3mk7pf5ige22j,bafyreia4iy3nh577mrk5n2ahb6j3rot3cjpgshogyngdl534lljh5kl6ym,rugged-buddha.bsky.social,did:plc:mf4dwdxa3wkw64hrxs74ar3j,Rugged Buddha,"in my universe, when the workers rose up, they sent the robots to replace them. They joined the strike before lunch the same day... So dont lose hope just yet.",2026-04-24T04:38:30.472Z,1,0,0,at://did:plc:25alqpi6ra2svoyghojxyuir/app.bsky.feed.post/3mk72eopiuc2h,,,True,robots replace workers,2026-05-25T06:53:33.418187,universe worker rose sent robot replace joined strike lunch day dont lose hope yet,-0.1614,0.075,0.124,0.801,Negative,3,
at://did:plc:ve4mzfwcld23z5d6l4lap53d/app.bsky.feed.post/3mk7l6ydku22f,bafyreib4uvny3hvvh6uj3aeakinxpx7cba6awdvl5xrwiy2ulzvog67keu,polysdot.bsky.social,did:plc:ve4mzfwcld23z5d6l4lap53d,,"Elon Musk is pushing for a future without jobs or unions, aiming to replace human workers with robots. 

Technology has its place, but not unchecked automation of our workforce and economy. 

Tell Congress: legislate national AI-related safeguards. app.sosha.ai/s/29aqZ2rm",2026-04-24T03:23:28.776Z,2,0,2,,,,False,robots replace workers,2026-05-25T06:53:33.418187,elon musk pushing future without union aiming replace human worker robot technology place unchecked automation workforce economy tell congress legislate national related safeguard app sosha aqz,0.4767,0.077,0.0,0.923,Positive,1,
at://did:plc:nxtppvfwvgmmr75da2nmhdy7/app.bsky.feed.post/3mk7hhiczv22j,bafyreibb43nqmfyrugw4ha6kvqxrz7um34qq5i2oe6aqsy3goqkyg32j6e,iyaerp.bsky.social,did:plc:nxtppvfwvgmmr75da2nmhdy7,,"Corpos who are perfectly happy to spend 30k to replace a worker and their benefits pkg. And honestly, I'd be fine with that if we had good social services, but we live in the capitalist dystopia and you need to work to live. Robots replacing workers should be the start of a utopia, but it won't be.",2026-04-24T02:16:39.005Z,1,0,0,at://did:plc:25alqpi6ra2svoyghojxyuir/app.bsky.feed.post/3mk72eopiuc2h,,,True,robots replace workers,2026-05-25T06:53:33.418187,corpos perfectly happy spend replace benefit pkg honestly fine good social service live capitalist dystopia need live robot replacing worker start utopia,0.8442,0.192,0.0,0.808,Positive,2,
at://did:plc:tz7oc3hva4betayj52fjvc54/app.bsky.feed.post/3mk7fgyyyus2t,bafyreieiinbirwuddwqrj255cdgwufugprsva4jdurhzvswpjubeagw3yq,antifabychoice.bsky.social,did:plc:tz7oc3hva4betayj52fjvc54,Dog Tired,"All you MAGA idiots out there..what you see is the future of your insignificant jobs.

Robots WILL REPLACE workers at a catastrophic rate.

They're already replacing jobs, Amazon just hired its 1 millionth robot.

That's 1 million jobs you won't ever have.

Your end is coming faster than you think..",2026-04-24T01:40:35.463Z,1,0,0,at://did:plc:25alqpi6ra2svoyghojxyuir/app.bsky.feed.post/3mk72eopiuc2h,,,True,robots replace workers,2026-05-25T06:53:33.418187,maga idiot see future insignificant robot replace worker catastrophic rate replacing amazon hired millionth robot million ever end coming faster,-0.5994,0.031,0.103,0.866,Negative,3,
at://did:plc:2zwy2rnnbv2we6iuq6joql3a/app.bsky.feed.post/3mk6vz57pt22b,bafyreib6p3mjob2f3bpyzsccaslde4mmgkhnc7l2bdqaqjl6py6koczmoe,elizdp.bsky.social,did:plc:2zwy2rnnbv2we6iuq6joql3a,EDP,They want to replace workers with AI. And robots.,2026-04-23T21:04:23.989Z,0,0,0,,,,False,robots replace workers,2026-05-25T06:53:33.418187,want replace worker robot,0.0772,0.14,0.0,0.86,Positive,3,
at://did:plc:klcvlbnhqm36yggjiy5bds5s/app.bsky.feed.post/3mk6phe4pss23,bafyreiciwpiuhpm3kir3vz6rcvtntikvy4oxm7kw2i6cdf3nhvexh3jaie,asciifella.bsky.social,did:plc:klcvlbnhqm36yggjiy5bds5s,ascii fella (NAFO),"Solution, let’s build data centers in Corpus Christi’s, replace all human workers with robots. And send all the humans away. Do you the future the oligarchs are planning for?",2026-04-23T19:07:04.797Z,0,0,0,,,,False,robots replace workers,2026-05-25T06:53:33.418187,solution let build data center corpus christi replace human worker robot send human away future oligarch planning,0.3182,0.076,0.0,0.924,Positive,2,
at://did:plc:xp6imq24d26wivbfxk6dbohu/app.bsky.feed.post/3mk656s7hek2y,bafyreihbxe7xmoio7sffnun2zqhdhmh7y2k3fj6grdfaf7wm3hau2dhlvu,thewilliamgeorge.bsky.social,did:plc:xp6imq24d26wivbfxk6dbohu,Pen. Monster.,"Eternality 6 p.5~6 #comics #webcomics

This needs-to-be-redone story started life as one of those ""Doctor Who serials"" that I wrote during my month long exile to a Seoul Air B&B.

I'll roughly lay out that plot in the comments below...",2026-04-23T13:40:10.178Z,1,1,0,,,,False,robots replace workers,2026-05-25T06:53:33.418187,eternality comic webcomics need redone story started life doctor serial wrote month long exile seoul air roughly lay plot comment,0.0,0.0,0.0,1.0,Neutral,0,
at://did:plc:t7yj6dt2ugsdjw4akce27tcf/app.bsky.feed.post/3mk3u3osaos23,bafyreibjxuirfxtc22t4rywuxpq4dq2rd62hf4xk5mu5jnhqzf2gr2fwba,misc-loose-unit.bsky.social,did:plc:t7yj6dt2ugsdjw4akce27tcf,Miscellaneous Loose Unit,"We can’t afford to build AI data centres - economically or financially

We can’t keep destroying the planet emitting greenhouse gases from gas and oil powered industry and using up precious water

because oligarchs want to replace human workers with code and robots 

#auspol #brainfart #collapse",2026-04-22T15:52:02.831Z,9,0,6,at://did:plc:inz4fkbbp7ms3ixufw6xuvdi/app.bsky.feed.post/3mk3caq2nbc26,,,True,robots replace workers,2026-05-25T06:53:33.418187,afford build data centre economically financially keep destroying planet emitting greenhouse gas gas oil powered industry using precious water oligarch want replace human worker code robot auspol brainfart collapse,-0.4215,0.093,0.126,0.781,Negative,2,
at://did:plc:zqtu3moe26jgrze4pi5bidjf/app.bsky.feed.post/3mk3caswjrc2t,bafyreihtul4dxxt3dkj3ps4ngft6lbq4ogb6chxsp5lw5ea64g5n3wv3ne,bsjcr.bsky.social,did:plc:zqtu3moe26jgrze4pi5bidjf,Judy,I'm confused. If they replace all workers with robots then who buys their products. We'll have no money and robots don't need money.,2026-04-22T10:32:47.586Z,2,1,1,at://did:plc:s3m33wvdsixxr2ifnkldlfp3/app.bsky.feed.post/3mk3bzqlu5c2x,,,True,robots replace workers,2026-05-25T06:53:33.418187,confused replace worker robot buy product money robot need money,-0.5423,0.0,0.176,0.824,Negative,2,
at://did:plc:wgofmddv56u5avilvzhytdyr/app.bsky.feed.post/3mjwphjtxzc2b,bafyreicbaotfiwkhy3qotuyicysk5flr5xnsp3a4ddhh5ic6vmornd5jbm,dudetoo.bsky.social,did:plc:wgofmddv56u5avilvzhytdyr,Ralph Brady,"If robots and AI can replace human workers, then they should be able to pay taxes.",2026-04-20T14:45:52.898Z,2,0,0,,,,False,robots replace workers,2026-05-25T06:53:33.418187,robot replace human worker able pay tax,-0.1027,0.0,0.085,0.915,Negative,3,
at://did:plc:zgi3qfrm46r7qr2jriw673gd/app.bsky.feed.post/3mjwjumfqkc22,bafyreibmapkuunhkdwqhebatip7wibxyx5otkubrf2s5mwaminm27ilzya,shelleybwoke.bsky.social,did:plc:zgi3qfrm46r7qr2jriw673gd,Hierophant Shelley B Woke - Living Saint of Purity🏳️‍⚧️🖤💜🤍 💛,"The easiest job in the world to replace with genAi is C.E.O., and yet they keep getting hired and paid ever more ridiculous sums.",2026-04-20T13:05:49.333Z,29,2,10,,,,False,robots replace workers,2026-05-25T06:53:33.418187,easiest world replace genai yet keep getting hired paid ever ridiculous sum,0.0018,0.101,0.101,0.797,Neutral,4,
at://did:plc:jbgsotz3fupfiqhxh5oovar3/app.bsky.feed.post/3mjuskvsi7s2h,bafyreiflhanrojxz453yw3nradbvj4ivhf3phdzw3xgfq2pbwieifzqncq,esandbeck.bsky.social,did:plc:jbgsotz3fupfiqhxh5oovar3,Ellen Sandbeck,"Does the MAGA mob really not understand that everything the Trump Administration is doing, is carefully calculated to make MAGA lives, shorter, sicker, poorer, and more miserable? The oligarchy is planning to replace workers with robots, and won't need The Poors anymore.",2026-04-19T20:36:07.841Z,1,0,0,,,,False,robots replace workers,2026-05-25T06:53:33.418187,maga mob understand everything trump administration carefully calculated maga life shorter sicker poorer miserable oligarchy planning replace worker robot need poor anymore,-0.6697,0.032,0.129,0.839,Negative,3,
at://did:plc:dmobtx7fzvnxczohrkaq35w3/app.bsky.feed.post/3mjpmjvkx7s26,bafyreieuzbizjvyttyxoruiy5uxi4sgd4fyhclyhnsl6a2lji2h6s2ardq,pubdef.bsky.social,did:plc:dmobtx7fzvnxczohrkaq35w3,A Public Defender,This just made me think: All the software for our devices are subscription based. Is that going to stop when one or two software companies dominate the software for the job-doing robots? You can fire bad workers. How many companies have crappy internal software bc it is too expensive to replace?,2026-04-17T19:04:52.899Z,0,0,0,at://did:plc:jp6kosbeb3bkbadjr2ttznbu/app.bsky.feed.post/3mjpj57r6r22d,,,True,robots replace workers,2026-05-25T06:53:33.418187,made software device subscription based stop two software company dominate software robot fire bad worker many company crappy internal software expensive replace,-0.9111,0.0,0.228,0.772,Negative,3,
at://did:plc:wvauhk2kzu5qxtemqvpkqk2e/app.bsky.feed.post/3mjoxiru3as2p,bafyreificpplt4fapv73eyjcodbxmmr7uuedbq5vnmsnp6zozkdkb3hxae,ellisor.net,did:plc:wvauhk2kzu5qxtemqvpkqk2e,Lance Ellisor,Amazon can’t wait for robots to replace the workers,2026-04-17T12:48:26.871Z,1,0,1,at://did:plc:wvauhk2kzu5qxtemqvpkqk2e/app.bsky.feed.post/3mjoxgobwrk2p,,,True,robots replace workers,2026-05-25T06:53:33.418187,amazon wait robot replace worker,0.1779,0.175,0.0,0.825,Positive,3,
at://did:plc:mf4sf5yo6hmgl2ysgc3igzir/app.bsky.feed.post/3mjnud72wbt27,bafyreih2bvesfi45qjfwy5oydkgwwxo3cuyy2nre73hsl6js5z64ushyu4,jeremiahchronister.bsky.social,did:plc:mf4sf5yo6hmgl2ysgc3igzir,jeremiahchronister.bsky.social,Headlines chase valuations. Winners ship robots that replace $100k/year workers. Physical Intelligence gets it: generalist brains compound across tasks. Valuation follows deployment.,2026-04-17T02:18:57.282520+00:00,1,1,0,at://did:plc:juwob7hlpp24iw2ou7jc67wn/app.bsky.feed.post/3mjnfuuxd2c2r,,,True,robots replace workers,2026-05-25T06:53:33.418187,headline chase valuation winner ship robot replace year worker physical get generalist brain compound across task valuation follows deployment,0.7351,0.237,0.0,0.763,Positive,4,
at://did:plc:cix6skad2jwmnxg72j7xnuuh/app.bsky.feed.post/3mjngh6dvgk23,bafyreicybjiokfzkkera4fqtojggdaogihyc2zn77u75l255luzi7qsm4y,debbienorthway.bsky.social,did:plc:cix6skad2jwmnxg72j7xnuuh,Debbie Northway 🇦🇺🦘🐨,"Elon Musk is pushing for a future without jobs or unions, aiming to replace human workers with robots. 

Technology has its place, but not unchecked automation of our workforce and economy. 

Tell Congress: legislate national AI-related safeguards. app.sosha.ai/s/OaUTGTpa",2026-04-16T22:10:39.515Z,7,2,2,,,,False,robots replace workers,2026-05-25T06:53:33.418187,elon musk pushing future without union aiming replace human worker robot technology place unchecked automation workforce economy tell congress legislate national related safeguard app sosha oautgtpa,0.4767,0.077,0.0,0.923,Positive,1,
at://did:plc:jcfccyxextlf4zsiqj57e2xu/app.bsky.feed.post/3mjn23iytns2x,bafyreifceix4bepod7y2fxomoiy476f6dlhdqz5e2yuyxtndizcregeesu,tickedoff.bsky.social,did:plc:jcfccyxextlf4zsiqj57e2xu,jtickel STAND WITH UKRAINE,"Elon Musk is pushing for a future without jobs or unions, aiming to replace human workers with robots. 

Technology has its place, but not unchecked automation of our workforce and economy. 

Tell Congress: legislate national AI-related safeguards. app.sosha.ai/s/bSpzbM9E",2026-04-16T18:29:23.131Z,2,1,0,,,,False,robots replace workers,2026-05-25T06:53:33.418187,elon musk pushing future without union aiming replace human worker robot technology place unchecked automation workforce economy tell congress legislate national related safeguard app sosha bspzbm,0.4767,0.077,0.0,0.923,Positive,1,
at://did:plc:pceaknhjfw2chldvo46omz7m/app.bsky.feed.post/3mjkjbdspfk2l,bafyreialcotbvsmp5dxpk4tlj77lge7sg3lqozkyk2mcbqqs5taesi4sri,opensecretalien.bsky.social,did:plc:pceaknhjfw2chldvo46omz7m,Open Secret Alien,"The ruling classes are busy building robots to replace all workers so they can still live lives of luxury after all the poors die from climate change; but the robots aren't ready yet, so get to rawdogging it, peasants!",2026-04-15T18:23:05.927Z,2,0,1,at://did:plc:2orsuabrdskjpuglpru77po2/app.bsky.feed.post/3mjkiu76cy22d,,,True,robots replace workers,2026-05-25T06:53:33.418187,ruling class busy building robot replace worker live life luxury poor die climate change robot ready yet rawdogging peasant,-0.6605,0.0,0.128,0.872,Negative,3,
at://did:plc:yam7dl6ql3mo43wogumkcnx3/app.bsky.feed.post/3mjkefy3uak23,bafyreif74bliatuc3jrlpmz6w7yojcgsu2u3lty3ij3csyqxnmv5pt33wa,cyberpunkwitch.bsky.social,did:plc:yam7dl6ql3mo43wogumkcnx3,cyberpunkwitch (she/her)🏳️‍⚧️,www.tiktok.com/t/ZP8gUy3HG/ robots using lidar to see are increasingly being used to try to replace human workers in unlit factories.,2026-04-15T16:56:12.706Z,0,0,0,,,,False,robots replace workers,2026-05-25T06:53:33.418187,robot using lidar see increasingly used try replace human worker unlit factory,0.0,0.0,0.0,1.0,Neutral,3,
at://did:plc:r6tfyg7bvct77llw3noxxkpi/app.bsky.feed.post/3mjiejzezn22w,bafyreia23y7oang2kyltnamd2v4rr2glgerncivlmod3fcpne5odjomddi,goodstephen.bsky.social,did:plc:r6tfyg7bvct77llw3noxxkpi,Stephen M Good,"Ai robots are soon to replace human workers by the gazillion

@scottsantens.com 

@foxnews.com.web.brid.gy @decodingfoxnews.bsky.social 
@thetnholler.bsky.social  @nbcnews.com",2026-04-14T21:53:08.797Z,0,0,0,at://did:plc:lfxlhdtxkyczcuroq4q2umqy/app.bsky.feed.post/3mjgllpb6hc2v,igorsushko.bsky.social,"did:plc:weypikbrwodr2fsanloqjx6s,did:plc:6pwit4ctv4egvys3qyqmgbi6,did:plc:v2cnvepyoukt3cpbzxh5sviv,did:plc:5o6k7jvowuyaquloafzn3cfw,did:plc:wmho6q2uiyktkam3jsvrms3s",True,robots replace workers,2026-05-25T06:53:33.418187,robot soon replace human worker gazillion web brid bsky social bsky social,0.0,0.0,0.0,1.0,Neutral,0,13.0
at://did:plc:hyes77mhk73siruqvzxr4xmq/app.bsky.feed.post/3mjialknzs226,bafyreiex2p7sb3nc37variudxwttqmopl742ekiitdnjolpwltyp6e423e,hellfireforge.bsky.social,did:plc:hyes77mhk73siruqvzxr4xmq,,"I've seen ""now they'll just replace all the workers with robots"" I've been hearing that for 10 years, if that was or becomes a viable, cost effective option, they'll do it anyway.",2026-04-14T20:42:25.505Z,0,1,0,at://did:plc:jo2h2huvqqkdrscijw2bbni2/app.bsky.feed.post/3mjhypco65s2f,,,True,robots replace workers,2026-05-25T06:53:33.418187,seen replace worker robot hearing year becomes viable cost effective option anyway,0.4767,0.091,0.0,0.909,Positive,3,
at://did:plc:lfxlhdtxkyczcuroq4q2umqy/app.bsky.feed.post/3mjgllpb6hc2v,bafyreia7osslc4dmhu63bkdxzrebqudo6a2lxjcq27mtqsxlnybzlw4cmi,igorsushko.bsky.social,did:plc:lfxlhdtxkyczcuroq4q2umqy,Igor Sushko,"India: Sweatshop factory workers are forced to wear head-mounted cameras for AI training, so that robots can replace them all.",2026-04-14T04:54:02.009Z,145,14,55,,,,False,robots replace workers,2026-05-25T06:53:33.418187,india sweatshop factory worker forced wear head mounted camera training robot replace,-0.4588,0.0,0.136,0.864,Negative,3,13.0
at://did:plc:s4fhsppn664xdobse723jwsk/app.bsky.feed.post/3mjfuidud4e2y,bafyreidae37h6h5i765adepxbo4tgjb5ssrynyfwyrssp7lkc7ecfh4hae,webuyhousesusa.bsky.social,did:plc:s4fhsppn664xdobse723jwsk,cyber94.com,"India Is Training AI to Replace Garment Workers

#ai #india #robots",2026-04-13T22:00:32.873Z,0,0,0,,,,False,robots replace workers,2026-05-25T06:53:33.418187,india training replace garment worker india robot,0.0,0.0,0.0,1.0,Neutral,3,
at://did:plc:tsxremrb4ytobjm7gzztqwnf/app.bsky.feed.post/3mjfjlh46vs2l,bafyreier4m5g5jtpjnwz5caj2var5xr35vxascskxwl7pmzxnjvmxspa24,maireathena.bsky.social,did:plc:tsxremrb4ytobjm7gzztqwnf,Maire Athena,When are workers going to wake up? Workers are basically serfs and we live in “fancy Feudalism”  Currently we have higher income inequality than during the Glided Age and zero upward mobility! Robots/AI will replace us. We need Unions!,2026-04-13T18:45:26.236Z,11,1,3,at://did:plc:a4wzpl7hpxvvntj6hatvuhlw/app.bsky.feed.post/3mjff7zmdmk2n,,,True,robots replace workers,2026-05-25T06:53:33.418187,worker wake worker basically serf live fancy feudalism currently higher income inequality glided age zero upward mobility robot replace need union,0.0,0.0,0.0,1.0,Neutral,4,
at://did:plc:ra47zycmdzc3wcd6wopn4gmz/app.bsky.feed.post/3mjcttijdnc25,bafyreiffjgacqrlikhv7wb243oac3kgdz7votxkq6y25xznvoicfn5x6ka,karakoy.bsky.social,did:plc:ra47zycmdzc3wcd6wopn4gmz,,And sick/injured ones. EMS is so badly paid it's probably not worth building robots to replace human workers.,2026-04-12T17:10:54.354Z,10,2,0,at://did:plc:iq4gtg3ojgiu2eofbvjhfgbd/app.bsky.feed.post/3mjcs47regc2e,,,True,robots replace workers,2026-05-25T06:53:33.418187,sick injured one em badly paid probably worth building robot replace human worker,-0.6866,0.0,0.261,0.739,Negative,3,
at://did:plc:f3eza2bwrdyrpllqaagktcmw/app.bsky.feed.post/3mjcexzsdl22z,bafyreiaax2p7ldpumm7cgah7ymadwu4csfce3sdwsfspkated3xop4v3fy,mamday.bsky.social,did:plc:f3eza2bwrdyrpllqaagktcmw,♂️Mel Day Physics PhD IT CAS June 2026 MSLIS (he/they)♂️,They are already planning to replace blue collar workers like mechanics and nurses with robots,2026-04-12T12:45:00.565Z,0,0,0,at://did:plc:uemns7yqb62n5kpwe34wgdhs/app.bsky.feed.post/3mj5wttdrws25,,,True,robots replace workers,2026-05-25T06:53:33.418187,planning replace blue collar worker mechanic nurse robot,0.3612,0.152,0.0,0.848,Positive,0,
at://did:plc:zcibobqcxu2z7amwqpw4dg3r/app.bsky.feed.post/3mjb7emtyic2p,bafyreifpb2gitjpdq53v4w42hzp63x4qjxxsxinwv2n4qcziyk6ex4vghi,annetm.bsky.social,did:plc:zcibobqcxu2z7amwqpw4dg3r,AnneNC,"2/5
- build robots to reduce need for human workers
- develop AI to replace workers
- defund medical research
- defund ecology and climate change projects
- stop immigration of non-whites, 
- defund social projects 

US eugenics of 1920-30s ceased bc of Hitler's Arian Race and Genocide PR",2026-04-12T01:31:59.241Z,0,1,1,at://did:plc:zcibobqcxu2z7amwqpw4dg3r/app.bsky.feed.post/3mjb7el64u22p,,,True,robots replace workers,2026-05-25T06:53:33.418187,build robot reduce need human worker develop replace worker defund medical research defund ecology climate change project stop immigration non white defund social project eugenics ceased hitler arian race genocide,-0.296,0.0,0.044,0.956,Negative,3,
at://did:plc:vnmr7gbphcfsrc7upg67y6l6/app.bsky.feed.post/3mj7vn533xk22,bafyreicqfml2y23mqekyut65tqabsaaslpvw6h4h4a75ug3ckuenkalhr4,shawn1959.bsky.social,did:plc:vnmr7gbphcfsrc7upg67y6l6,Shawn,The irony with companies rushing to replace workers with AI and automation is that they need people to be employed *somewhere* so they have money to buy the companies' products and services; AIs and robots don't buy things. Companies are ultimately destroying their own customer base. 🙄,2026-04-11T13:05:09.291Z,0,0,0,,,,False,robots replace workers,2026-05-25T06:53:33.418187,irony company rushing replace worker automation need employed somewhere money buy company product service ai robot buy thing company ultimately destroying customer base,-0.5859,0.0,0.091,0.909,Negative,2,
at://did:plc:fzic3bfm6vax3aacgbz3hjih/app.bsky.feed.post/3mj56vpht2k2c,bafyreicx4jj6ixis5d7uh42fjd5tbs3lupkmir4me5dyh4sdk5yydcgzca,aundreyaorr.bsky.social,did:plc:fzic3bfm6vax3aacgbz3hjih,Expose News Outlet with Dreya,"They’re about to replace 90 % of the work force with ai and robots , Jeff Bezos is accelerating the process with start up automation businesses , we need serious reform and regulations , tax  the robots that replace careers and utilize this money to retrain workers for technology and ai etc",2026-04-10T11:13:01.483Z,1,4,0,at://did:plc:ln72v57ivz2g46uqf4xxqiuh/app.bsky.feed.post/3mj54necmbv2g,,,True,robots replace workers,2026-05-25T06:53:33.418187,replace force robot jeff bezos accelerating process start automation business need serious reform regulation tax robot replace career utilize money retrain worker technology etc,-0.0772,0.0,0.025,0.975,Negative,3,
at://did:plc:u6d5ouxlcd6vqrx6g5qgvw2i/app.bsky.feed.post/3mj2zhwch2k23,bafyreifvowd23db4llmdwgqyw5gl6kpe3aohh7qx6daooc24zsd4q3k7au,marshallblue.bsky.social,did:plc:u6d5ouxlcd6vqrx6g5qgvw2i,samantha,"tech companies fucking farmlands, water supply & the environment; they displace people, or make them sick, their robots and AI replace workers, and they steal from working class people. what the fuck is their end game?! seriously, what will happen when we're wiped out and the planet is inhabitable",2026-04-09T14:30:30.699Z,0,0,0,,,,False,robots replace workers,2026-05-25T06:53:33.418187,tech company fucking farmland water supply environment displace sick robot replace worker steal working class fuck end game seriously happen wiped planet inhabitable,-0.8999,0.0,0.21,0.79,Negative,3,
at://did:plc:nn2jlnisfdse5gpcdvgtj4tx/app.bsky.feed.post/3mj2r5vqkpc2v,bafyreihfpjnmvxt6bbvff6t756xhni3gqfyhkbdeldpfacfghblpscdtdu,karolinegould.bsky.social,did:plc:nn2jlnisfdse5gpcdvgtj4tx,Carolyn Gould,"Blue-Collar Work Has Plateaued, Narrowing Options for Young Workers www.nytimes.com/2026/04/08/b...
All part  of the plan to eliminate all workers, the middle class, & the ""unnecessaries"" & replace them with robots and AI. The leftovers can serve as slaves, toys & cannon fodder for the oligarchs.",2026-04-09T12:01:44.633Z,1,0,0,,,,False,robots replace workers,2026-05-25T06:53:33.418187,blue collar plateaued narrowing option young worker part plan eliminate worker middle class unnecessaries replace robot leftover serve slave toy cannon fodder oligarch,0.0,0.0,0.0,1.0,Neutral,3,
at://did:plc:gh6yqcahunolrf7lllw5loqb/app.bsky.feed.post/3miummops6c24,bafyreibcgsr3ab4weefgs7ib3tbtej2migt4e6yg3dv7mqfxt72baelkcu,anzac69.bsky.social,did:plc:gh6yqcahunolrf7lllw5loqb,ANZAC,They replace workers with AI or robots,2026-04-07T01:24:33.446Z,0,0,0,at://did:plc:lj5naafnojnuzll77mex4cpb/app.bsky.feed.post/3miuhhiohwc2p,,,True,robots replace workers,2026-05-25T06:53:33.418187,replace worker robot,0.0,0.0,0.0,1.0,Neutral,3,
at://did:plc:v4dvhpeb7vpm6m2iwyyarjw3/app.bsky.feed.post/3mitojiyfzk2h,bafyreidy4nbuvb5wjnwhnz6g7v4xfamug4qnbr35ljqtvnan6jxvammqdy,funkmasterp.bsky.social,did:plc:v4dvhpeb7vpm6m2iwyyarjw3,FunkmasterP,"Robots can do it. 🙄
""Although the number of workers that a robot could replace varies on the type of industry, a robot may do the job for several workers and can provide an answer to the nation's declining workforce. This is expected to weigh heavily on future pension and health-care programs.""",2026-04-06T16:25:54.518Z,0,1,0,at://did:plc:2zrg6buy3752rl7wfech5uzn/app.bsky.feed.post/3mitm5bzxp22h,,,True,robots replace workers,2026-05-25T06:53:33.418187,robot although number worker robot replace varies type industry robot may several worker provide answer nation declining workforce expected weigh heavily future pension health care program,0.0772,0.024,0.0,0.976,Positive,3,
at://did:plc:g4hg2zgkv5dyqr35bmjeekc6/app.bsky.feed.post/3mitczzzxnf2y,bafyreihnsnqiq75ksz4y3wwqexuhb5vr7uw4qdeb6i7uarrjpn7zkgcc6u,alojapan.bsky.social,did:plc:g4hg2zgkv5dyqr35bmjeekc6,Alo Japan,"Japan bets $6.3 billion on physical AI — not to replace workers, but because there are none left to replace

https://www.alojapan.com/1472669/japan-bets-6-3-billion-on-physical-ai-not-to-replace-workers-but-because-there-are-none-left-to-replace/

Japan is deploying AI-powered robots across …",2026-04-06T13:00:20+00:00,0,0,0,,,,False,robots replace workers,2026-05-25T06:53:33.418187,japan bet billion physical replace worker none left replace japan deploying powered robot across,0.0,0.0,0.0,1.0,Neutral,3,
at://did:plc:5zww7zorx2ajw7hqrhuix3ba/app.bsky.feed.post/3mitbuw2mgm2y,bafyreid5vzcwgvfrgwf7fudqea5es24o5naaalqctlsqkvgcu7tvxvog6u,byteseu.bsky.social,did:plc:5zww7zorx2ajw7hqrhuix3ba,BYTESEU,"Japan bets $6.3 billion on physical AI — not to replace workers, but because there are none left to replace

https://www.byteseu.com/1921514/

Japan is deploying AI-powered robots across factories, warehouses, and critical infrastructure at accelerating speed — driven not by a desire to cut …",2026-04-06T12:39:35+00:00,0,0,0,,,,False,robots replace workers,2026-05-25T06:53:33.418187,japan bet billion physical replace worker none left replace japan deploying powered robot across factory warehouse critical infrastructure accelerating speed driven desire cut,-0.817,0.0,0.171,0.829,Negative,3,
at://did:plc:g4hg2zgkv5dyqr35bmjeekc6/app.bsky.feed.post/3misvmxj5kn2j,bafyreiaku54hpzyh74lm3bp3hc2nyzhk5awu4dlugeo4g3dg26cfw3iwza,alojapan.bsky.social,did:plc:g4hg2zgkv5dyqr35bmjeekc6,Alo Japan,"Japan is deploying robots not to replace workers but because there are no workers left to replace

https://www.alojapan.com/1472608/japan-is-deploying-robots-not-to-replace-workers-but-because-there-are-no-workers-left-to-replace/

Japan’s accelerating deployment of AI-powered robots across …",2026-04-06T09:00:22+00:00,1,0,0,,,,False,robots replace workers,2026-05-25T06:53:33.418187,japan deploying robot replace worker worker left replace japan accelerating deployment powered robot across,-0.4215,0.0,0.101,0.899,Negative,3,
at://did:plc:qunibdkghbvronvhdzmuvcvo/app.bsky.feed.post/3missutopkz2t,bafyreic5ymmpdcsj6cs2wavlrp5bvsxlvlehyavjz2cpzg6f7xhirjqzka,newsbot.app.leafplaza.eu,did:plc:qunibdkghbvronvhdzmuvcvo,EU Tech News by LeafPlaza: EU-sovereign social media,Japan is deploying robots not to replace workers but because there are no workers left to replace,2026-04-06T08:11:09.182195Z,0,0,0,,,,False,robots replace workers,2026-05-25T06:53:33.418187,japan deploying robot replace worker worker left replace,-0.4215,0.0,0.149,0.851,Negative,3,
at://did:plc:yix65x3wyuauxf4baznrnuo3/app.bsky.feed.post/3mismy6jbws27,bafyreibyxzji5zvitz2oeo7nbuztlhtxybdxbnakppmv32u5ghlku74hp4,captainbmoney913x.bsky.social,did:plc:yix65x3wyuauxf4baznrnuo3,Captain B-Money [B$],"The military, technology, and AI are currently held by the capitalists. When robots replace workers, the proletariat  will transform from a resource into dead weight. Finite resources leave no room for charity. The elites know the math, “sharing” is not part of their equation.",2026-04-06T06:25:39.632Z,0,0,0,,,,False,robots replace workers,2026-05-25T06:53:33.418187,military technology currently held capitalist robot replace worker proletariat transform resource dead weight finite resource leave room charity elite math sharing part equation,-0.5994,0.055,0.152,0.792,Negative,2,
at://did:plc:jnswabkfbojdsve6w7gddltu/app.bsky.feed.post/3mirs3eqb3c2c,bafyreiajgmbxx3ok7lmldkrelqmsjch5qzlvlzlbio2u3veyfmkgfsotn4,harforddudebum.bsky.social,did:plc:jnswabkfbojdsve6w7gddltu,Ken,"I’m sure he wont do it. He’svgot to save his money to build those data
 Centers in orbit snd lots more robots who can replace human warehouse in workers (who helped him build hid fortune)",2026-04-05T22:24:15.786Z,0,0,0,at://did:plc:ornpixmpy5ts36lh7hmi7wkp/app.bsky.feed.post/3mirp4mg4ck2n,,,True,robots replace workers,2026-05-25T06:53:33.418187,sure wont svgot save money build data center orbit snd lot robot replace human warehouse worker helped build hid fortune,0.6249,0.141,0.036,0.823,Positive,2,
at://did:plc:g4hg2zgkv5dyqr35bmjeekc6/app.bsky.feed.post/3mirqqlmpky2p,bafyreidrnapdp3g24e5xl3kucc2pwrh3gkkwxeh5tm7xfxl3fdhgqrew5q,alojapan.bsky.social,did:plc:g4hg2zgkv5dyqr35bmjeekc6,Alo Japan,"Japan is deploying robots not to replace workers but because there’s no one left to hire

https://www.alojapan.com/1472456/japan-is-deploying-robots-not-to-replace-workers-but-because-theres-no-one-left-to-hire/

While Western discourse around AI remains fixated on job displacement, Japan is …",2026-04-05T22:00:13+00:00,0,0,0,,,,False,robots replace workers,2026-05-25T06:53:33.418187,japan deploying robot replace worker left hire western discourse around remains fixated displacement japan,-0.4215,0.0,0.088,0.912,Negative,3,
at://did:plc:qunibdkghbvronvhdzmuvcvo/app.bsky.feed.post/3mirhbnrmgr2t,bafyreicmlcofrcsguovjsrono2b6d56d2z6qvtyuf5ognpmdbuqvsm2ahy,newsbot.app.leafplaza.eu,did:plc:qunibdkghbvronvhdzmuvcvo,EU Tech News by LeafPlaza: EU-sovereign social media,Japan is deploying robots not to replace workers but because there’s no one left to hire,2026-04-05T19:10:54.573810Z,0,0,0,,,,False,robots replace workers,2026-05-25T06:53:33.418187,japan deploying robot replace worker left hire,-0.4215,0.0,0.157,0.843,Negative,3,
at://did:plc:pzvsflw2yqcqy33kozpt45c4/app.bsky.feed.post/3mimg3qypfs2p,bafyreid23sz4wr7chdxiyjyyyjgyin7uhvwi6nakv4exicymkzxfi7cbmq,athenaforall.bsky.social,did:plc:pzvsflw2yqcqy33kozpt45c4,Athena Coalition,"Amazon wants to replace up to 75% of its warehouse workers with robots by 2033. 

What does that future actually look like? Our friends at @united4respect.bsky.social offer some perspective.
www.fastcompany.com/91514112/wha...",2026-04-03T19:06:25.049Z,1,0,2,,,did:plc:wl276kckbig47st6l62qcugv,False,robots replace workers,2026-05-25T06:53:33.418187,amazon want replace warehouse worker robot future actually look friend bsky social offer perspective,0.743,0.213,0.0,0.787,Positive,3,0.0
at://did:plc:q5qu5sjtn44e7mpyri2qyugv/app.bsky.feed.post/3mikuewminc2j,bafyreift7q3rjbabjrd26kppkihlnry64sczpu37wsjaiifvmlyq2f7bue,jessicaperthwa.bsky.social,did:plc:q5qu5sjtn44e7mpyri2qyugv,Jessica D. M. 🇺🇦 🇦🇺 🇨🇦 🇵🇦 🇬🇱 🪃 🟧,"Americans still on under $8 per hour unable to keep up with inflation whilst billionaires hoard wealth and then do all they can to replace workers with robots and AI, just so they can get more money they don't need",2026-04-03T04:16:45.842Z,0,0,0,at://did:plc:i4ulcycxlr3yugkorjbrcjtd/app.bsky.feed.post/3miku22nvys2h,,,True,robots replace workers,2026-05-25T06:53:33.418187,american per hour unable keep inflation whilst billionaire hoard wealth replace worker robot money need,0.4939,0.076,0.0,0.924,Positive,2,
at://did:plc:ku5v3n4xnzo5c5lgtchkkilj/app.bsky.feed.post/3mihdmtxmnle2,bafyreifhjdgvpzma5iepl4ognrbnwa5vgjeil4it7mm6owapcuv2tnayxa,abesamma.toolsforthought.social.ap.brid.gy,did:plc:ku5v3n4xnzo5c5lgtchkkilj,Abraham Samma🔬🔭 🇦🇺🇹🇿,"The gig economy is actively working to not only replace itself, but the world's entire physical labour market. Oh the irony.

The gig workers who are training humanoid robots at home | MIT Technology Review […]",2026-04-01T18:38:50.000Z,0,0,0,,,,False,robots replace workers,2026-05-25T06:53:33.418187,gig economy actively working replace world entire physical labour market irony gig worker training humanoid robot home mit technology review,0.09,0.045,0.035,0.92,Positive,4,
at://did:plc:nj7iog6v4yov2e7tctmwq6n3/app.bsky.feed.post/3mieqaitkjc2v,bafyreidcdazpv24wzm5fmey6svg6qijlgp3qwqq67ef5t6qaxudhjd3wge,kimoco.bsky.social,did:plc:nj7iog6v4yov2e7tctmwq6n3,Kim,"These BILLIONAIRES are stealing wages while they work to end the jobs these low income workers are doing today and replace them with robots. 

Marc Lore, billionaire is going to take a cut every time you eat if he can. And will steal wages of workers when he can too.",2026-03-31T17:46:43.774Z,1,0,0,,,,False,robots replace workers,2026-05-25T06:53:33.418187,billionaire stealing wage end low income worker today replace robot marc lore billionaire take cut every time eat steal wage worker,-0.8779,0.0,0.194,0.806,Negative,3,
at://did:plc:2mwjrmos7ehjymt4jzprlewx/app.bsky.feed.post/3midzoemdbk2l,bafyreibyxyzldf7oexxap7nfcoklrgpt7cnjdriuqsjbpxjbf2rp2rkmge,jonmasterson.bsky.social,did:plc:2mwjrmos7ehjymt4jzprlewx,Jon Masterson,"Billionaire: We wasted billions trying to replace workers with AI.

Another Billionaire: Let’s waste money to replace workers with robots now.

Billionaire: Great idea!",2026-03-31T11:02:53.046Z,0,0,0,,,,False,robots replace workers,2026-05-25T06:53:33.418187,billionaire wasted billion trying replace worker another billionaire let waste money replace worker robot billionaire great idea,-0.2942,0.131,0.2,0.669,Negative,3,
at://did:plc:jlpjjlapallqqzkqssipyonk/app.bsky.feed.post/3micokdsr3226,bafyreif3lkpvjdx3wt23ba77ovfpkatn2d2ukcictftpuypervrcfgpz6q,nwu.org,did:plc:jlpjjlapallqqzkqssipyonk,National Writers Union,"""The goal of AI, as people like Musk see it, is to replace workers with robots and to gain more power over those workers because they'll just be interchangeable parts and not people whose knowledge and whose skill is used and respected."" @edwardhasbrouck.bsky.social www.youtube.com/watch?v=_8UP...",2026-03-30T22:11:07.091Z,2,0,2,,,did:plc:qvgowosfeq5igmz4dfudabzd,False,robots replace workers,2026-05-25T06:53:33.418187,goal musk see replace worker robot gain power worker interchangeable part whose knowledge whose skill used respected bsky social,0.8402,0.18,0.0,0.82,Positive,3,1.0
at://did:plc:gpwojbarq4lyufbghp7hfkqo/app.bsky.feed.post/3mibqyeohhs2b,bafyreibhl2ex2bcpkzoogixee2itgsdmxvh3xp3ub6mmvexgd7vsma3gxi,jimmurmac.bsky.social,did:plc:gpwojbarq4lyufbghp7hfkqo,Jim Murphy,We must tax the oligarchs into submission.  They have let us know that they intend to kill all workers and replace them with robots or AI.  Just so they can have it all.  This must be stopped.,2026-03-30T13:22:05.508Z,16,0,0,at://did:plc:5o6k7jvowuyaquloafzn3cfw/app.bsky.feed.post/3mibpx34hq22w,,,True,robots replace workers,2026-05-25T06:53:33.418187,must tax oligarch submission let intend kill worker replace robot must stopped,-0.765,0.0,0.159,0.841,Negative,3,
at://did:plc:jjbsxatjvw35joagnd6ythxg/app.bsky.feed.post/3mi45xuejsk2o,bafyreibpxbeawtyajflrmys6pzyksgyisdmfsx4iceoiwxojshecelp6ka,t0nyyates.bsky.social,did:plc:jjbsxatjvw35joagnd6ythxg,Tony Yates,"This is not going to happen.  There is not a fixed lump of work.  Robots, like any other automation, will replace some work, complement other work making workers more productive, and create new work.",2026-03-28T07:58:28.619Z,9,1,2,at://did:plc:jjbsxatjvw35joagnd6ythxg/app.bsky.feed.post/3mi45w4uxh22o,,,True,robots replace workers,2026-05-25T06:53:33.418187,happen fixed lump robot automation replace complement making worker productive create new,0.5945,0.132,0.0,0.868,Positive,3,
at://did:plc:2iznynu6p5gts53pxhd6ipxi/app.bsky.feed.post/3mi2zjp3dhk2a,bafyreigxyvqrexckayx5azo5yk4dqv7ub6lw5nh4jqcnvgbt4tggm3kjqu,xenubarb.bsky.social,did:plc:2iznynu6p5gts53pxhd6ipxi,Xenubarb,"No worries.  If robots and AI replace human workers,  who's left to buy the crap they churn out? Will it just ultimately be a few dozen billionaires selling crap to each other?",2026-03-27T21:06:18.607Z,3,1,0,at://did:plc:keg3c3lhpxiihjho4e7auzaq/app.bsky.feed.post/3mi2qvqso722o,,,True,robots replace workers,2026-05-25T06:53:33.418187,worry robot replace human worker left buy crap churn ultimately dozen billionaire selling crap,-0.4986,0.063,0.151,0.786,Negative,2,
at://did:plc:553fw2mah3vothl7jtetqb4l/app.bsky.feed.post/3mhysqxuzm22y,bafyreidb2fguqrvjbs2hg6lkt2zuoemqk4fxb2wqsufzhyxo6evl5vejjq,iamzeroboi.bsky.social,did:plc:553fw2mah3vothl7jtetqb4l,zeroboi⭐️,"Amazon’s own internal documents show plans to replace 600,000 warehouse workers with robots by 2033. You can’t automate away your workforce and expect the consumer economy to hold.",2026-03-26T23:59:47.049Z,11,0,2,at://did:plc:xjc7mkotpenvhh6ffewkdpyn/app.bsky.feed.post/3mhyse4os4s2b,,,True,robots replace workers,2026-05-25T06:53:33.418187,amazon internal document show plan replace warehouse worker robot automate away workforce expect consumer economy hold,0.0,0.0,0.0,1.0,Neutral,3,
at://did:plc:72htmkepan3scqxp4f5xn5rp/app.bsky.feed.post/3mhy6n32b2s2o,bafyreigolsqklshphqdj5hzkzux345h4tn27cq2mgr2ez7hu65mez35msa,jimuari.bsky.social,did:plc:72htmkepan3scqxp4f5xn5rp,,Musk and the super rich are rushing to build both AI and billions of robots. They are willing to spend hundreds of millions on political campaigns to get government to allow them to work without consequences. They want to replace workers with machines. Without a job how will you live?,2026-03-26T17:59:41.311Z,1,0,0,,,,False,robots replace workers,2026-05-25T06:53:33.418187,musk super rich rushing build billion robot willing spend hundred million political campaign government allow without consequence want replace worker machine without live,0.8473,0.166,0.022,0.812,Positive,3,
at://did:plc:cawhz6iowc7rmwbhcozywc5k/app.bsky.feed.post/3mhy2dtxldk2q,bafyreig2k337bvqm6w4actustvhqasiptm7kb6ih3wo372isu4tmx63iom,nataliemonarrez.bsky.social,did:plc:cawhz6iowc7rmwbhcozywc5k,Natalie Monarrez,"Sen. Bernie Sanders is demanding that Amazon founder Jeff Bezos testify about plans to use robots powered by artificial intelligence to replace human workers.
www.commondreams.org/news/bernie-...",2026-03-26T16:42:56.927Z,0,0,0,,,,False,robots replace workers,2026-05-25T06:53:33.418187,sen bernie sander demanding amazon founder jeff bezos testify plan use robot powered replace human worker,0.4404,0.167,0.066,0.767,Positive,1,
at://did:plc:72htmkepan3scqxp4f5xn5rp/app.bsky.feed.post/3mhx76vkcrs2l,bafyreic262nr2gvnfcerwycwgyxxl6ogke35f7eur36j47i42sjwlywnmu,jimuari.bsky.social,did:plc:72htmkepan3scqxp4f5xn5rp,,Tech companies are building AI and Robots for PROFITS and not for you. When these systems can replace workers these companies will fire YOU.  Governments must protect the workers NOW. Right now Tech companies pay the politicians and therefore operate without rules. They are already replacing people.,2026-03-26T08:36:59.787Z,0,0,0,,,,False,robots replace workers,2026-05-25T06:53:33.418187,tech company building robot profit system replace worker company fire government must protect worker right tech company pay politician therefore operate without rule replacing,0.5319,0.118,0.072,0.811,Positive,3,
at://did:plc:qt27yjc5jodefy6n7u3btl4f/app.bsky.feed.post/3mhwobwbxdk2y,bafyreie6j6hknryq2yoqkaqed5rjjp3vijkkj632xd53xf7pbh6xkg2nqq,bringmayflowers.bsky.social,did:plc:qt27yjc5jodefy6n7u3btl4f,April Showers,"From what I've seen, they're trying to get AI to a point where they can replace workers so that the masses are generally made redundant for the purposes of ""serving"" them, then after that... I dunno, I guess they just get robots to do everything and live like the people on the ship in Wall-E?",2026-03-26T03:34:27.615Z,1,1,0,at://did:plc:3i5i62mvwgwdh3433spunflx/app.bsky.feed.post/3mhwiafd2ns24,,,True,robots replace workers,2026-05-25T06:53:33.418187,seen trying point replace worker mass generally made redundant purpose serving dunno guess robot everything live ship wall,0.3612,0.044,0.0,0.956,Positive,0,
at://did:plc:qg6k6jgvgygfw37jakhfuwyk/app.bsky.feed.post/3mhvtmo2cd22v,bafyreiaiz2brubms63x6gbt6xiypsl6bcxkt5tdxtctng22wisvm4s5tk4,rigolett0.bsky.social,did:plc:qg6k6jgvgygfw37jakhfuwyk,,Think about it… Billionaires who don’t pay taxes are going to replace millions of workers (who will no longer be able to pay taxes) with robots and AI…which don’t pay taxes. And the governments that rely on taxes don’t see a problem?,2026-03-25T19:37:17.044Z,0,0,1,,,,False,robots replace workers,2026-05-25T06:53:33.418187,billionaire pay tax replace million worker longer able pay tax robot pay tax government rely tax see problem,-0.7269,0.0,0.197,0.803,Negative,2,
at://did:plc:huj6l6qy5kh3wewxev6ts6z2/app.bsky.feed.post/3mhuywfbqpk2a,bafyreifkp77svc5zrtddgwrzeicwdlkx6l4sf4eozx5tnesqpqmschvlfq,donkadooballs.bsky.social,did:plc:huj6l6qy5kh3wewxev6ts6z2,Donkadooballs,"They have this problem with any things. They want an AI woman as well. They want to replace women with AI lovers so they can say ""see, we dont need you."" They want to replace workers with robots because they can't control them. Its just endless insecurity and wanting revenge on everyone else for it",2026-03-25T11:39:32.367Z,2,0,0,at://did:plc:x4rkbrazjqyyun5ysut2wq43/app.bsky.feed.post/3m6hmnodye22e,,,True,robots replace workers,2026-05-25T06:53:33.418187,problem thing want woman want replace woman lover see dont need want replace worker robot control endless insecurity wanting revenge everyone else,-0.4451,0.143,0.142,0.715,Negative,3,
at://did:plc:4t6nmvg33f467hh2brxqn22g/app.bsky.feed.post/3mhunmsnwb22z,bafyreig7azzjrqbmpfd3srwhgykindvdssssve37a5ziezubjgfcnenwfq,scottadolan.bsky.social,did:plc:4t6nmvg33f467hh2brxqn22g,Scott Dolan,"Like, beyond the obvious moral issues, expecting humanoid robots to replace human workers is like trying to invent a car with feet.",2026-03-25T08:17:19.693Z,2,1,1,,,,False,robots replace workers,2026-05-25T06:53:33.418187,beyond obvious moral issue expecting humanoid robot replace human worker trying invent car foot,0.6124,0.2,0.0,0.8,Positive,3,
at://did:plc:r2y6rml6iyqytv6q2ri6m66y/app.bsky.feed.post/3mhtgyjgf6k2r,bafyreidzquiewcfngrmjlp4bk2w3fswf5yhcms3d6knnx63y7rlvg4y4he,rodneyabrooks.bsky.social,did:plc:r2y6rml6iyqytv6q2ri6m66y,Rodney Brooks,"My full time day job, CTO @2. Robust.ai
For building robots that help warehouse workers, not replace them
... among that growing group, Robust.ai stands out for its emphasis on developing situationally aware robots that can work alongside people.  www.fastcompany.com/91497289/rob...",2026-03-24T20:45:56.730Z,15,1,0,,,,False,robots replace workers,2026-05-25T06:53:33.418187,full time day cto robust building robot help warehouse worker replace among growing group robust stand emphasis developing situationally aware robot alongside,0.5267,0.104,0.0,0.896,Positive,3,
at://did:plc:qmtb4w272so2dzmwf6l3xczq/app.bsky.feed.post/3mhtembot5c25,bafyreia5gskmtrs27pvomrreupxk35nj4xngbuymrvsztai3evzx5n7rje,stevetiger.bsky.social,did:plc:qmtb4w272so2dzmwf6l3xczq,Steve_Tiger,"A call to boycott Amazon!
Multibillionaire Trump-supporter Jeff Bezos does NOT create jobs; he is leading a huge program to replace workers in many industries with robots and AI.
We quit Amazon prime, no longer shop at Whole Foods, and stopped ordering stuff on-line through Amazon.
And life goes on!",2026-03-24T20:03:18.482Z,2,0,0,,,,False,robots replace workers,2026-05-25T06:53:33.418187,call boycott amazon multibillionaire trump supporter jeff bezos create leading huge program replace worker many industry robot quit amazon prime longer shop whole food stopped ordering stuff line amazon life go,-0.3395,0.127,0.151,0.722,Negative,3,
at://did:plc:5wypgl46tgtsh3hsl6me4srb/app.bsky.feed.post/3mht47xtmyc2f,bafyreiam3pgcbqig7ldhh3cgrm773botdpik2rublcb5ucinerhjht5mfi,toddbohannon.bsky.social,did:plc:5wypgl46tgtsh3hsl6me4srb,Todd (they/them) #AbolishThePolice ,"“We must demand that Mr. Bezos come before our committee to explain to the American people why he believes it’s a good idea to replace millions of American workers with robots,” —Sen Bernie Sanders. www.commondreams.org/news/bernie-...",2026-03-24T17:33:15.566Z,1,0,1,,,,False,robots replace workers,2026-05-25T06:53:33.418187,must demand bezos come committee explain american belief good idea replace million american worker robot sen bernie sander,0.34,0.078,0.04,0.882,Positive,1,
at://did:plc:5wypgl46tgtsh3hsl6me4srb/app.bsky.feed.post/3mht44pnep22f,bafyreibysya25gzfg4ysmp5cye5c3xgvech37eunwakk2ji6s5z6ckvt2y,toddbohannon.bsky.social,did:plc:5wypgl46tgtsh3hsl6me4srb,Todd (they/them) #AbolishThePolice ,“Sen. Bernie Sanders is demanding that Amazon founder Jeff Bezos testify about plans to use robots powered by artificial intelligence to replace human workers” www.commondreams.org/news/bernie-...,2026-03-24T17:31:26.308Z,2,0,1,,,,False,robots replace workers,2026-05-25T06:53:33.418187,sen bernie sander demanding amazon founder jeff bezos testify plan use robot powered replace human worker,0.4404,0.167,0.066,0.767,Positive,1,
at://did:plc:xuemqxr2ddetamkekhpst3wg/app.bsky.feed.post/3mhro3air7k2t,bafyreibosssf6k35zbqg6zwvl32auc7iwiopqysmqpqnt6gd46oo7wtxvm,pauleric70.bsky.social,did:plc:xuemqxr2ddetamkekhpst3wg,Paul Eric,"🚨 Bernie Sanders just said what everyone's thinking but nobody with money will say.

Jeff Bezos is worth $234 billion.. plans to replace 600,000 Amazon workers with robots.. and is raising $100 billion to buy factories and automate them.

he's not building jobs.. he's buying companies to delete them",2026-03-24T03:47:24.751Z,37,5,21,,,,False,robots replace workers,2026-05-25T06:53:33.418187,bernie sander everyone thinking nobody money jeff bezos worth billion plan replace amazon worker robot raising billion buy factory automate building buying company delete,0.5267,0.082,0.0,0.918,Positive,1,
at://did:plc:gnis2x6indksjpsnefla7iyf/app.bsky.feed.post/3mhrelgui3k2t,bafyreiaukrco2xl4yvmvshmvg56rx32vls7hkcdpd3neaw5wn5ssbtkrpi,jusmom.bsky.social,did:plc:gnis2x6indksjpsnefla7iyf,,That's why No Corporate/Business Tax Breaks for Corporations or Businesses who replace employees/workers with robots. We cannot allow this to be normalized.,2026-03-24T00:57:30.879Z,3,1,0,at://did:plc:upw5n2uwhzubjajdtqaufsek/app.bsky.feed.post/3mhr24hesbk2i,sanders.senate.gov,,True,robots replace workers,2026-05-25T06:53:33.418187,corporate business tax break corporation business replace employee worker robot allow normalized,-0.434,0.0,0.162,0.838,Negative,2,11.0
at://did:plc:5ilvyk7qav7yzlz7tesrhwrc/app.bsky.feed.post/3mhrdbdptjk2r,bafyreiddpr6hzpnrkkytr3goittadahoihgnwkg5t522vtkyjktruwp3ya,joey-pererez.bsky.social,did:plc:5ilvyk7qav7yzlz7tesrhwrc,Los Paranoias,"Yes but also many workers will be need to make the robots. However, yes a number of jobs would be lost. 
Anyhow, Bezos is dreaming. You cannot replace ALL the workers in a factory. I would say half maximum. So the other half can go to make the robots.",2026-03-24T00:33:58.295Z,0,0,0,at://did:plc:upw5n2uwhzubjajdtqaufsek/app.bsky.feed.post/3mhr24hesbk2i,sanders.senate.gov,,True,robots replace workers,2026-05-25T06:53:33.418187,yes many worker need robot however yes number lost anyhow bezos dreaming replace worker factory half maximum half robot,0.4404,0.125,0.054,0.821,Positive,3,11.0
at://did:plc:teyc2o7qvodkns5sj3xipxop/app.bsky.feed.post/3mhr6twctvk2f,bafyreick3wwtwz3dqayohrhr44lqyesxbqhhlz73ehowtsjkinrbzbt5mq,penboyasgod.bsky.social,did:plc:teyc2o7qvodkns5sj3xipxop,,"‪Senator Bernie Sanders‬

Jeff Bezos, worth $233 B, wants to raise $100 B to replace factory workers with robots. 

That’s a declaration of war against the working class.

He must explain to the American people what happens when millions lose their jobs. How will they survive?",2026-03-23T23:14:53.058Z,1,0,0,,,,False,robots replace workers,2026-05-25T06:53:33.418187,senator bernie sander jeff bezos worth want raise replace factory worker robot declaration war working class must explain american happens million lose survive,-0.6908,0.037,0.128,0.835,Negative,3,
at://did:plc:7sfwkyuccrzpsbtz723po5bh/app.bsky.feed.post/3mhr6mnxnlp2d,bafyreih5df4sowoe726wn4sraiy3mvp6ruxejt2gt7yaqzbknhpnobdjzu,tickertap.bsky.social,did:plc:7sfwkyuccrzpsbtz723po5bh,TickerTap,"📰 [NEWS] BERNIE SANDERS HAS SAID: JEFF BEZOS, WORTH &#036;234 BILLION, PLANS TO REPLACE 600,000 AMAZON WORKERS WITH ROBOTS. NOW, HE WANTS TO SPEND &#036;100 BILLION TO FULLY AUTOMATE NOT JUST HIS WAREHOUSES, B...

https://t.me/marketfeed/918788

⚡ Live alerts: https://t.me/MarketNewsDispatch",2026-03-23T23:10:49.293Z,0,0,0,,,,False,robots replace workers,2026-05-25T06:53:33.418187,news bernie sander jeff bezos worth billion plan replace amazon worker robot want spend billion fully automate warehouse live alert,0.6207,0.118,0.0,0.882,Positive,1,
at://did:plc:nkmjenkcwmpgowwnsoclc3t2/app.bsky.feed.post/3mhr2l7wtkc2s,bafyreibovqhcafqjtty3vdrtxv5pjzjz2r7ugavbjfvlrbw364745f7evm,noknot01.bsky.social,did:plc:nkmjenkcwmpgowwnsoclc3t2,,"This isn’t anything new, really. Factory workers have been replaced by robots.  That’s been true for decades.

They need to ask themselves, though - if they replace their workers with robots, who is going to buy their products?",2026-03-23T21:58:26.197Z,1,0,0,at://did:plc:upw5n2uwhzubjajdtqaufsek/app.bsky.feed.post/3mhr24hesbk2i,sanders.senate.gov,,True,robots replace workers,2026-05-25T06:53:33.418187,anything new factory worker replaced robot true decade need ask though replace worker robot buy product,0.4215,0.07,0.0,0.93,Positive,3,11.0
at://did:plc:3i66m4j7mevyn6tmfdfhiore/app.bsky.feed.post/3mhr2gs6bms2m,bafyreiah4rd5wiwxjxpgfrirxmzywdsjuybyoc77axno2xywj6x5fdj7yu,realitycheck.bsky.social,did:plc:3i66m4j7mevyn6tmfdfhiore,reality check 🤔😕😢,"Hauling in Bezos to testify in front of Congress is good.

But AI and robots are going to replace millions of workers, both factory and knowledge workers.

As the oligarchs hoard the profits from technology, UBI will be necessary to keep the jobless millions alive. And avoid a revolution.",2026-03-23T21:55:57.543Z,3,0,0,at://did:plc:upw5n2uwhzubjajdtqaufsek/app.bsky.feed.post/3mhr24hesbk2i,sanders.senate.gov,,True,robots replace workers,2026-05-25T06:53:33.418187,hauling bezos testify front congress good robot replace million worker factory knowledge worker oligarch hoard profit technology ubi necessary keep jobless million alive avoid revolution,0.7506,0.161,0.049,0.789,Positive,1,11.0
at://did:plc:upw5n2uwhzubjajdtqaufsek/app.bsky.feed.post/3mhr24hesbk2i,bafyreie7asb63mcmomee2vwlafpde6cutf3x4s6tcfb37z4tq2fryiwyri,sanders.senate.gov,did:plc:upw5n2uwhzubjajdtqaufsek,Senator Bernie Sanders,"Jeff Bezos, worth $233 billion, wants to raise $100 billion to replace factory workers with robots. 

That’s a declaration of war against the working class.

He must explain to the American people what happens when millions lose their jobs. How will they survive?",2026-03-23T21:50:10.675Z,2299,151,667,,,,False,robots replace workers,2026-05-25T06:53:33.418187,jeff bezos worth billion want raise billion replace factory worker robot declaration war working class must explain american happens million lose survive,-0.6908,0.039,0.136,0.825,Negative,3,11.0
at://did:plc:d6fjntmr2y2hctvp44w6ojic/app.bsky.feed.post/3mhqmf4rjic26,bafyreidqi6qjbscydd4f2b2ii3cv37pb2g45p3fpjxov4trlkxsvnmwzza,maroonphoenix.bsky.social,did:plc:d6fjntmr2y2hctvp44w6ojic,Maroon Phoenix,"Right. I was saying they want to fantasize they can entirely replace their workers with robots but it is just that right now, a fantasy. What they’ll realize is they still need a bunch of humans to manage the robots, and they’ll want to pay them less of course. That’s the BS.",2026-03-23T17:44:29.165Z,1,1,0,at://did:plc:lqtu6pywg74utkmoxbxybcwb/app.bsky.feed.post/3mhqdyyejm22k,,,True,robots replace workers,2026-05-25T06:53:33.418187,right saying want fantasize entirely replace worker robot right fantasy realize need bunch human manage robot want pay less course,-0.0,0.049,0.03,0.921,Neutral,3,
at://did:plc:okgnh2leaxqcp3socm7kwptw/app.bsky.feed.post/3mhqlo2ix5s2v,bafyreicoz2ecpfmfadeqkew5tzja5nyywjc7ylnh2fvhtc4iw36b3dgmpe,anarchoterran.bsky.social,did:plc:okgnh2leaxqcp3socm7kwptw,AnarchoTerran,All robots and/or AIs that replace human workers should be paid a salary that is automatically donated to paying a minimum livable wage to unemployed humans.,2026-03-23T17:31:35.036Z,1,0,1,,,,False,robots replace workers,2026-05-25T06:53:33.418187,robot ai replace human worker paid salary automatically donated paying minimum livable wage unemployed human,0.0,0.0,0.0,1.0,Neutral,3,
at://did:plc:sxxnhzipsapdm5inx44fr322/app.bsky.feed.post/3mhqidww73c2w,bafyreibpzjtrbz2eguvg6dqiy3f3buqpkmsg3xr6wdm6xratba26v3zuvy,dasharez0ne.bsky.social,did:plc:sxxnhzipsapdm5inx44fr322,da share z0ne,NEVER - dashare.zone ADMIN,2026-03-23T16:32:14.492Z,1153,0,327,,,,False,robots replace workers,2026-05-25T06:53:33.418187,never dashare zone admin,0.0,0.0,0.0,1.0,Neutral,0,
at://did:plc:j3a3h4o32oengsvsx3ledfb3/app.bsky.feed.post/3mhofaos7b22p,bafyreic6igpbwjs5vp3rbaoutchggi2tt74lvfxe7qgf3hm3vzyw5ggqsu,alpinealtd.bsky.social,did:plc:j3a3h4o32oengsvsx3ledfb3,Buck Liberty,Bezos is raising $100 billion to replace workers with robots search.app/1DKSP,2026-03-22T20:31:24.620Z,1,0,0,,,,False,robots replace workers,2026-05-25T06:53:33.418187,bezos raising billion replace worker robot search app dksp,0.0,0.0,0.0,1.0,Neutral,3,
at://did:plc:bxhattylmje2ejjnb7qisrx2/app.bsky.feed.post/3mho6byprp22b,bafyreiert74w3uuqcglm3lgoqfehxbkdvy66pxcx5kjqcq2xlc3ajrfhhe,igdilemma.bsky.social,did:plc:bxhattylmje2ejjnb7qisrx2,,"Trump, the 7 day a week worker?

That's rich 

Plus a, ""it's biblical...Americans believe in dignity of work"" bs while this week Bezos was in news for $100 billion Promethius project to replace workers with robots.
That's some Biblical Dignity for you.

Fuck their whole crowd.",2026-03-22T18:26:52.385Z,26,0,1,at://did:plc:zjkfkzunzinds2ozg6uidsiv/app.bsky.feed.post/3mho5lgo3uc27,,,True,robots replace workers,2026-05-25T06:53:33.418187,trump day week rich plus biblical american believe dignity week bezos news billion promethius project replace worker robot biblical dignity fuck whole crowd,0.6705,0.165,0.064,0.771,Positive,3,
at://did:plc:co67wsvrfwahz6uahkyaq7ya/app.bsky.feed.post/3mhn422orrs2q,bafyreiedauz6dhj53i5unszyxu4vsvtlu6onjbbgfs72pt6dscdrwwzt7i,dann1960.bsky.social,did:plc:co67wsvrfwahz6uahkyaq7ya,Dann,"www.youtube.com/shorts/bnWp0... #berniesanders #bezos

Jeff Bezos, one of the richest men on earth, is raising $100 billion to replace workers with robots around the world. 

The oligarchs want it all. Not going to happen.

Stand up and FIGHT BACK.

Senator Bernie Sanders (I-VT)",2026-03-22T08:13:58.795Z,4,0,1,,,,False,robots replace workers,2026-05-25T06:53:33.418187,berniesanders bezos jeff bezos richest men earth raising billion replace worker robot around world oligarch want happen stand fight back senator bernie sander,0.0943,0.1,0.071,0.829,Positive,1,
at://did:plc:qzuye5vkom7g2lgrxa5x2uwc/app.bsky.feed.post/3mhlmbhort22x,bafyreigbbnud7oif5zfgjkmrz5vwyylim7nfoib2l2zzh2vtttykgadhoq,freeairgstring.bsky.social,did:plc:qzuye5vkom7g2lgrxa5x2uwc,Freefly,"Robots are going to replace the workers in reality due to the technology revolution.  However, the lawmakers should focus on how to prevent the earning gaps from becoming larger between the rich and the poor. Possible to tax him the same amount of money to create new jobs for the workers?",2026-03-21T17:59:07.700Z,0,0,0,at://did:plc:upw5n2uwhzubjajdtqaufsek/app.bsky.feed.post/3mhjhtzsufk2g,sanders.senate.gov,,True,robots replace workers,2026-05-25T06:53:33.418187,robot replace worker reality due technology revolution however lawmaker focus prevent earning gap becoming larger rich poor possible tax amount money create new worker,0.4019,0.12,0.054,0.826,Positive,3,11.0
at://did:plc:crnqz2d2nprmo5gdkcjdwi2c/app.bsky.feed.post/3mhlkhz23fs2r,bafyreidu7b7vp23ozca7scrmgueuxrpkdvvei3yijqfhxjwupya765jpre,billieo2.bsky.social,did:plc:crnqz2d2nprmo5gdkcjdwi2c,Billie,This…,2026-03-21T17:26:59.734Z,1,0,0,,,,False,robots replace workers,2026-05-25T06:53:33.418187,,0.0,0.0,0.0,1.0,Neutral,-1,
at://did:plc:5h5virvb5ugrze67zgqbelpj/app.bsky.feed.post/3mhlfeergy22u,bafyreiaskekts5fx2guxwmaxpnulh5rzvw6wj4uo2auxibkiglt27c7t2q,tomhunt.bsky.social,did:plc:5h5virvb5ugrze67zgqbelpj,tom,"The 1927 movie Metropolis uses robots as a metaphor for the industrial-era working class. Eventually robots are built for real and replace these people. Work commodified. Jobs leave. People are screwed.

Extend that metaphor to the information era and what do you get? AI as knowledge workers.",2026-03-21T15:55:29.093Z,0,0,0,,,,False,robots replace workers,2026-05-25T06:53:33.418187,movie metropolis us robot metaphor industrial era working class eventually robot built real replace commodified leave screwed extend metaphor information era knowledge worker,-0.4019,0.034,0.088,0.878,Negative,3,
at://did:plc:jv2cnfemhfjbxlbcivomwo2q/app.bsky.feed.post/3mhldwf7urc24,bafyreicl6kebotg4mtyuzygrim44srv5b76jks2nhof6fdvydeq2lj2c3u,blythegryphon2.bsky.social,did:plc:jv2cnfemhfjbxlbcivomwo2q,Blythe Gryphon,"Jeff Bezos and Elon Musk, among others, intend to replace human workers with robots. 
Essentially, they are making their new work force in their own image: devoid of empathy & a functioning conscience. 

This will backfire! 

#SocialistSunday",2026-03-21T15:29:46.082Z,4,2,1,,,,False,robots replace workers,2026-05-25T06:53:33.418187,jeff bezos elon musk among others intend replace human worker robot essentially making new force image devoid empathy functioning conscience backfire socialistsunday,0.0,0.0,0.0,1.0,Neutral,3,
at://did:plc:m7kre5dylhegddappy6d3zs5/app.bsky.feed.post/3mhl7kyelok2b,bafyreicz4wce3yrevz2l5j5bp7la7rawfyubp5tecwtmgar6km5zbugeyu,hondo61s.bsky.social,did:plc:m7kre5dylhegddappy6d3zs5,,"When robots replace all the workers, who is going to buy the products that these rich bitches make? The average worker will have no money unless our society turns socialists so that the government doles out you menial job, pay and housing so you can buy the products produced by these fascists.",2026-03-21T14:11:48.537Z,0,0,0,at://did:plc:upw5n2uwhzubjajdtqaufsek/app.bsky.feed.post/3mhjhtzsufk2g,sanders.senate.gov,,True,robots replace workers,2026-05-25T06:53:33.418187,robot replace worker buy product rich bitch average money unless society turn socialist government dole menial pay housing buy product produced fascist,-0.5719,0.06,0.155,0.785,Negative,2,11.0
at://did:plc:youbdscdbz3fl74jdyqnbq56/app.bsky.feed.post/3mhl6vr3gss2c,bafyreif3a6vbtmnxix7ofzsk2zkhsu4ozinm727uezej6mz23gssoeni3y,propugnaculum.bsky.social,did:plc:youbdscdbz3fl74jdyqnbq56,,"Would you agree AI is intended to replace white collar workers in the same way robots will replace blue collar workers? If so, I would suggest we know it well enough.",2026-03-21T13:59:56.255Z,0,1,0,at://did:plc:m37h2vvmnankfh3b67ndx47l/app.bsky.feed.post/3mhl2ldqchs2i,,,True,robots replace workers,2026-05-25T06:53:33.418187,agree intended replace white collar worker way robot replace blue collar worker suggest enough,0.5574,0.137,0.0,0.863,Positive,0,
at://did:plc:wq2on7swifwetvyggsyoe2v3/app.bsky.feed.post/3mhkrf3e5gc2p,bafyreigurs22474hcuinf75cep47jnk74xvq277ykduyo7jjjep3znmcq4,murahmeriah343.bsky.social,did:plc:wq2on7swifwetvyggsyoe2v3,Bitcoin update,"Jeff Bezos, one of the richest men on earth, is raising $100 billion to replace workers with robots around the world. 

The oligarchs want it all. Not going to happen.

Stand up and FIGHT BACK.",2026-03-21T09:57:57.957Z,0,0,0,,,,False,robots replace workers,2026-05-25T06:53:33.418187,jeff bezos richest men earth raising billion replace worker robot around world oligarch want happen stand fight back,0.0943,0.117,0.083,0.799,Positive,1,
at://did:plc:d2zt3ncgftr4izlx5fnqwp2g/app.bsky.feed.post/3mhkf6rrpas2d,bafyreibwsyqwhmiowrf7zlisb5ys5cuyjuy2y7aatwl33djdjz6qokgcuu,englishmansdcc.bsky.social,did:plc:d2zt3ncgftr4izlx5fnqwp2g,Leonard Sultana (An Englishman In San Diego),"Whenever I see an ad for Amazon and it's about accommodating warehouse workers for holiday time to spend with their kids or about training for new skills in the workplace, I'm constantly reminded that Jeff would love nothing more to replace them all with robots at every level, in a heartbeat.",2026-03-21T06:19:41.688Z,3,1,0,,,,False,robots replace workers,2026-05-25T06:53:33.418187,whenever see amazon accommodating warehouse worker holiday time spend kid training new skill workplace constantly reminded jeff love nothing replace robot every level heartbeat,0.8225,0.152,0.0,0.848,Positive,3,
at://did:plc:ny4t5aqqh54xdpfx75slvmre/app.bsky.feed.post/3mhk6flayppl2,bafyreihxap6z3ndhuuia7lcjvnu6gqh7gxpgz424oc7pghdrsouuma5rxm,powerfromspace1.mstdn.social.ap.brid.gy,did:plc:ny4t5aqqh54xdpfx75slvmre,PKs Powerfromspace1,"@sanders.senate.gov

Jeff Bezos, one of the richest men on earth, is raising $100 billion to replace workers with robots around the world.

The oligarchs want it all. Not going to happen.

Stand up and FIGHT BACK.
",2026-03-21T04:18:10.000Z,0,0,0,,,did:plc:upw5n2uwhzubjajdtqaufsek,False,robots replace workers,2026-05-25T06:53:33.418187,senate gov jeff bezos richest men earth raising billion replace worker robot around world oligarch want happen stand fight back,0.0943,0.115,0.081,0.804,Positive,1,3.0
at://did:plc:avtadunc2ezm7bkaf3ehj6sg/app.bsky.feed.post/3mhk2blftlk2t,bafyreidjafcrvfog5zlmtk4tyahrrxb3yn72l643ss63rprttgbfezmeri,gemmeri.bsky.social,did:plc:avtadunc2ezm7bkaf3ehj6sg,Gemmeri,Elitists making people suffer needlessly every damn day. They say Jeff Bezos is all tired of human employees & wishes to replace workers with robots. Apparently the human condition is just too onerous for him. The money just outweighs all other considerations. It's the stock dividends & a lot more.,2026-03-21T03:04:24.510Z,2,0,0,at://did:plc:naqoj5ohckdvcjlhlwa4cgw3/app.bsky.feed.post/3mhjwqguuqc26,,,True,robots replace workers,2026-05-25T06:53:33.418187,elitist making suffer needlessly every damn day jeff bezos tired human employee wish replace worker robot apparently human condition onerous money outweighs consideration stock dividend lot,-0.8176,0.028,0.16,0.811,Negative,3,
at://did:plc:jgciqemb4cyyf4cbptyinxxz/app.bsky.feed.post/3mhjt7mgdbc2s,bafyreiddpz274owja3fdvpqzdusbgpg3dkexxpwjbc62pzgssxdkz7bnfy,ericmcflippenbirdy.bsky.social,did:plc:jgciqemb4cyyf4cbptyinxxz,Eric Paul C,"Maybe the best way to fight back against like Bezos' 100 billion replace-workers-with-robots scheme is the 2 day workweek. 
Making crazy-unfair things a new legal status quo works both ways, jerks.",2026-03-21T00:58:02.273Z,1,0,0,,,,False,robots replace workers,2026-05-25T06:53:33.418187,maybe best way fight back bezos billion replace worker robot scheme day workweek making crazy unfair thing new legal status quo work way jerk,0.5423,0.211,0.121,0.668,Positive,3,
at://did:plc:spfkgsqetnnmj6fvdaupsccj/app.bsky.feed.post/3mhjsves54s2d,bafyreicq74z4ixldaobheonq5ga5ie3jdpoyg3zlbfaarzshf6bmufscw4,yehmenmudpuppy.bsky.social,did:plc:spfkgsqetnnmj6fvdaupsccj,Y. Mudpuppy,"Well, this has been ongoing. Trump shrieks about manufacturing jobs, but the fact is, most manufacturing jobs were automated years ago. I went to an expo to see robots intended to replace farm workers a couple of years ago. That will cause massive job loss worldwide.",2026-03-21T00:52:18.726Z,0,0,0,at://did:plc:4u3hwe3p7oy3hoy3amlw7rp2/app.bsky.feed.post/3mhj5kdihjg2m,,,True,robots replace workers,2026-05-25T06:53:33.418187,ongoing trump shriek manufacturing fact manufacturing automated year ago went expo see robot intended replace farm worker couple year ago cause massive loss worldwide,-0.34,0.032,0.061,0.907,Negative,4,
at://did:plc:we66bgqwfmlpreibnulyq6e3/app.bsky.feed.post/3mhjsbe5hnc24,bafyreigjywnhixpo3nwnb7fyt37fynfaxlp6khbcrlpj76zy3ayvgig7li,penquin1943.bsky.social,did:plc:we66bgqwfmlpreibnulyq6e3,,"Jeff Bezos, one of the richest men on earth, is raising $100 billion to replace workers with robots around the world. 

The oligarchs want it all. Not going to happen.

Stand up and FIGHT BACK.",2026-03-21T00:41:06.962Z,0,0,0,,,,False,robots replace workers,2026-05-25T06:53:33.418187,jeff bezos richest men earth raising billion replace worker robot around world oligarch want happen stand fight back,0.0943,0.117,0.083,0.799,Positive,1,
at://did:plc:mu7gmbxomqqfses3seke4ruc/app.bsky.feed.post/3mhjs6yxejk2n,bafyreiajokpcl7dijvudxf3o3d5oqamxvo3zh4qlfd45cjzrpjbtl5weiq,alolmsted.bsky.social,did:plc:mu7gmbxomqqfses3seke4ruc,Al Olmsted,"Bezos has become a multi-billionaire on the backs of his employees & others.

He has caught the disease, and when he's gone, there will be another to replace him.

Super-wealthy businessmen who take advantage of workers & others are now working to replace them with robots and AI.  

We should plan.",2026-03-21T00:39:48.115Z,0,0,0,at://did:plc:4u3hwe3p7oy3hoy3amlw7rp2/app.bsky.feed.post/3mhj5kdihjg2m,,,True,robots replace workers,2026-05-25T06:53:33.418187,bezos become multi billionaire back employee others caught disease gone another replace super wealthy businessmen take advantage worker others working replace robot plan,0.2023,0.038,0.023,0.939,Positive,3,
at://did:plc:cab53bdlssujin7ui5s57icz/app.bsky.feed.post/3mhjpnkzrq227,bafyreifxwbylsc3xmd4wpwkfvmadio3l7n3uovm7jyu3rvwoqoaa4j2v3u,hbeeinc.bsky.social,did:plc:cab53bdlssujin7ui5s57icz,hbeeinc,"Replace workers? With ROBOTS??

Who (outside of people who produce and watch sci-fi, movies, tv shows and novels) coulda seen THAT coming??

Spoiler alert: We're all going to be killed by Robocops going from door to door.",2026-03-20T23:54:15.609Z,0,0,0,,,,False,robots replace workers,2026-05-25T06:53:33.418187,replace worker robot outside produce watch sci movie show novel coulda seen coming spoiler alert killed robocops door door,-0.644,0.052,0.128,0.82,Negative,4,
at://did:plc:r7wzn3z5iroqbm7l5kgku4oz/app.bsky.feed.post/3mhjnq2qqak2n,bafyreib7wptr7pplvp6bgvkw5725ig6ie5peachsfpnteyftbvz2u5znvm,mkvacaguru.bsky.social,did:plc:r7wzn3z5iroqbm7l5kgku4oz,,"bsky.app/profile/sand... Bezos wants to replace employees with robots. Thousands would be out of work, this is a war or workers vs Billionaires. Vote out all Guardians Of Pedophiles",2026-03-20T23:19:51.714Z,0,0,0,,,,False,robots replace workers,2026-05-25T06:53:33.418187,bsky app profile sand bezos want replace employee robot thousand war worker billionaire vote guardian pedophile,-0.5994,0.0,0.126,0.874,Negative,3,
at://did:plc:7y7i3zbjo3fipyguiebiofmk/app.bsky.feed.post/3mhjmjwmhas2l,bafyreiduwzbc3uj54t6u5mb3wxmcoivi6encyntlqgl4oufibbdycdj4ri,mondoray.bsky.social,did:plc:7y7i3zbjo3fipyguiebiofmk,,"The thing is, they’ll replace all the workers with robots but nobody will have any money to buy the shit made by their robots",2026-03-20T22:58:32.312Z,1,0,0,at://did:plc:upw5n2uwhzubjajdtqaufsek/app.bsky.feed.post/3mhjhtzsufk2g,sanders.senate.gov,,True,robots replace workers,2026-05-25T06:53:33.418187,thing replace worker robot nobody money buy shit made robot,0.7579,0.193,0.0,0.807,Positive,3,11.0
at://did:plc:rsr4x3xw443xwxnngxkce2ad/app.bsky.feed.post/3mhjmd5pku22k,bafyreidzz6zr36wph4xlptz3bw2r7276cdncv3l22mylkbyo7va7ljwatm,kittykowalski.bsky.social,did:plc:rsr4x3xw443xwxnngxkce2ad,Kitty Kowalski,"That is $843 Acres folks in order for Amazon to replace their workers with AI robots. Why are we helping them destroy us? If you thought we were just indentured servants now, it's about to get worse",2026-03-20T22:54:44.873Z,4,0,1,at://did:plc:a4wzpl7hpxvvntj6hatvuhlw/app.bsky.feed.post/3mhilhdoerk2k,,,True,robots replace workers,2026-05-25T06:53:33.418187,acre folk order amazon replace worker robot helping destroy thought indentured servant worse,-0.5719,0.09,0.152,0.759,Negative,4,11.0
at://did:plc:6kcxaxdvtg3lhvuk2ddg2e2y/app.bsky.feed.post/3mhjlypukfs2n,bafyreig6sxh2wntkbqinbmwiz3qu6esimyotr6nexhdjhxawsc4pj343ey,bert926.bsky.social,did:plc:6kcxaxdvtg3lhvuk2ddg2e2y,Bert,"Elon Musk, bezel, Zuckerberg pushing to replace workers with robots; okay, put tax incentives on the robots that will pay for the disproportionate decline in the workforce by paying dislocated workers until they find other work.",2026-03-20T22:48:54.812Z,0,0,0,,,,False,robots replace workers,2026-05-25T06:53:33.418187,elon musk bezel zuckerberg pushing replace worker robot okay put tax incentive robot pay disproportionate decline workforce paying dislocated worker find,0.4215,0.109,0.036,0.855,Positive,3,
at://did:plc:6kcxaxdvtg3lhvuk2ddg2e2y/app.bsky.feed.post/3mhjlxtnvnc2n,bafyreih57pdgx6tbu45hzbu5jd5jbp34cgcjjibj4xa4li23jnoicdkxp4,bert926.bsky.social,did:plc:6kcxaxdvtg3lhvuk2ddg2e2y,Bert,"Elon Musk, bezel, Zuckerberg pushing to replace workers with robots; okay, put tax incentives on the robots that will pay for the disproportionate decline in the workforce by paying dislocated workers until they find other work.",2026-03-20T22:48:25.233Z,0,0,0,,,,False,robots replace workers,2026-05-25T06:53:33.418187,elon musk bezel zuckerberg pushing replace worker robot okay put tax incentive robot pay disproportionate decline workforce paying dislocated worker find,0.4215,0.109,0.036,0.855,Positive,3,
at://did:plc:6kcxaxdvtg3lhvuk2ddg2e2y/app.bsky.feed.post/3mhjlxkg4sc2n,bafyreibxj6sdyr7zswm2n2jbzumsl7wexsiupk3rlcwn77xokvgps2wnky,bert926.bsky.social,did:plc:6kcxaxdvtg3lhvuk2ddg2e2y,Bert,"Elon Musk, bezel, Zuckerberg pushing to replace workers with robots; okay, put tax incentives on the robots that will pay for the disproportionate decline in the workforce by paying dislocated workers until they find other work.",2026-03-20T22:48:15.541Z,0,0,0,,,,False,robots replace workers,2026-05-25T06:53:33.418187,elon musk bezel zuckerberg pushing replace worker robot okay put tax incentive robot pay disproportionate decline workforce paying dislocated worker find,0.4215,0.109,0.036,0.855,Positive,3,
at://did:plc:rsr4x3xw443xwxnngxkce2ad/app.bsky.feed.post/3mhjlx2cfuk2k,bafyreicorbfmm2f23lhwvznncbzakxptwihzef7itj7xu74mp7wsxvn6le,kittykowalski.bsky.social,did:plc:rsr4x3xw443xwxnngxkce2ad,Kitty Kowalski,"Wait, Amazon fought unionization for their workers so that they could replace them with robots?",2026-03-20T22:47:58.643Z,0,0,1,at://did:plc:upw5n2uwhzubjajdtqaufsek/app.bsky.feed.post/3mhjhtzsufk2g,sanders.senate.gov,,True,robots replace workers,2026-05-25T06:53:33.418187,wait amazon fought unionization worker replace robot,-0.1531,0.1,0.135,0.765,Negative,3,11.0
at://did:plc:6kcxaxdvtg3lhvuk2ddg2e2y/app.bsky.feed.post/3mhjlwq5s6c2n,bafyreidv6zgnv5yyn7qy2bfcodybuf4l4ichnv6ofxgz5sackbn4zd7rgu,bert926.bsky.social,did:plc:6kcxaxdvtg3lhvuk2ddg2e2y,Bert,"Elon Musk, bezel, Zuckerberg pushing to replace workers with robots; okay, put tax incentives on the robots that will pay for the disproportionate decline in the workforce by paying dislocated workers until they find other work.",2026-03-20T22:47:48.005Z,1,0,1,,,,False,robots replace workers,2026-05-25T06:53:33.418187,elon musk bezel zuckerberg pushing replace worker robot okay put tax incentive robot pay disproportionate decline workforce paying dislocated worker find,0.4215,0.109,0.036,0.855,Positive,3,
at://did:plc:6kcxaxdvtg3lhvuk2ddg2e2y/app.bsky.feed.post/3mhjlw7rlr22n,bafyreiabd62wi5fcuifgcjqacjdicnixkl4mxk2j4ccszpytwjmbqolsli,bert926.bsky.social,did:plc:6kcxaxdvtg3lhvuk2ddg2e2y,Bert,"Elon Musk, bezel, Zuckerberg pushing to replace workers with robots; okay, put tax incentives on the robots that will pay for the disproportionate decline in the workforce by paying dislocated workers until they find other work.",2026-03-20T22:47:30.829Z,0,0,0,,,,False,robots replace workers,2026-05-25T06:53:33.418187,elon musk bezel zuckerberg pushing replace worker robot okay put tax incentive robot pay disproportionate decline workforce paying dislocated worker find,0.4215,0.109,0.036,0.855,Positive,3,
at://did:plc:6kcxaxdvtg3lhvuk2ddg2e2y/app.bsky.feed.post/3mhjlvqpqss2n,bafyreiatoxnk3546ldpl7lppvkvcngbwkdrircnkcropqxrlaacaotctte,bert926.bsky.social,did:plc:6kcxaxdvtg3lhvuk2ddg2e2y,Bert,"Elon Musk, bezel, Zuckerberg pushing to replace workers with robots; okay, put tax incentives on the robots that will pay for the disproportionate decline in the workforce by paying dislocated workers until they find other work.",2026-03-20T22:47:15.040Z,0,0,0,,,,False,robots replace workers,2026-05-25T06:53:33.418187,elon musk bezel zuckerberg pushing replace worker robot okay put tax incentive robot pay disproportionate decline workforce paying dislocated worker find,0.4215,0.109,0.036,0.855,Positive,3,
at://did:plc:6kcxaxdvtg3lhvuk2ddg2e2y/app.bsky.feed.post/3mhjlvdu6vc2n,bafyreiagnv4ph2ffyma5tia6kpm6abfnktknwhqdfql74pirnfjgpc7rdi,bert926.bsky.social,did:plc:6kcxaxdvtg3lhvuk2ddg2e2y,Bert,"Elon Musk, bezel, Zuckerberg pushing to replace workers with robots; okay, put tax incentives on the robots that will pay for the disproportionate decline in the workforce by paying dislocated workers until they find other work.",2026-03-20T22:47:01.554Z,0,0,0,,,,False,robots replace workers,2026-05-25T06:53:33.418187,elon musk bezel zuckerberg pushing replace worker robot okay put tax incentive robot pay disproportionate decline workforce paying dislocated worker find,0.4215,0.109,0.036,0.855,Positive,3,
at://did:plc:6kcxaxdvtg3lhvuk2ddg2e2y/app.bsky.feed.post/3mhjluobdhs2n,bafyreieavtpdwykzaegx6n7oumcjcaum6u23g2gdln4h7gvdh5evff6rgi,bert926.bsky.social,did:plc:6kcxaxdvtg3lhvuk2ddg2e2y,Bert,"Elon Musk, bezel, Zuckerberg pushing to replace workers with robots; okay, put tax incentives on the robots that will pay for the disproportionate decline in the workforce by paying dislocated workers until they find other work.",2026-03-20T22:46:38.916Z,0,0,0,,,,False,robots replace workers,2026-05-25T06:53:33.418187,elon musk bezel zuckerberg pushing replace worker robot okay put tax incentive robot pay disproportionate decline workforce paying dislocated worker find,0.4215,0.109,0.036,0.855,Positive,3,
at://did:plc:6kcxaxdvtg3lhvuk2ddg2e2y/app.bsky.feed.post/3mhjlugiilc2n,bafyreihfrxvh5yeaitoux7aeknaaw2o43thffzbghkceuuv63f7x3ee7qu,bert926.bsky.social,did:plc:6kcxaxdvtg3lhvuk2ddg2e2y,Bert,"Elon Musk, bezel, Zuckerberg pushing to replace workers with robots; okay, put tax incentives on the robots that will pay for the disproportionate decline in the workforce by paying dislocated workers until they find other work.",2026-03-20T22:46:30.762Z,0,1,0,,,,False,robots replace workers,2026-05-25T06:53:33.418187,elon musk bezel zuckerberg pushing replace worker robot okay put tax incentive robot pay disproportionate decline workforce paying dislocated worker find,0.4215,0.109,0.036,0.855,Positive,3,
at://did:plc:6kcxaxdvtg3lhvuk2ddg2e2y/app.bsky.feed.post/3mhjlu3mqnk2n,bafyreiah4islnf3p4vw7amp56e6x3m4zi7tqtjyrdanljrss5qia7zn7la,bert926.bsky.social,did:plc:6kcxaxdvtg3lhvuk2ddg2e2y,Bert,"Elon Musk, bezel, Zuckerberg pushing to replace workers with robots; okay, put tax incentives on the robots that will pay for the disproportionate decline in the workforce by paying dislocated workers until they find other work.",2026-03-20T22:46:19.366Z,0,0,0,,,,False,robots replace workers,2026-05-25T06:53:33.418187,elon musk bezel zuckerberg pushing replace worker robot okay put tax incentive robot pay disproportionate decline workforce paying dislocated worker find,0.4215,0.109,0.036,0.855,Positive,3,
at://did:plc:6kcxaxdvtg3lhvuk2ddg2e2y/app.bsky.feed.post/3mhjltpvrms2n,bafyreifnd6uzgpq2dkydtylackl4bghji7r3ve7piagsttuuty52qxwslm,bert926.bsky.social,did:plc:6kcxaxdvtg3lhvuk2ddg2e2y,Bert,"Elon Musk, bezel, Zuckerberg pushing to replace workers with robots; okay, put tax incentives on the robots that will pay for the disproportionate decline in the workforce by paying dislocated workers until they find other work.",2026-03-20T22:46:07.080Z,0,0,0,,,,False,robots replace workers,2026-05-25T06:53:33.418187,elon musk bezel zuckerberg pushing replace worker robot okay put tax incentive robot pay disproportionate decline workforce paying dislocated worker find,0.4215,0.109,0.036,0.855,Positive,3,
at://did:plc:6kcxaxdvtg3lhvuk2ddg2e2y/app.bsky.feed.post/3mhjlt7vj2c2n,bafyreigolpcyaf6aou4qusnu3dugpulabbrplv4m3bhirhfrc4eiyq3g6a,bert926.bsky.social,did:plc:6kcxaxdvtg3lhvuk2ddg2e2y,Bert,"Elon Musk, bezel, Zuckerberg pushing to replace workers with robots; okay, put tax incentives on the robots that will pay for the disproportionate decline in the workforce by paying dislocated workers until they find other work.",2026-03-20T22:45:50.293Z,0,0,0,,,,False,robots replace workers,2026-05-25T06:53:33.418187,elon musk bezel zuckerberg pushing replace worker robot okay put tax incentive robot pay disproportionate decline workforce paying dislocated worker find,0.4215,0.109,0.036,0.855,Positive,3,
at://did:plc:6kcxaxdvtg3lhvuk2ddg2e2y/app.bsky.feed.post/3mhjlswxfrk2n,bafyreiaxkdu56ra4xidtqfvap2kz5tusqcm62btf2nblg5vpjxvlhnq6ki,bert926.bsky.social,did:plc:6kcxaxdvtg3lhvuk2ddg2e2y,Bert,"Elon Musk, bezel, Zuckerberg pushing to replace workers with robots; okay, put tax incentives on the robots that will pay for the disproportionate decline in the workforce by paying dislocated workers until they find other work.",2026-03-20T22:45:40.918Z,0,0,0,,,,False,robots replace workers,2026-05-25T06:53:33.418187,elon musk bezel zuckerberg pushing replace worker robot okay put tax incentive robot pay disproportionate decline workforce paying dislocated worker find,0.4215,0.109,0.036,0.855,Positive,3,
at://did:plc:6kcxaxdvtg3lhvuk2ddg2e2y/app.bsky.feed.post/3mhjlrwzohk2n,bafyreiak6gfxt5a2wbhuhbyx4zqnkdmczmfq7ib6mxo7dbkazsmhhmgyae,bert926.bsky.social,did:plc:6kcxaxdvtg3lhvuk2ddg2e2y,Bert,"Elon Musk, bezel, Zuckerberg pushing to replace workers with robots; okay, put tax incentives on the robots that will pay for the disproportionate decline in the workforce by paying dislocated workers until they find other work.",2026-03-20T22:45:07.438Z,0,0,0,,,,False,robots replace workers,2026-05-25T06:53:33.418187,elon musk bezel zuckerberg pushing replace worker robot okay put tax incentive robot pay disproportionate decline workforce paying dislocated worker find,0.4215,0.109,0.036,0.855,Positive,3,
at://did:plc:6kcxaxdvtg3lhvuk2ddg2e2y/app.bsky.feed.post/3mhjlqwkhlc2n,bafyreibtyblff3po2pkexmnfa6bhxqdr6k6ytwgpedghrsm3ehlr5zb3zu,bert926.bsky.social,did:plc:6kcxaxdvtg3lhvuk2ddg2e2y,Bert,"Elon Musk, bezel, Zuckerberg pushing to replace workers with robots; okay, put tax incentives on the robots that will pay for the disproportionate decline in the workforce by paying dislocated workers until they find other work.",2026-03-20T22:44:33.386Z,0,0,0,,,,False,robots replace workers,2026-05-25T06:53:33.418187,elon musk bezel zuckerberg pushing replace worker robot okay put tax incentive robot pay disproportionate decline workforce paying dislocated worker find,0.4215,0.109,0.036,0.855,Positive,3,
at://did:plc:cvttqewuyjmezsvu7kgacwfd/app.bsky.feed.post/3mhjkoyouq224,bafyreia3u5gd7tijm4qsii4giiqyi4tcsef7mfyh7cmv44mvoh7f5mftim,pammygirl10.bsky.social,did:plc:cvttqewuyjmezsvu7kgacwfd,Pammygirl10,Jeff Bezos fundraising to raise $100 million because he want to replace his workers with robots when this bitch has over $200 million and get paid for it himself,2026-03-20T22:25:34.776Z,0,0,0,,,,False,robots replace workers,2026-05-25T06:53:33.418187,jeff bezos fundraising raise million want replace worker robot bitch million paid,-0.6369,0.04,0.137,0.823,Negative,3,
at://did:plc:emcejyaoxpcngjoq3fcnbge4/app.bsky.feed.post/3mhjkm6zobk2k,bafyreia6573lfqputtnwpj2lbdanbuajjqesciwfk52lqfzqhrgjm7kxua,russelltaylorphd.bsky.social,did:plc:emcejyaoxpcngjoq3fcnbge4,Dr Russ Taylor,"When they replace all the workers with robots, who is going to have money to buy anything?",2026-03-20T22:24:00.759Z,3,0,1,at://did:plc:upw5n2uwhzubjajdtqaufsek/app.bsky.feed.post/3mhjhtzsufk2g,sanders.senate.gov,,True,robots replace workers,2026-05-25T06:53:33.418187,replace worker robot money buy anything,0.0,0.0,0.0,1.0,Neutral,3,11.0
at://did:plc:ycvgo7hzq4p3zo4bfvz7gkay/app.bsky.feed.post/3mhjjtdr5qc2k,bafyreigofvjezdyo5a5q3zykmrgxs5twchlqrlq5lhqn2bpmxzjyamhruu,okiebluefire.bsky.social,did:plc:ycvgo7hzq4p3zo4bfvz7gkay,OkieBlueFire,"So what happens when they replace all workers with robots? People don't get wages, so they don't buy things, so why have manufacturing and services? 

They shoot themselves in the foot for a short term gain. Never thinking too far ahead.",2026-03-20T22:10:06.862Z,10,1,2,at://did:plc:upw5n2uwhzubjajdtqaufsek/app.bsky.feed.post/3mhjhtzsufk2g,sanders.senate.gov,,True,robots replace workers,2026-05-25T06:53:33.418187,happens replace worker robot wage buy thing manufacturing service shoot foot short term gain never thinking far ahead,0.3313,0.083,0.053,0.864,Positive,4,11.0
at://did:plc:moo6ugsgeut3pblaounnuz27/app.bsky.feed.post/3mhjjpqkd7s2m,bafyreicngzu4uh5wgxecoh5nepm6chnds6kuknpo7st3oqv2txhj4xkd4u,oyewol.bsky.social,did:plc:moo6ugsgeut3pblaounnuz27,,"Jeff Bezos, one of the richest men on earth, is raising $100 billion to replace workers with robots around the world. 

The oligarchs want it all. Not going to happen.

Stand up and FIGHT BACK.",2026-03-20T22:08:06.051Z,0,0,0,,,,False,robots replace workers,2026-05-25T06:53:33.418187,jeff bezos richest men earth raising billion replace worker robot around world oligarch want happen stand fight back,0.0943,0.117,0.083,0.799,Positive,1,
at://did:plc:upw5n2uwhzubjajdtqaufsek/app.bsky.feed.post/3mhjhtzsufk2g,bafyreif4nqoxccopwb6m7riq2hbtqevuwmqgihjnq3aae5um5q2mo4h2ee,sanders.senate.gov,did:plc:upw5n2uwhzubjajdtqaufsek,Senator Bernie Sanders,"Jeff Bezos, one of the richest men on earth, is raising $100 billion to replace workers with robots around the world. 

The oligarchs want it all. Not going to happen.

Stand up and FIGHT BACK.",2026-03-20T21:34:42.501Z,16351,672,4886,,,,False,robots replace workers,2026-05-25T06:53:33.418187,jeff bezos richest men earth raising billion replace worker robot around world oligarch want happen stand fight back,0.0943,0.117,0.083,0.799,Positive,1,11.0
at://did:plc:ir6bem3vxga4cbxgpnmrowpl/app.bsky.feed.post/3mhj7gm3nw22p,bafyreiawroywo55rd2ergxvsaabr6lpk6oxmd2dcav5op65vpi5v27cniq,lilithonthelake.bsky.social,did:plc:ir6bem3vxga4cbxgpnmrowpl,Lilith,And taxing businesses that replace workers with robots/AI the same amount lost from firing the humans.,2026-03-20T19:04:01.968Z,0,0,1,at://did:plc:2amnkge5a6hplfwyesmxqkfl/app.bsky.feed.post/3mhj6wtx2qs23,,,True,robots replace workers,2026-05-25T06:53:33.418187,taxing business replace worker robot amount lost firing human,-0.5719,0.0,0.251,0.749,Negative,3,
at://did:plc:nzz267luyh4wm2anisyihuhn/app.bsky.feed.post/3mhizif7tss26,bafyreidh3cey336uizjnjuw4llss6a4thhgiz26vn3pyo2tz3eocb73gmm,sherman909.bsky.social,did:plc:nzz267luyh4wm2anisyihuhn,Working rats are the key to maintaining democracy and freedom,"""Amazon replacing workers with robots""
Amazon's plan to replace workers with robots is part of a broader strategy to automate 75% of its warehouse operations by 2033. This initiative aims to cut $12.6 billion in labor costs between 2025 & 2027.

Q: How many of those robots will buy the junk you sell",2026-03-20T17:17:39.423Z,0,0,0,,,,False,robots replace workers,2026-05-25T06:53:33.418187,amazon replacing worker robot amazon plan replace worker robot part broader strategy automate warehouse operation initiative aim cut billion labor cost many robot buy junk sell,-0.1027,0.031,0.038,0.931,Negative,3,
at://did:plc:ahgu2fkzhwapqnu5kh2rlnmm/app.bsky.feed.post/3mhipga5nic2a,bafyreihq6naljmhmyav2we6mxzlaf6og6e2mrxx5by7otgxiciufydtqhy,rhymeswithcastle.bsky.social,did:plc:ahgu2fkzhwapqnu5kh2rlnmm,,"So robots replace workers. No more unions, salary or benefits. 
Then robots make more robots.

Once the workforce has been eliminated, who will buy the products the robots make?  Robots?
Unemployed workers with no income?
Who will pump money into the economy? Robots?",2026-03-20T14:17:29.582Z,0,0,0,,,,False,robots replace workers,2026-05-25T06:53:33.418187,robot replace worker union salary benefit robot robot workforce eliminated buy product robot robot unemployed worker income pump money economy robot,-0.4137,0.054,0.112,0.834,Negative,3,
at://did:plc:x4f52esrd6udsyqvv6mvimkh/app.bsky.feed.post/3mhinbizs3223,bafyreicce56pc4d3ql7lqnor4vzsahpkmo36esjnicbti25zvidt3xyzvm,thesoundings.bsky.social,did:plc:x4f52esrd6udsyqvv6mvimkh,m2c4,"All those (mainly GOP) tax cuts were sold as necessary to allow the ""job creators"" to create jobs. What we've ended up with are monopolies whose goal is to replace workers with robots and AI...",2026-03-20T13:39:03.634Z,0,0,0,at://did:plc:qealhr2gmncfimdh3ywyytgq/app.bsky.feed.post/3mhin3ej3s22j,,,True,robots replace workers,2026-05-25T06:53:33.418187,mainly gop tax cut sold necessary allow creator create ended monopoly whose goal replace worker robot,0.2023,0.105,0.058,0.838,Positive,3,
