node,in_degree,out_degree,betweenness,closeness,pagerank,eigenvector,hub_score,authority_score,in_degree_raw,out_degree_raw,comment_count,community
UCmJAeNO0MIqdO3F-bse1UiA,0.45454545454545453,0.0,0.0,0.00048088482808367395,0.0003305139051177268,0.0,0.0,1.6522840197136373e-19,5,0,1,0
UCn9CJkcXl9FzYTDKzE4iMdA,0.0,0.006756756756756757,0.0,0.000274791330333528,7.554017998397095e-05,0.0,2.0878273954868652e-19,0.0,0,2,2,0
UCUKv4NGCcu0hF5UTIV_53zg,0.0,0.0033783783783783786,0.0,0.000274791330333528,7.554017998397095e-05,0.0,1.0439136977434326e-19,-5.170597819007364e-21,0,1,1,0
UCQnf370oPLeLyhkw9P50vfQ,0.0,0.0033783783783783786,0.0,0.000274791330333528,7.554017998397095e-05,0.0,1.0439136977434326e-19,2.800246933205876e-20,0,1,1,0
UCbKCW014DGRMmM5a2EokEKw,0.0,0.0033783783783783786,0.0,0.000274791330333528,7.554017998397095e-05,0.0,1.0439136977434326e-19,1.0578739751594212e-19,0,1,1,0
UCpN3YeWeuPSFXUVuEhUpV7w,0.45454545454545453,0.0,0.0,0.0006182804932504379,0.00036238562075944635,0.0,0.0,2.855601528782368e-19,5,0,1,1
UCHlpG6e83-84PsZU0hKJ52Q,0.09090909090909091,0.0,0.0,0.0002885308968502044,0.00010741189562569042,0.0,0.0,2.4215620519643783e-19,1,0,1,1
UC7k1gx_TRNoJTBkaJXwUBJw,0.0,0.0033783783783783786,0.0,0.0003606636210627555,7.554017998397095e-05,0.0,1.8041701763293989e-19,-6.514836255106724e-20,0,1,1,1
UCF7A_joUNhZf5dQ7-mLblZA,0.0,0.0033783783783783786,0.0,0.0003606636210627555,7.554017998397095e-05,0.0,1.8041701763293989e-19,-1.2296893546861982e-21,0,1,1,1
UCnmMA1y9m3omXPXpCd_nYOA,0.0,0.0033783783783783786,0.0,0.0003606636210627555,7.554017998397095e-05,0.0,1.8041701763293989e-19,-5.212749422359251e-22,0,1,1,1
UCvBeoS2I8B5GqkSr-wXR_Qg,0.9090909090909091,0.0,0.0,0.045258440988776315,0.0006548958703563065,0.0,0.0,3.8874044407292294e-08,10,0,2,2
UCgyMYRu5VZKIV7Ed9aurlKw,0.36363636363636365,0.0,0.0,0.04113113888749297,0.0004442044411676528,0.0,0.0,1.181385443750371e-10,4,0,1,2
UCJX_Y16sINsDKl5V1xpx28A,1.0,0.0,0.0,0.041807242434088836,0.0004368834576839749,0.0,0.0,6.389111710392483e-10,11,0,4,2
UCe9KssO_ICC0lP6h5SsSuQg,0.18181818181818182,0.0,0.0,0.03644727794630366,0.0004271320889807004,0.0,0.0,-7.961356629002344e-19,2,0,1,2
UC2-NMaweaHKZFA55bpea9UQ,0.5454545454545454,0.0,0.0,0.03427879001357164,0.0004261290520428853,0.0,0.0,1.2281874546149582e-12,6,0,2,2
UCulPj5rVc2ZI6yh77BhhiEg,0.45454545454545453,0.0,0.0,0.0006011060351045924,0.0003942573364011658,0.0,0.0,-1.0924947807767025e-19,5,0,1,3
UCX4cxP37gdAXHi51UZomRDQ,0.0,0.0033783783783783786,0.0,0.0003339477972803291,7.554017998397095e-05,0.0,-6.902386349797577e-20,-3.153059127123172e-20,0,1,1,3
UCvVZDpbwSUXokvcTmrMWJSQ,0.0,0.0033783783783783786,0.0,0.0003339477972803291,7.554017998397095e-05,0.0,-6.902386349797577e-20,-2.0543905244013677e-19,0,1,1,3
UCfSL1AdZzOAfrrVJUFUU-kg,0.0,0.0033783783783783786,0.0,0.0003339477972803291,7.554017998397095e-05,0.0,-6.902386349797577e-20,1.3225200256587751e-20,0,1,1,3
UCE4QJJ7_XpHTnmHsrQTpjRw,0.0,0.0033783783783783786,0.0,0.0003339477972803291,7.554017998397095e-05,0.0,-6.902386349797577e-20,6.779257813720418e-20,0,1,1,3
UCzISCpdyjyVbqHhMEXfNMgg,0.45454545454545453,0.0,0.0,0.0005009216959204937,0.00029864218947600737,0.0,0.0,-1.5485705686005522e-19,5,0,1,4
UCZLPESuboRA45kbB5Bl98Ew,0.09090909090909091,0.0,0.0,0.00025046084796024687,0.00010741189562569042,0.0,0.0,2.3198621723738575e-20,1,0,1,4
UCkA9xK5nxNLuHg2r63UmEaw,0.0,0.006756756756756757,0.0,0.0003756912719403703,7.554017998397095e-05,0.0,-8.318185143864452e-20,2.7665575978598996e-20,0,2,2,4
UCUzcsnWByKK4ToRVZH4v5jQ,0.0,0.006756756756756757,0.0,0.0003005530175522962,7.554017998397095e-05,0.0,-1.9567749965464485e-19,-5.150388030426357e-19,0,2,2,4
UCQVhmtZkGm_OXIE0ttzSZ2w,0.0,0.0033783783783783786,0.0,0.0003005530175522962,7.554017998397095e-05,0.0,-9.783874982732242e-20,1.0173319565311428e-19,0,1,1,4
UCaXsX0VnEI-FYVKpuiJVoFg,0.45454545454545453,0.0,0.0,0.00048088482808367395,0.0003305139051177268,0.0,0.0,-1.3236267870483693e-19,5,0,1,5
UC40jazI1T8kM5HKkegsX6jQ,0.0,0.006756756756756757,0.0,0.000274791330333528,7.554017998397095e-05,0.0,-1.6725358560804795e-19,5.3652630629667395e-21,0,2,2,5
UCOjMBPxgnKuQyv-r0mcTNpQ,0.0,0.0033783783783783786,0.0,0.000274791330333528,7.554017998397095e-05,0.0,-8.362679280402398e-20,-1.4433951614744342e-20,0,1,1,5
UCY2ahlJm8yEimsVxdsbWzUg,0.0,0.0033783783783783786,0.0,0.000274791330333528,7.554017998397095e-05,0.0,-8.362679280402398e-20,-3.0821054732754515e-20,0,1,1,5
UCCuVBXAGm-YfFIjr4hct_SQ,0.0,0.0033783783783783786,0.0,0.000274791330333528,7.554017998397095e-05,0.0,-8.362679280402398e-20,6.28089449799615e-20,0,1,1,5
UCmCI3R_CqbbP6fvyzRi5iWQ,0.45454545454545453,0.0,0.0,0.0006086198605433999,0.00036238562075944635,0.0,0.0,4.120419555715026e-20,5,0,1,6
UCDAqHgGs1aarb1BvKdKUiOA,0.45454545454545453,0.0,0.0,0.0005409954315941332,0.00029864218947600737,0.0,0.0,-4.182695863617871e-19,5,0,1,6
UCoTazvYcbSfXwQfMuVwoxzw,0.0,0.0033783783783783786,0.0,0.00040574657369559994,7.554017998397095e-05,0.0,2.6032827064479554e-20,-8.245499813880018e-20,0,1,1,6
UCbeDnwkQAkahOfvMWENf5uw,0.0,0.006756756756756757,0.0,0.0006086198605433999,7.554017998397095e-05,0.0,-2.3823006317894497e-19,-1.7832064287072544e-19,0,2,2,6
UCaHRf28hZcPmfgBBC2QxYcA,0.0,0.0033783783783783786,0.0,0.00040574657369559994,7.554017998397095e-05,0.0,2.6032827064479554e-20,-4.2495451471381754e-19,0,1,1,6
UC9cuppn4H1yPDtO_vCi6l1A,0.09090909090909091,0.0,0.0,0.00012022120702091849,0.00013928361126740993,0.0,0.0,-7.12411907247549e-21,1,0,1,7
UCW9Sc2QPZDxQVHes0zjl90w,0.0,0.0033783783783783786,0.0,0.00012022120702091849,7.554017998397095e-05,0.0,-4.501021250209348e-21,3.8591172349949924e-20,0,1,1,7
UCSsP-b_ITbDiHVWczHK12Dw,0.45454545454545453,0.0,0.0,0.0006182804932504379,0.00036238562075944635,0.0,0.0,-6.090647985211331e-19,5,0,1,8
UCCSo61lqfvzST5OM9kViEJg,0.09090909090909091,0.0,0.0,0.0002885308968502044,0.00010741189562569042,0.0,0.0,-1.0359200704020634e-19,1,0,1,8
UCaSh1LoveNZqQJSQCU56CmA,0.0,0.0033783783783783786,0.0,0.0003606636210627555,7.554017998397095e-05,0.0,-3.848073808156477e-19,4.655702477706693e-20,0,1,1,8
UCpHwb3ZTUhdsYW-LQsW2Vsw,0.0,0.0033783783783783786,0.0,0.0003606636210627555,7.554017998397095e-05,0.0,-3.848073808156477e-19,-1.1788406168675682e-19,0,1,1,8
UCmJRS07wEBHwUp5jlHzoYaQ,0.0,0.0033783783783783786,0.0,0.0003606636210627555,7.554017998397095e-05,0.0,-3.848073808156477e-19,7.06902142753327e-21,0,1,1,8
UCfA0UJsS3Ags0mxpiONvDVg,0.45454545454545453,0.0,0.0,0.0006011060351045924,0.0003942573364011658,0.0,0.0,-7.823690370765105e-20,5,0,1,9
UCUK6nSz4ZYabVUlnxm71KFA,0.0,0.0033783783783783786,0.0,0.0003339477972803291,7.554017998397095e-05,0.0,-4.943010673407458e-20,6.543301330344094e-20,0,1,1,9
UC0vWYpB8PpNzV5tXHA-WI6Q,0.0,0.0033783783783783786,0.0,0.0003339477972803291,7.554017998397095e-05,0.0,-4.943010673407458e-20,-2.7826751970548725e-20,0,1,1,9
UCW9n5ker4aLLKyHt6H4Ngig,0.0,0.0033783783783783786,0.0,0.0003339477972803291,7.554017998397095e-05,0.0,-4.943010673407458e-20,-1.076439548666096e-20,0,1,1,9
UC1sLM92dR4bGD9xTEPaFHoQ,0.0,0.0033783783783783786,0.0,0.0003339477972803291,7.554017998397095e-05,0.0,-4.943010673407458e-20,-1.4491700514613545e-20,0,1,1,9
UCpfiob0Mvfj-qqlxM2_uoxQ,0.45454545454545453,0.0,0.0,0.0006681524774816432,0.00036238562075944635,0.0,0.0,9.453696422289727e-21,5,0,1,10
UCkHEWcI1T5xx0jNdVgo7qEA,0.45454545454545453,0.0,0.0,0.0007238318506051134,0.00035176171554553983,0.0,0.0,2.999550221986632e-19,5,0,1,10
UCwAbHr3h44AYpos-ELTKURQ,0.45454545454545453,0.0,0.0,0.0009143139165538276,0.0003198899999038203,0.0,0.0,-2.401033607191503e-19,5,0,1,10
UCfRN2FLfEgVrE7l4qaFGsjg,0.18181818181818182,0.0,0.0,0.0006434060894267675,0.00016053142169522293,0.0,0.0,-1.0804683444399067e-19,2,0,1,10
UCft1ZWjC_WYg320wB8GpUmw,0.0,0.006756756756756757,0.0,0.0007896347461146692,7.554017998397095e-05,0.0,-1.457245492098551e-19,-1.5093316123724207e-19,0,2,2,10
UC6Wi2YtF8K5_bzAgFiINnjw,0.45454545454545453,0.0,0.0,0.0006011060351045924,0.0003942573364011658,0.0,0.0,-3.773587061114678e-19,5,0,1,11
UCdnp8V05eJBp4-Eq7tj2HMA,0.0,0.0033783783783783786,0.0,0.0003339477972803291,7.554017998397095e-05,0.0,-2.3841537990591526e-19,1.5862997014103498e-22,0,1,1,11
UCHtlqge7gdSoO51Orq7hpaQ,0.0,0.0033783783783783786,0.0,0.0003339477972803291,7.554017998397095e-05,0.0,-2.3841537990591526e-19,-2.917473687294468e-20,0,1,1,11
UCcu_gvUKg1IBuQoG8RexKUQ,0.0,0.0033783783783783786,0.0,0.0003339477972803291,7.554017998397095e-05,0.0,-2.3841537990591526e-19,3.7272275115768984e-21,0,1,1,11
UCJQVZnJG4gl7XJUlvbCt11Q,0.0,0.0033783783783783786,0.0,0.0003339477972803291,7.554017998397095e-05,0.0,-2.3841537990591526e-19,-8.130992254819968e-21,0,1,1,11
UC9-VDdnNk8K_hfrqw-nwAlw,0.6363636363636364,0.0,0.0,0.026171943416745252,0.0007782396265904393,0.0,0.0,3.1602621578975704e-19,7,0,7,12
UCQ5pD29_kjJpyAqd_f0GuDQ,0.45454545454545453,0.0033783783783783786,0.0,0.024818192772333342,0.0004492264987330162,0.0,1.996654882410144e-19,-2.214450635133988e-19,5,1,2,12
UC_nOtzse6MKb0asPWvSZeFg,0.45454545454545453,0.0,0.0,0.02357946712975896,0.00036238562075944635,0.0,0.0,-1.2405642025547785e-19,5,0,1,12
UCDroTExK4JHElFo0priED9Q,0.45454545454545453,0.0,0.0,0.02149210970608478,0.00035176171554553983,0.0,0.0,-1.6642505782851325e-19,5,0,1,12
UC7H8v_XbGq9Y-urnujpuhfw,0.45454545454545453,0.0,0.0,0.02611804732239446,0.00035176171554553983,0.0,0.0,-3.5471811360602376e-19,5,0,1,12
UCK2ms4SEawLaDUnDOub_7kA,0.45454545454545453,0.0,0.0,0.03683042101218129,0.0004677431818954929,0.0,0.0,-9.696963577551224e-20,5,0,1,13
UCV-KFx9A6HD7gZ3FoMNzt7g,0.45454545454545453,0.0,0.0,0.04121579286284528,0.0003785023780986783,0.0,0.0,6.35583367648287e-15,5,0,1,13
UC99TxylEK8qtb-fGJPow9hQ,0.36363636363636365,0.0,0.0,0.037515303720360715,0.00037212803497033446,0.0,0.0,-9.450363047675653e-20,4,0,1,13
UCBRnqj7Xo0SVe71cA_xYVyA,0.45454545454545453,0.0,0.0,0.026828917881303236,0.00036238562075944635,0.0,0.0,-1.1812886478407733e-20,5,0,1,13
UCaT4miwO0otTQUQsP7f9RIQ,0.45454545454545453,0.0,0.0,0.025410230762574797,0.00036238562075944635,0.0,0.0,1.530839676732783e-19,5,0,1,13
UCiwJMaDPh7TaYi-XE_6VeTA,0.45454545454545453,0.0,0.0,0.0006011060351045924,0.0003942573364011658,0.0,0.0,4.35207175781056e-19,5,0,1,14
UCVZPr6oEgjv0o45qxqjzKcA,0.0,0.0033783783783783786,0.0,0.0003339477972803291,7.554017998397095e-05,0.0,2.7496406594358855e-19,1.5216185191436744e-20,0,1,1,14
UCItQwY3JQ51EPm5iuKwMQ1Q,0.0,0.0033783783783783786,0.0,0.0003339477972803291,7.554017998397095e-05,0.0,2.7496406594358855e-19,-1.8120196401008206e-20,0,1,1,14
UCEUAhylkpWD3aO0lC6FwWhg,0.0,0.0033783783783783786,0.0,0.0003339477972803291,7.554017998397095e-05,0.0,2.7496406594358855e-19,8.778460980899565e-21,0,1,1,14
UCpnfoNWaq92PRQKGQhUtSGg,0.0,0.0033783783783783786,0.0,0.0003339477972803291,7.554017998397095e-05,0.0,2.7496406594358855e-19,1.1677151126240474e-19,0,1,1,14
UCrLXCBPlkyFOstG_CCChtpg,0.45454545454545453,0.0,0.0,0.0008267844412666675,0.0006416185668944926,0.0,0.0,7.116518420819965e-20,5,0,1,15
UC67AYiLuFQBnEj-nWLc5dKw,0.45454545454545453,0.0033783783783783786,0.0,0.000992141329520001,0.00036238562075944635,0.0,4.496219155484523e-20,-5.914143413810817e-19,5,1,2,15
UCIoIpQqVmja07N9vk-0ISYA,0.45454545454545453,0.0,0.0,0.0008195950113426096,0.00036238562075944635,0.0,0.0,-1.8573192691599248e-20,5,0,1,15
UC9YRuO-EA_gzy7BQhRBs5FA,0.45454545454545453,0.0,0.0,0.0011930813456253178,0.00029864218947600737,0.0,0.0,4.2856635061280125e-20,5,0,1,15
UClK6oFD8LQ5DJLSx6K8v2tg,0.45454545454545453,0.0,0.0,0.0009150818087805835,0.00029864218947600737,0.0,0.0,-2.135629571331397e-21,5,0,1,15
UCZzEkUXllvN1fx2KFXyt2fw,0.45454545454545453,0.0,0.0,0.038580409380527925,0.0005311799789935855,0.0,0.0,5.145475689050247e-10,5,0,1,16
UCoICEMRkf_sP9ulcZsCxPBg,0.45454545454545453,0.0,0.0,0.03842223546801334,0.0003678825369926314,0.0,0.0,3.2784159531761324e-19,5,0,1,16
UCwtf3oR3LhzfnTIP1FuE6pw,0.45454545454545453,0.0,0.0,0.03856633150810299,0.00035379895052181003,0.0,0.0,5.145367995866176e-10,5,0,1,16
UC03l_Has_rMa4eWPiqejT5g,0.45454545454545453,0.0,0.0,0.03856633150810299,0.00035379895052181003,0.0,0.0,5.145367994201446e-10,5,0,2,16
UC0mDgaCIatM4q0zMaMODhdw,0.45454545454545453,0.0,0.0,0.03323094843513795,0.00035176171554553983,0.0,0.0,3.364383764951985e-12,5,0,1,16
UCA5n5s6y9GIHZe13jqrCNjw,0.45454545454545453,0.0,0.0,0.0006011060351045924,0.0003942573364011658,0.0,0.0,1.543031724461851e-19,5,0,1,17
UCTTN9yV02auik2kDlrQV2Pw,0.0,0.0033783783783783786,0.0,0.0003339477972803291,7.554017998397095e-05,0.0,9.748880543537349e-20,4.53447998558807e-21,0,1,1,17
UCc25U3ed6PQj441dz9isuyg,0.0,0.0033783783783783786,0.0,0.0003339477972803291,7.554017998397095e-05,0.0,9.748880543537349e-20,-2.3729564926154974e-19,0,1,1,17
UCzgxY5G2xhiwQerAwDyCVEg,0.0,0.0033783783783783786,0.0,0.0003339477972803291,7.554017998397095e-05,0.0,9.748880543537349e-20,-5.3654975201858963e-20,0,1,1,17
UCjOiMkVPEk2P6gogVsXk-IQ,0.0,0.0033783783783783786,0.0,0.0003339477972803291,7.554017998397095e-05,0.0,9.748880543537349e-20,-1.5891620841886136e-19,0,1,1,17
UCJdXX5nKAvE74e8v9fqUSwA,0.45454545454545453,0.0,0.0,0.0006011060351045924,0.0003942573364011658,0.0,0.0,-2.7633184656690854e-20,5,0,1,18
UCYKIqSMRTj2GxbSX9ssot6A,0.0,0.0033783783783783786,0.0,0.0003339477972803291,7.554017998397095e-05,0.0,-1.745865700522404e-20,1.162904261688838e-19,0,1,1,18
UCaNrkJ9_s1i52ICqoS1ZLRQ,0.0,0.0033783783783783786,0.0,0.0003339477972803291,7.554017998397095e-05,0.0,-1.745865700522404e-20,-5.884930757618412e-20,0,1,1,18
UCInm2FHNOE1kMtPfNZP9u3A,0.0,0.0033783783783783786,0.0,0.0003339477972803291,7.554017998397095e-05,0.0,-1.745865700522404e-20,9.03620253082614e-21,0,1,1,18
UC5a7Ipm-jddSKTxcaa7No8g,0.0,0.0033783783783783786,0.0,0.0003339477972803291,7.554017998397095e-05,0.0,-1.745865700522404e-20,2.7036935788511953e-20,0,1,1,18
UCpn5Q362KUBSDPiwNF7iNzg,0.45454545454545453,0.0,0.0,0.03657832276414559,0.0005070725900111433,0.0,0.0,4.248420626682643e-17,5,0,1,19
UCe2UshIiOkfwgOQMiOt2_Pw,0.45454545454545453,0.0,0.0,0.027449443302454475,0.00047751477105062977,0.0,0.0,6.726552746330788e-21,5,0,1,19
UCey8tF5RaPULgcedhRxR7pA,0.45454545454545453,0.0,0.0,0.024256825497752266,0.0003801023286475081,0.0,0.0,-5.813249318923614e-20,5,0,1,19
UCyx2ncSpIlBwE8sus5Ym3YQ,0.45454545454545453,0.0,0.0,0.02424940495536452,0.0003432625913744147,0.0,0.0,4.693344213327369e-20,5,0,1,19
UCgtxtfRuVfw8IPZKkRVn05w,0.45454545454545453,0.0,0.0,0.0262332951870272,0.00033630876250713036,0.0,0.0,1.1593411770679967e-19,5,0,1,19
UCkvGif7f1894bm64XjVHang,0.09090909090909091,0.0,0.0,0.00012022120702091849,0.00013928361126740993,0.0,0.0,-1.4993655667617838e-19,1,0,1,20
UCAOQYZXcweb0brCj9A-uldw,0.0,0.0033783783783783786,0.0,0.00012022120702091849,7.554017998397095e-05,0.0,-9.472997586327455e-20,-1.9509340497348943e-21,0,1,1,20
UC--Xt62_To0n0dJKhzsaUTg,0.45454545454545453,0.0,0.0,0.0006182804932504379,0.00036238562075944635,0.0,0.0,7.323089392368768e-19,5,0,1,21
UCmUcQK1yLBptjFn7KQjwu3Q,0.09090909090909091,0.0,0.0,0.0002885308968502044,0.00010741189562569042,0.0,0.0,7.683892612263794e-20,1,0,1,21
UCLxXvz6UrEa_D7ZobwP3_Zw,0.0,0.0033783783783783786,0.0,0.0003606636210627555,7.554017998397095e-05,0.0,4.6267307770841425e-19,-4.1518461190748936e-21,0,1,1,21
UC9g0JBKJ6dWf2O7lio1jgbw,0.0,0.006756756756756757,0.0,0.00043279634527530655,7.554017998397095e-05,0.0,5.112199416508613e-19,-5.1167668367402675e-20,0,2,2,21
UCMrgSiWX0PrfLc-OpliS_Kg,0.0,0.0033783783783783786,0.0,0.0003606636210627555,7.554017998397095e-05,0.0,4.6267307770841425e-19,1.1621982590494925e-20,0,1,1,21
UC7I5sjQFg0k23iZlnLB6gVw,0.45454545454545453,0.0,0.0,0.03506023675801136,0.00036238562075944635,0.0,0.0,3.5681382242219655e-14,5,0,1,22
UCWCf8akYg-6n_6Wc2dSSsbw,0.45454545454545453,0.0,0.0,0.034266441523860526,0.0003396201095867895,0.0,0.0,1.8343190812063132e-14,5,0,1,22
UCBu76htn4onot1bTi4NMTbw,0.45454545454545453,0.0,0.0,0.039957962801940985,0.0003375965085936645,0.0,0.0,5.57350250908557e-12,5,0,1,22
UCJnGcVEtkZRvzFYxuymCoPw,0.45454545454545453,0.0,0.0,0.039957962801940985,0.0003375965085936645,0.0,0.0,5.573502317182728e-12,5,0,1,22
UCr8dAhIXHocIhacHylPaUYA,0.45454545454545453,0.0,0.0,0.0399831564482296,0.00030572479295194505,0.0,0.0,5.5735616953565305e-12,5,0,1,22
UCvk_OOSs7f8YZmjl7-N6soQ,0.36363636363636365,0.0,0.0,0.00048088482808367395,0.0003305139051177268,0.0,0.0,1.0094537110991263e-19,4,0,2,23
UCFOdvWO2g7ThRa7hIFz9BfA,0.0,0.0033783783783783786,0.0,0.000274791330333528,7.554017998397095e-05,0.0,6.377732542840632e-20,1.528344870958518e-20,0,1,1,23
UCQz7agcyTXM1iN_BASwtSZg,0.0,0.0033783783783783786,0.0,0.000274791330333528,7.554017998397095e-05,0.0,6.377732542840632e-20,1.0414848728091906e-20,0,1,1,23
UCdR7fInWMQGUbjjxakUoZbQ,0.0,0.0033783783783783786,0.0,0.000274791330333528,7.554017998397095e-05,0.0,6.377732542840632e-20,1.3015367495627741e-21,0,1,1,23
UCwjcghzQ27Z_eeJgVv0D9Bw,0.0,0.0033783783783783786,0.0,0.000274791330333528,7.554017998397095e-05,0.0,6.377732542840632e-20,-3.1021582585762085e-20,0,1,1,23
UCxSiJTcrpcN-cTQN6umpZ6g,0.45454545454545453,0.0,0.0,0.0006011060351045924,0.0003942573364011658,0.0,0.0,4.8227830972121434e-20,5,0,1,24
UCwOOIXnZwBYbfG2_ZZ0VaYA,0.0,0.0033783783783783786,0.0,0.0003339477972803291,7.554017998397095e-05,0.0,3.0470362700099286e-20,-3.6638832577779266e-20,0,1,1,24
UCgcM-96SNZoaxbHv3_9FnUQ,0.0,0.0033783783783783786,0.0,0.0003339477972803291,7.554017998397095e-05,0.0,3.0470362700099286e-20,-2.9431364078781215e-19,0,1,1,24
UCohB28Buv6Lx4pq1ZsjpBNw,0.0,0.0033783783783783786,0.0,0.0003339477972803291,7.554017998397095e-05,0.0,3.0470362700099286e-20,-1.6786621595989722e-20,0,1,1,24
UCfFXM3Q-uVoGSa9q0jvoG3w,0.0,0.0033783783783783786,0.0,0.0003339477972803291,7.554017998397095e-05,0.0,3.0470362700099286e-20,-7.083256153590973e-20,0,1,1,24
UCITicpdSHgZcEuG9fDGRvGg,0.18181818181818182,0.0,0.0,0.0002704977157970666,0.00017115532690912942,0.0,0.0,-2.015419397418496e-20,2,0,1,25
UCuAaRjUeHVBbIC_cT9L1ULw,0.09090909090909091,0.0,0.0,0.00018033181053137774,0.00010741189562569042,0.0,0.0,-1.3956610306846003e-19,1,0,1,25
UCUkM8fQ0spNqECAQfzNPrGA,0.0,0.006756756756756757,0.0,0.0002704977157970666,7.554017998397095e-05,0.0,-1.0091134689988965e-19,8.777362417072157e-23,0,2,2,25
UC_D0KBhAwIkM-mp061MWwXQ,0.0,0.0033783783783783786,0.0,0.00018033181053137774,7.554017998397095e-05,0.0,-1.2733427731314746e-20,-2.6279689049836308e-20,0,1,2,25
UCntFnJlqLlH-9XwGX9QRKxg,0.45454545454545453,0.0,0.0,0.03687396675834343,0.00033688824824607076,0.0,0.0,2.5774273929247864e-17,5,0,1,26
UCR8UEbQndLiYql3FCPn1HIA,0.45454545454545453,0.0,0.0,0.02675308414961416,0.0003305139051177268,0.0,0.0,5.335882040491851e-18,5,0,1,26
UC2QCc_QU1coIEcwoErYtGEg,0.45454545454545453,0.0,0.0,0.034425177188412,0.0003198899999038203,0.0,0.0,4.1408765013243964e-13,5,0,1,26
UCpRW9GxlvuOCLr7SPTwl-2w,0.45454545454545453,0.0,0.0,0.02360374901628075,0.0003198899999038203,0.0,0.0,-1.3556144627440919e-19,5,0,1,26
UCGZ-dzXSWeEK1lfvp-4pEyg,0.45454545454545453,0.0,0.0,0.03409876984089498,0.0003198899999038203,0.0,0.0,2.5254652851920992e-17,5,0,1,26
UC9Xjq4nHCoBJF76-y_EKUHw,0.45454545454545453,0.0,0.0,0.016233519070953755,0.00076987994566881,0.0,0.0,-5.8493814042025935e-19,5,0,1,27
UCMeR-HrPVfwzR9ojssm9dXA,0.8181818181818182,0.0033783783783783786,0.0,0.016802580455942805,0.0005111202937541372,0.0,-3.6956414867651475e-19,4.431605227672454e-19,9,1,5,27
UCUdfMjM7jwdYc6hxPs7_P_Q,0.45454545454545453,0.0,0.0,0.018693877908214883,0.00040361249250833405,0.0,0.0,3.078558899817761e-19,5,0,1,27
UCNiCI3GshMLYA62zPf8PS3g,0.45454545454545453,0.0,0.0,0.014739016594717895,0.00036238562075944635,0.0,0.0,1.2359746980571176e-19,5,0,1,27
UC-bVdmvEEkzPzp66nbQm5wA,0.45454545454545453,0.0,0.0,0.01677827764173329,0.00036238562075944635,0.0,0.0,1.677562389772145e-19,5,0,1,27
UC_-pK9q8mH5o1UYFVvDtrAw,0.2727272727272727,0.0,0.0,0.03969616206496009,0.0005890575104063435,0.0,0.0,-5.9258435779691085e-19,3,0,1,28
UCymkHsmQyuhyS_0aeQqIsHg,0.45454545454545453,0.0033783783783783786,0.0,0.043231344974849165,0.0005610603117529876,0.0,-3.7439503184198515e-19,4.4512721944972104e-20,5,1,2,28
UCk-aFhW7RbDRDWqdoiCWjlQ,0.45454545454545453,0.0,0.0,0.043129416616713045,0.000414863136971773,0.0,0.0,-7.402711070904404e-20,5,0,1,28
UC60vh_DtFq5SAlGmoCcO78w,0.09090909090909091,0.0,0.0,0.03486235233577446,0.000386406381276277,0.0,0.0,-4.7179430302901133e-20,1,0,1,28
UCbu88BRC3LrXsB8O2_ap4FA,0.36363636363636365,0.0033783783783783786,0.0,0.03760280210628372,0.00036774090049454,0.0,-2.980798274225637e-20,-9.176463281226377e-20,4,1,3,28
UCDRIjKy6eZOvKtOELtTdeUA,0.45454545454545453,0.0,0.0,0.029949757827540693,0.00036238562075944635,0.0,0.0,1.6447203745345675e-18,5,0,1,29
UCPBC6oxXZA4Buc0f9flGkAw,0.45454545454545453,0.0,0.0,0.023645113810475186,0.00036238562075944635,0.0,0.0,3.7241676920720016e-20,5,0,1,29
UCdfDyLCCvLZ88nNr2RcfboA,0.45454545454545453,0.0,0.0,0.029415817283038197,0.0003432625913744147,0.0,0.0,9.366979898253703e-19,5,0,1,29
UCs3RTpe97gpyG1LVENsJvgg,0.45454545454545453,0.0,0.0,0.03047363512090875,0.0003077483939450701,0.0,0.0,2.247774142757141e-19,5,0,1,29
UCneoMjqIdJbIrAYG6YYJI4Q,0.45454545454545453,0.0,0.0,0.02996107795585953,0.0002878807118718692,0.0,0.0,1.7952468179592944e-18,5,0,1,29
UCimKsKtdEfBq5jI41hElJzA,0.18181818181818182,0.0,0.0,0.00024044241404183698,0.0002030270425508489,0.0,0.0,1.969520813323606e-19,2,0,1,30
UCSgf_K1-WkphPECuhBYRRlg,0.0,0.0033783783783783786,0.0,0.00016029494269455797,7.554017998397095e-05,0.0,1.244344029530487e-19,4.2018570740492017e-20,0,1,1,30
UCGlLCZsn8zydH48zQpqt0dA,0.0,0.0033783783783783786,0.0,0.00016029494269455797,7.554017998397095e-05,0.0,1.244344029530487e-19,-1.0388100626901225e-20,0,1,1,30
UCvD3v6ILGK1LzyCdOu615aQ,0.45454545454545453,0.0,0.0,0.0006011060351045924,0.0003942573364011658,0.0,0.0,-1.0354873611871956e-18,5,0,1,31
UCeHLko4kUDoy9d88KdaZugw,0.0,0.0033783783783783786,0.0,0.0003339477972803291,7.554017998397095e-05,0.0,-6.542213247156257e-19,-2.119281142612067e-20,0,1,1,31
UCu8Ny1UkYADgkaqgsFaNKyA,0.0,0.0033783783783783786,0.0,0.0003339477972803291,7.554017998397095e-05,0.0,-6.542213247156257e-19,-1.6242871024091445e-20,0,1,1,31
UCsPwabVbCsQBTFuQn4tdTbQ,0.0,0.0033783783783783786,0.0,0.0003339477972803291,7.554017998397095e-05,0.0,-6.542213247156257e-19,4.177712923689889e-21,0,1,1,31
UCCDG9NsNZShdQltK4TYQ9Cg,0.0,0.0033783783783783786,0.0,0.0003339477972803291,7.554017998397095e-05,0.0,-6.542213247156257e-19,1.08317760751269e-21,0,1,1,31
UCGcC5J3o4MHACTGmprKSQzg,0.45454545454545453,0.0,0.0,0.00080404825613073,0.00036238562075944635,0.0,0.0,-4.362344525283704e-19,5,0,1,32
UC7sh45pAz8umT5-LtkrtOIQ,0.36363636363636365,0.0,0.0,0.0008346786658880911,0.0002795191600909756,0.0,0.0,2.384992619025128e-19,4,0,1,32
UCAh1KeDinrNrAYLG6JCTC4w,0.45454545454545453,0.0,0.0,0.0011685501322433276,0.0002795191600909756,0.0,0.0,-9.661201432095636e-20,5,0,1,32
UCrAsb_UXthtYKmfgSiWr3hw,0.36363636363636365,0.0,0.0,0.0009423791389059095,0.00026677047383428783,0.0,0.0,5.4967356960186e-20,4,0,1,32
UCojYd2NACEHbIOr32008qKA,0.45454545454545453,0.0,0.0,0.0006900886607736187,0.00026677047383428783,0.0,0.0,7.885320822729308e-20,5,0,1,32
UCeGHG2YfYl8FOGgTj5S6JGA,0.18181818181818182,0.0,0.0,0.00024044241404183698,0.0002030270425508489,0.0,0.0,-3.625011291934874e-19,2,0,2,33
UC8PaDCQU8gclvcC96o_AOqg,0.0,0.0033783783783783786,0.0,0.00016029494269455797,7.554017998397095e-05,0.0,-2.290283569274781e-19,-1.7025305125614367e-19,0,1,2,33
UCUav4QmqzJvJDdYPc0b2kRw,0.0,0.0033783783783783786,0.0,0.00016029494269455797,7.554017998397095e-05,0.0,-2.290283569274781e-19,-8.228626653460812e-21,0,1,1,33
UC-oHAMVJb1KvT2LFa3feV_g,0.45454545454545453,0.0,0.0,0.03252810188700223,0.0006368295516759947,0.0,0.0,4.3492183678827456e-20,5,0,1,34
UCc38H-IXsCxeKgMxvThMknw,0.45454545454545453,0.0,0.0,0.032524765215127066,0.000494617630627871,0.0,0.0,-2.1116790870862665e-20,5,0,1,34
UCO7m6B_8xRyK821OThJvKnQ,0.45454545454545453,0.0033783783783783786,0.0,0.03489624460192624,0.0003569526846933899,0.0,2.747837886549924e-20,6.095628246212985e-20,5,1,2,34
UCWMUoFdilzBmSo_DZWARMpQ,0.45454545454545453,0.0,0.0,0.028700458120315183,0.00034644976293858663,0.0,0.0,-6.57737619870608e-20,5,0,1,34
UCI8rnj8j84ehWNQRRUebjtQ,0.45454545454545453,0.0,0.0,0.02872212342175271,0.0003305139051177268,0.0,0.0,3.541240575012678e-19,5,0,1,34
UCszPcofBfjciCaY__1LOjbg,0.45454545454545453,0.0,0.0,0.0006086198605433999,0.00036238562075944635,0.0,0.0,6.882428627519916e-20,5,0,1,35
UC2V4MethV2IEEE0HL8Y4pjg,0.36363636363636365,0.0,0.0,0.0005409954315941332,0.00029864218947600737,0.0,0.0,8.792729140223982e-20,4,0,2,35
UCEZAuVP8KiWveF_S7cQ3bsQ,0.0,0.0033783783783783786,0.0,0.00037453529879593835,7.554017998397095e-05,0.0,5.555249751564182e-20,-3.6565827530145136e-20,0,1,1,35
UC1CK1cwd3K2PEwZJi6jcSkQ,0.0,0.0033783783783783786,0.0,0.00037453529879593835,7.554017998397095e-05,0.0,5.555249751564182e-20,7.418630687323077e-19,0,1,1,35
UCkub3xo7r5AXEARZPn5pVSQ,0.0,0.0033783783783783786,0.0,0.00037453529879593835,7.554017998397095e-05,0.0,5.555249751564182e-20,-2.8592412591629592e-21,0,1,1,35
UC9G-nX59OrEdyMm10NthCDg,0.45454545454545453,0.0,0.0,0.0006011060351045924,0.0003942573364011658,0.0,0.0,-1.3609428690064161e-19,5,0,1,36
UCe3hsolAcBWpXoBZBVVWI5Q,0.0,0.0033783783783783786,0.0,0.0003339477972803291,7.554017998397095e-05,0.0,-8.598442433936214e-20,-7.193306791142578e-20,0,1,1,36
UCmkfudF49UzIVZ9utmH4t1w,0.0,0.0033783783783783786,0.0,0.0003339477972803291,7.554017998397095e-05,0.0,-8.598442433936214e-20,-3.207721160383751e-20,0,1,1,36
UCg5w9MI-o12oPuskEvB9RiQ,0.0,0.0033783783783783786,0.0,0.0003339477972803291,7.554017998397095e-05,0.0,-8.598442433936214e-20,-1.6592124895450886e-20,0,1,1,36
UC7ULG_TPVkCbJgz3t0NoCRA,0.0,0.0033783783783783786,0.0,0.0003339477972803291,7.554017998397095e-05,0.0,-8.598442433936214e-20,-1.9596375244742893e-19,0,1,1,36
UCZuZmvejJ1mswBUw-Gn_VVg,0.18181818181818182,0.0,0.0,0.00024044241404183698,0.0002030270425508489,0.0,0.0,7.050219572101696e-20,2,0,1,37
UCmXG9XqdAX0wq-nZVBc-GlQ,0.0,0.0033783783783783786,0.0,0.00016029494269455797,7.554017998397095e-05,0.0,4.454331516618648e-20,-1.789617977640684e-20,0,1,1,37
UCvNzl2BqadFuc8GWRtcZXBg,0.0,0.0033783783783783786,0.0,0.00016029494269455797,7.554017998397095e-05,0.0,4.454331516618648e-20,8.175615398208893e-20,0,1,1,37
UCe0jVPOT8A4Kk_HzKL06LxQ,0.45454545454545453,0.0,0.0,0.00048088482808367395,0.0003305139051177268,0.0,0.0,-3.779368347853785e-20,5,0,1,38
UCT9xvzhgFF7lHMWME2cv9mQ,0.0,0.006756756756756757,0.0,0.000274791330333528,7.554017998397095e-05,0.0,-4.775612836619107e-20,-7.761839146603398e-20,0,2,2,38
UC7pGSactAQ5V1SSz1bi-PBg,0.0,0.0033783783783783786,0.0,0.000274791330333528,7.554017998397095e-05,0.0,-2.3878064183095536e-20,1.6018266492149976e-20,0,1,1,38
UC8VPQk3UhIkpst9axyYrKEQ,0.0,0.0033783783783783786,0.0,0.000274791330333528,7.554017998397095e-05,0.0,-2.3878064183095536e-20,1.8339410333850796e-20,0,1,1,38
UC4EVPvLj0M_PSqirvFDEIow,0.0,0.0033783783783783786,0.0,0.000274791330333528,7.554017998397095e-05,0.0,-2.3878064183095536e-20,-3.4530661510982016e-20,0,1,1,38
UCFxl9QXcxdmo40DKsMzayKQ,0.45454545454545453,0.0,0.0,0.0006011060351045924,0.0003942573364011658,0.0,0.0,8.497403348941737e-20,5,0,1,39
UC_vsJM6FgfGYkjyMfiQ24aA,0.0,0.0033783783783783786,0.0,0.0003339477972803291,7.554017998397095e-05,0.0,5.3686627997216734e-20,-5.690977776222831e-22,0,1,1,39
UC_gHJsaXlWtTrw6HPLF4viA,0.0,0.0033783783783783786,0.0,0.0003339477972803291,7.554017998397095e-05,0.0,5.3686627997216734e-20,1.0871442754592308e-20,0,1,1,39
UCBoeGBCAYjB51f63K4rNZCw,0.0,0.0033783783783783786,0.0,0.0003339477972803291,7.554017998397095e-05,0.0,5.3686627997216734e-20,2.3351571372888737e-19,0,1,1,39
UCO2dmuqJgL3gWJVKTL3KSEw,0.0,0.0033783783783783786,0.0,0.0003339477972803291,7.554017998397095e-05,0.0,5.3686627997216734e-20,2.5437026823034224e-20,0,1,1,39
UCSU51iwjpGcJk8cuusSEkZA,0.18181818181818182,0.0,0.0,0.00024044241404183698,0.0002030270425508489,0.0,0.0,1.3073766662350462e-20,2,0,2,40
UC7me_vd28Wr9kmkTgVKndyg,0.0,0.0033783783783783786,0.0,0.00016029494269455797,7.554017998397095e-05,0.0,8.2600109527746e-21,9.634520002950358e-20,0,1,1,40
UCFeSJeQ3WA_WYQBZ4xK43pQ,0.0,0.0033783783783783786,0.0,0.00016029494269455797,7.554017998397095e-05,0.0,8.2600109527746e-21,1.023001651397572e-20,0,1,1,40
UCCMkxzUUJmm0cbY2lfmA7HA,0.2727272727272727,0.0,0.0,0.00024044241404183698,0.0002030270425508489,0.0,0.0,-1.610545533209157e-19,3,0,3,41
UC9xftwCthTiQOU4T2kgSDCw,0.0,0.006756756756756757,0.0,0.00016029494269455797,7.554017998397095e-05,0.0,-2.035086610893841e-19,-5.048997799780692e-21,0,2,2,41
UCJb0JNeDixCg1CFlHKqgJ5g,0.0,0.0033783783783783786,0.0,0.00016029494269455797,7.554017998397095e-05,0.0,-1.0175433054469205e-19,-2.676632636750446e-19,0,1,1,41
UCn6gOD6p8HTOJ-kx7X3NN-Q,0.09090909090909091,0.0,0.0,0.00012022120702091849,0.00013928361126740993,0.0,0.0,-1.0911736723849234e-19,1,0,1,42
UCk2XQX68ZzRNphOSEzakW1g,0.0,0.0033783783783783786,0.0,0.00012022120702091849,7.554017998397095e-05,0.0,-6.894039581748456e-20,-4.334606832838283e-20,0,1,1,42
UCeBZyMOdApeYH7PNivm19xQ,0.2727272727272727,0.0,0.0,0.00046925051772681096,0.00022427485297866185,0.0,0.0,-5.03769561478644e-19,3,0,1,43
UCFaya_2vlzMOh1wZBv_d6Gw,0.2727272727272727,0.0,0.0,0.0006324680891100495,0.0001817792321230359,0.0,0.0,7.797945572171652e-20,3,0,1,43
UCY1mJdSh9Miu6VI41jtMaYQ,0.18181818181818182,0.0,0.0,0.0004408110924100345,0.00016053142169522293,0.0,0.0,-1.2900036484413422e-19,2,0,1,43
UCpEq-eadXfjYZSXt0E7YA1Q,0.18181818181818182,0.0,0.0,0.0004408110924100345,0.00016053142169522293,0.0,0.0,-2.188135958933795e-19,2,0,1,43
UCOr5-9Wj3L0bZpq43tGBDYw,0.09090909090909091,0.0,0.0,0.00041562188712946106,9.678799041178392e-05,0.0,0.0,-1.3836923972369121e-19,1,0,2,43
UCqrgajO7g-fWd7GyYZbPFsw,0.45454545454545453,0.0,0.0,0.00048088482808367395,0.0003305139051177268,0.0,0.0,-1.7828044784655182e-21,5,0,1,44
UCtBH3uvU4OVUlO4lHphDsCg,0.0,0.006756756756756757,0.0,0.000274791330333528,7.554017998397095e-05,0.0,-2.2527531505038015e-21,4.236378051635036e-21,0,2,2,44
UCSDc3yVDXSNQqd_xu6f_W8w,0.0,0.0033783783783783786,0.0,0.000274791330333528,7.554017998397095e-05,0.0,-1.1263765752519007e-21,-2.0390265622553537e-20,0,1,1,44
UC-4HkyaYxfEMIUGk0Qn0Akg,0.0,0.0033783783783783786,0.0,0.000274791330333528,7.554017998397095e-05,0.0,-1.1263765752519007e-21,3.792842722938657e-20,0,1,1,44
UCfY8MTchqcEmrjOV1bmtvQw,0.0,0.0033783783783783786,0.0,0.000274791330333528,7.554017998397095e-05,0.0,-1.1263765752519007e-21,1.237455437085646e-19,0,1,1,44
UC9fspRcjbNQYOTtpoi-hKXQ,0.2727272727272727,0.0,0.0,0.0003606636210627555,0.00026677047383428783,0.0,0.0,-4.6241498771159024e-21,3,0,3,45
UCticPGHyRyj4TDAkF7ovkUA,0.0,0.0033783783783783786,0.0,0.00021639817263765327,7.554017998397095e-05,0.0,-2.9215397229203494e-21,1.0776101207685841e-19,0,1,1,45
UCn9MjqSqQ9ceYCUI5PrfP6w,0.0,0.0033783783783783786,0.0,0.00021639817263765327,7.554017998397095e-05,0.0,-2.9215397229203494e-21,-1.851297263694582e-20,0,1,1,45
UCyyblUVMJQixoR0zz9xotug,0.0,0.0033783783783783786,0.0,0.00021639817263765327,7.554017998397095e-05,0.0,-2.9215397229203494e-21,2.2788416660774623e-19,0,1,1,45
UCyTaAapAsWZJUO7awyU84Tw,1.0,0.0,0.0,0.03968870878631477,0.0005376800567889035,0.0,0.0,2.0697385135919896e-13,11,0,8,46
UC79tvCawx5QnenDYRXuBh7Q,0.45454545454545453,0.0,0.0,0.037148296628977825,0.00044045222978142753,0.0,0.0,8.860022743794505e-19,5,0,1,46
UCY2iUlWVaLBaqU84feyf7XQ,0.45454545454545453,0.0,0.0,0.04267662450004963,0.0004196598063213404,0.0,0.0,6.490443402343314e-14,5,0,1,46
UCI7evvdMSb0_MUW8FUO-L5A,0.45454545454545453,0.0,0.0,0.03550319244122819,0.00036238562075944635,0.0,0.0,1.769723410886554e-14,5,0,1,46
UC8S3v_gIrYXAw4G--6Iw96A,0.45454545454545453,0.0,0.0,0.033832557965592154,0.00036238562075944635,0.0,0.0,6.28426480465248e-16,5,0,1,46
UCSCr6NR5FjnFIh97V3boHjQ,0.45454545454545453,0.0,0.0,0.0008783284531208656,0.00036238562075944635,0.0,0.0,-1.4944612241996557e-19,5,0,1,47
UCXKqiCHril5QYTsSeqMpg8Q,0.36363636363636365,0.0,0.0,0.0007426792711716972,0.0003511273409921707,0.0,0.0,-1.687932034388568e-19,4,0,1,47
UCrTagIXmJJmEaZ2dZHcUtWA,0.45454545454545453,0.0,0.0,0.0012097731524117583,0.0003373850504092081,0.0,0.0,4.113365279789159e-19,5,0,1,47
UC6aL1BfF7g8xOFF75yyYwCA,0.45454545454545453,0.0,0.0,0.0011800854676899974,0.00028801828426210086,0.0,0.0,4.585726618441331e-19,5,0,1,47
UCjMS-_DVNMtdCLdneXXL1RA,0.36363636363636365,0.0,0.0,0.0005846624049649532,0.0002348987581925684,0.0,0.0,2.5542604600387105e-19,4,0,2,47
UChDq-eUcM4Bev2CeJY_S5XA,0.2727272727272727,0.0,0.0,0.0003606636210627555,0.00026677047383428783,0.0,0.0,4.064864229608674e-19,3,0,1,48
UCNPWknhrdEyzICsw4WbqstQ,0.0,0.0033783783783783786,0.0,0.00021639817263765327,7.554017998397095e-05,0.0,2.5681828294213195e-19,-1.3818602448580942e-20,0,1,1,48
UCWgs4GtdE1sm-Qtetz_0f2w,0.0,0.0033783783783783786,0.0,0.00021639817263765327,7.554017998397095e-05,0.0,2.5681828294213195e-19,-1.8692457365757251e-19,0,1,1,48
UCd7YOVhKiUuOMk5CKgGDqeQ,0.0,0.0033783783783783786,0.0,0.00021639817263765327,7.554017998397095e-05,0.0,2.5681828294213195e-19,1.7074976649676085e-20,0,1,1,48
UCNSwcDEUfIEzYdAPscXo6ZA,0.18181818181818182,0.0,0.0,0.00012022120702091849,0.00013928361126740993,0.0,0.0,-2.8827080049833643e-19,2,0,3,49
UCtArVT0RF1Zbjck9TM6YrmQ,0.0,0.006756756756756757,0.0,0.00012022120702091849,7.554017998397095e-05,0.0,-3.642592117447615e-19,-1.7929775461336825e-19,0,2,2,49
UC08IeoYrr2ppXzVBjPbCx0Q,0.2727272727272727,0.0,0.0,0.00012022120702091849,0.00013928361126740993,0.0,0.0,-5.638002172358585e-19,3,0,1,50
UCe2zSXiiyHDbfZnlQD79rdA,0.0,0.010135135135135136,0.0,0.00012022120702091849,7.554017998397095e-05,0.0,-1.0686276013222727e-18,-7.573957844621201e-20,0,3,3,50
UCAASBeDR8WBG9s6FXFQqh5g,0.36363636363636365,0.0,0.0,0.00048088482808367395,0.0003305139051177268,0.0,0.0,-4.700461705904919e-19,4,0,2,51
UCGnWl4M1r-ajxAgZaAfcdOw,0.0,0.0033783783783783786,0.0,0.000274791330333528,7.554017998397095e-05,0.0,-2.9697535665587533e-19,-1.089433566804244e-19,0,1,1,51
UCjPvCwxcWmh02aiYujVkWSQ,0.0,0.0033783783783783786,0.0,0.000274791330333528,7.554017998397095e-05,0.0,-2.9697535665587533e-19,2.106610194700469e-19,0,1,1,51
UCXuboV2RkUUAzmQD1zALv3w,0.0,0.0033783783783783786,0.0,0.000274791330333528,7.554017998397095e-05,0.0,-2.9697535665587533e-19,2.5832805706025387e-20,0,1,1,51
UCMXdA186bEn2w6z_7ntXwDQ,0.0,0.0033783783783783786,0.0,0.000274791330333528,7.554017998397095e-05,0.0,-2.9697535665587533e-19,-9.098511156321427e-20,0,1,1,51
UClnIYR44MJT60tPVWmmtskg,0.45454545454545453,0.0,0.0,0.00048088482808367395,0.0003305139051177268,0.0,0.0,-2.2598393858154023e-19,5,0,1,52
UCYM7oOtWMPKZTdxN7hAg_UA,0.0,0.006756756756756757,0.0,0.000274791330333528,7.554017998397095e-05,0.0,-2.855534837117971e-19,-1.811820530149518e-20,0,2,2,52
UCWfDnJnjC6T6n7jvfBW-hQA,0.0,0.0033783783783783786,0.0,0.000274791330333528,7.554017998397095e-05,0.0,-1.4277674185589856e-19,-4.197747377782874e-21,0,1,1,52
UCuqfBamfrdX_bxnuxZreskA,0.0,0.0033783783783783786,0.0,0.000274791330333528,7.554017998397095e-05,0.0,-1.4277674185589856e-19,-6.314892042268802e-21,0,1,1,52
UCnW8xrZTisgLrf8K-wYZ1Gw,0.0,0.0033783783783783786,0.0,0.000274791330333528,7.554017998397095e-05,0.0,-1.4277674185589856e-19,1.209437196542705e-19,0,1,1,52
UCw_h81i61n3RTeVcNecOtuQ,0.45454545454545453,0.0,0.0,0.0006011060351045924,0.0003942573364011658,0.0,0.0,5.371485249717914e-19,5,0,1,53
UCDyvnPbDLvCfGGYKjiQDyyQ,0.0,0.0033783783783783786,0.0,0.0003339477972803291,7.554017998397095e-05,0.0,3.3937065071773583e-19,3.7641002665506367e-20,0,1,1,53
UCrWw6pJE1ptbejjtYZquz8A,0.0,0.0033783783783783786,0.0,0.0003339477972803291,7.554017998397095e-05,0.0,3.3937065071773583e-19,-2.9964260638691666e-19,0,1,1,53
UCiJIW8f_U9kuoEPzfdl760A,0.0,0.0033783783783783786,0.0,0.0003339477972803291,7.554017998397095e-05,0.0,3.3937065071773583e-19,-6.287966215561018e-20,0,1,1,53
UCf9FLNfVF-LZHvhxplsV-1g,0.0,0.0033783783783783786,0.0,0.0003339477972803291,7.554017998397095e-05,0.0,3.3937065071773583e-19,-9.957332936098588e-22,0,1,1,53
UCmt3wZv1u2IvPPHDpAICU-Q,0.36363636363636365,0.0,0.0,0.00048088482808367395,0.0003305139051177268,0.0,0.0,8.571452096059347e-19,4,0,1,54
UCKF43tj6kvYh9T6JiK4olOA,0.0,0.0033783783783783786,0.0,0.000274791330333528,7.554017998397095e-05,0.0,5.415446827464197e-19,9.726194217885203e-20,0,1,1,54
UCnoGDl4HFOLqkfgnRpjz-2w,0.0,0.0033783783783783786,0.0,0.000274791330333528,7.554017998397095e-05,0.0,5.415446827464197e-19,8.11186978884399e-20,0,1,1,54
UCO8AWyjI86n2XhnbvWPxrgA,0.0,0.0033783783783783786,0.0,0.000274791330333528,7.554017998397095e-05,0.0,5.415446827464197e-19,-3.840257766513763e-20,0,1,1,54
UCAFACoDY8lvCJeeh7h-0iRg,0.0,0.0033783783783783786,0.0,0.000274791330333528,7.554017998397095e-05,0.0,5.415446827464197e-19,-5.896128547917318e-20,0,1,1,54
UCp7S-54wGSBIx9sIfO17ZHw,0.09090909090909091,0.0,0.0,0.00012022120702091849,0.00013928361126740993,0.0,0.0,-1.5964213783562562e-19,1,0,1,55
UCcIhcOoMCDilzxTYIDtdKqA,0.0,0.0033783783783783786,0.0,0.00012022120702091849,7.554017998397095e-05,0.0,-1.0086196588195399e-19,1.8073771272855136e-20,0,1,1,55
UCBIR9kc25RGfiHCx7IjriiA,0.18181818181818182,0.0,0.0,0.00012022120702091849,0.00013928361126740993,0.0,0.0,-1.1281872657499532e-19,2,0,1,56
UCiCaI0y177k7870dZ_PHPKg,0.0,0.006756756756756757,0.0,0.00012022120702091849,7.554017998397095e-05,0.0,-1.4255783222308261e-19,8.886449098042885e-20,0,2,2,56
UCt_SpnuyYaJTqc0GBgh7T0A,0.2727272727272727,0.0,0.0,0.0003606636210627555,0.00026677047383428783,0.0,0.0,-8.02178334266379e-20,3,0,1,57
UC9ypYgbSWkejXGDl69wEHig,0.0,0.0033783783783783786,0.0,0.00021639817263765327,7.554017998397095e-05,0.0,-5.068165891471954e-20,-5.0377686579781405e-21,0,1,1,57
UCR43QAWgUG_oL0E1wbz1HhA,0.0,0.0033783783783783786,0.0,0.00021639817263765327,7.554017998397095e-05,0.0,-5.068165891471954e-20,-9.675070898351827e-22,0,1,1,57
UC3g-66xA9XVQ3kpDfNhjU6A,0.0,0.0033783783783783786,0.0,0.00021639817263765327,7.554017998397095e-05,0.0,-5.068165891471954e-20,1.2422572887981067e-20,0,1,1,57
UCMxkIzELf_JHL-XqVsLz6LA,0.45454545454545453,0.0,0.0,0.0006156783026222795,0.00036238562075944635,0.0,0.0,-9.220336324568563e-21,5,0,1,58
UClU5qQunXNgzTzMY5Wv4Tmg,0.45454545454545453,0.0,0.0,0.0007524957032050083,0.0003305139051177268,0.0,0.0,1.4876028995951793e-19,5,0,1,58
UCEIyrymOkbg5WRlkQWyVpQw,0.45454545454545453,0.0,0.0,0.0004955459508911031,0.00023489875819256837,0.0,0.0,1.5073869938635963e-19,5,0,1,58
UCW5f-pgZg0cd-76wNNg4oaA,0.0,0.006756756756756757,0.0,0.0006156783026222795,7.554017998397095e-05,0.0,1.892235800311514e-19,2.3222006816025465e-19,0,2,2,58
UCPGw54_tjZ6S1nxtDtxQllA,0.0,0.006756756756756757,0.0,0.00038334686767047595,7.554017998397095e-05,0.0,1.9047353989022135e-19,2.235131824657295e-20,0,2,2,58
UCMboPmMf3iSbmliiDO4TUcA,0.45454545454545453,0.0,0.0,0.0006182804932504379,0.00036238562075944635,0.0,0.0,7.7783874186752495e-19,5,0,1,59
UCs6hNriROONs8sB_78qS8Gg,0.09090909090909091,0.0,0.0,0.0002885308968502044,0.00010741189562569042,0.0,0.0,2.1517169017999394e-19,1,0,1,59
UC_z20b_ZT5GfKM8Dl4RPDmg,0.0,0.0033783783783783786,0.0,0.0003606636210627555,7.554017998397095e-05,0.0,4.914388250343044e-19,2.945169858885174e-20,0,1,1,59
UCpdRlHyEnMzx31wB8mN0-jg,0.0,0.0033783783783783786,0.0,0.0003606636210627555,7.554017998397095e-05,0.0,4.914388250343044e-19,3.823725758112902e-20,0,1,1,59
UCLIQEReujtEyKWer1zBQbRQ,0.0,0.0033783783783783786,0.0,0.0003606636210627555,7.554017998397095e-05,0.0,4.914388250343044e-19,-7.406074017518084e-20,0,1,1,59
UCxtXLupeuNyJ5u7RVVqqBRw,0.2727272727272727,0.0,0.0,0.00024044241404183698,0.0002030270425508489,0.0,0.0,-2.433651591216523e-19,3,0,2,60
UCVnybaBjFAshT5umtdWxeiA,0.0,0.006756756756756757,0.0,0.00016029494269455797,7.554017998397095e-05,0.0,-3.0751640774766257e-19,1.1379816531943629e-20,0,2,2,60
UCc2096Kf4BTdoGEFdrEUGZw,0.0,0.0033783783783783786,0.0,0.00016029494269455797,7.554017998397095e-05,0.0,-1.5375820387383129e-19,-2.6259416105092913e-21,0,1,1,60
UC02XPNl82xg430takSH_qdg,0.09090909090909091,0.0,0.0,0.00012022120702091849,0.00013928361126740993,0.0,0.0,5.478730703811831e-21,1,0,2,61
UC0xPF73qpKaH5XSMiwUHKxA,0.0,0.0033783783783783786,0.0,0.00012022120702091849,7.554017998397095e-05,0.0,3.461464227529067e-21,5.562262147471293e-20,0,1,1,61
UCI7bAzgT-7qr5arWU9hrROg,0.09090909090909091,0.0,0.0,0.00012022120702091849,0.00013928361126740993,0.0,0.0,-3.2066929466329805e-23,1,0,1,62
UCx-Y2AWX3dDa4jjJJ4s6BnQ,0.0,0.0033783783783783786,0.0,0.00012022120702091849,7.554017998397095e-05,0.0,-2.025989873113695e-23,-7.281888359047915e-20,0,1,1,62
UCDu5RcFDeZKtXDZzlJvCHUA,0.45454545454545453,0.0,0.0,0.0006011060351045924,0.0003942573364011658,0.0,0.0,-6.147956373166668e-20,5,0,1,63
UCMkRzDpi0pzZCxcNzght6sQ,0.0,0.0033783783783783786,0.0,0.0003339477972803291,7.554017998397095e-05,0.0,-3.884281270353285e-20,-4.9693695854157066e-21,0,1,1,63
UCVTs_47D6FwS_2mC4Xeby5Q,0.0,0.0033783783783783786,0.0,0.0003339477972803291,7.554017998397095e-05,0.0,-3.884281270353285e-20,8.406708644661291e-22,0,1,1,63
UClpBT6mUVpXKs4rFGgkbHUg,0.0,0.0033783783783783786,0.0,0.0003339477972803291,7.554017998397095e-05,0.0,-3.884281270353285e-20,2.7615403824202224e-20,0,1,1,63
UCT0Mqm7_RmAXs7UECqpxa_A,0.0,0.0033783783783783786,0.0,0.0003339477972803291,7.554017998397095e-05,0.0,-3.884281270353285e-20,1.361363582986009e-19,0,1,1,63
UCS3oYeL9W9wH1aBSlOMv2Aw,0.09090909090909091,0.0,0.0,0.00012022120702091849,0.00013928361126740993,0.0,0.0,-5.289563189484192e-21,1,0,1,64
UCAuSZ28oIYxZmLdVCk2Tqhw,0.0,0.0033783783783783786,0.0,0.00012022120702091849,7.554017998397095e-05,0.0,-3.3419481170912717e-21,7.432627691915159e-21,0,1,1,64
UCPGy6r5JOD_yx-rE1t2gq2A,0.36363636363636365,0.0,0.0,0.00048088482808367395,0.0003305139051177268,0.0,0.0,2.048893188972004e-19,4,0,2,65
UCg7QBQdxa1wCpjEla4JhJKA,0.0,0.0033783783783783786,0.0,0.000274791330333528,7.554017998397095e-05,0.0,1.294491527886224e-19,3.167625615489444e-20,0,1,1,65
UCB-WmLHZgYRH6MKZWDbzcpA,0.0,0.0033783783783783786,0.0,0.000274791330333528,7.554017998397095e-05,0.0,1.294491527886224e-19,-1.3655346621078065e-19,0,1,1,65
UCBsYW2Ibfy8UAhghP_hHh9g,0.0,0.0033783783783783786,0.0,0.000274791330333528,7.554017998397095e-05,0.0,1.294491527886224e-19,-3.858554747068008e-21,0,1,1,65
UCKC6GdYBQZXBZ9z38B6v6Ig,0.0,0.0033783783783783786,0.0,0.000274791330333528,7.554017998397095e-05,0.0,1.294491527886224e-19,9.779982525148493e-22,0,1,1,65
UCRb5J-F2N3cWSRwSei2-zhw,0.45454545454545453,0.0,0.0,0.0003606636210627555,0.00026677047383428783,0.0,0.0,-3.0282746267859465e-19,5,0,1,66
UCdQQosZBbJwSzXCJxdyS4xw,0.0,0.006756756756756757,0.0,0.00021639817263765327,7.554017998397095e-05,0.0,-3.8265302160080426e-19,4.8135947380192295e-20,0,2,3,66
UCTAGz60LbFA4fDuDiUlUfGg,0.0,0.006756756756756757,0.0,0.00021639817263765327,7.554017998397095e-05,0.0,-3.8265302160080426e-19,-2.4073354649165115e-20,0,2,2,66
UCstX0RIU-Ayr7e6AjRgCj6Q,0.0,0.0033783783783783786,0.0,0.00021639817263765327,7.554017998397095e-05,0.0,-1.9132651080040213e-19,4.0509414538228245e-20,0,1,1,66
UCMXZ5OQuSMGH5FtGDQNphOQ,0.45454545454545453,0.0,0.0,0.0006011060351045924,0.0003942573364011658,0.0,0.0,-3.7265055547491396e-19,5,0,1,67
UCb67o4vVr7gXqu9J7lwMSkA,0.0,0.0033783783783783786,0.0,0.0003339477972803291,7.554017998397095e-05,0.0,-2.354407684699287e-19,4.05035212480995e-20,0,1,1,67
UCTjM0ZUn4oxlEkJZUE3xjxQ,0.0,0.0033783783783783786,0.0,0.0003339477972803291,7.554017998397095e-05,0.0,-2.354407684699287e-19,-7.502250958248693e-20,0,1,1,67
UC865EBC61i__JrSSRTpjfAA,0.0,0.0033783783783783786,0.0,0.0003339477972803291,7.554017998397095e-05,0.0,-2.354407684699287e-19,3.0382633348580466e-20,0,1,1,67
UCqOj3kb89mjvBboeKMKJv8g,0.0,0.0033783783783783786,0.0,0.0003339477972803291,7.554017998397095e-05,0.0,-2.354407684699287e-19,3.0625488635261504e-19,0,1,1,67
UCqqUPGCP-LLRawYpSTULS8A,0.09090909090909091,0.0,0.0,0.00012022120702091849,0.00013928361126740993,0.0,0.0,1.3406938011996756e-19,1,0,1,68
UCWhxpn6hb10-ZUCj2HA-nvQ,0.0,0.0033783783783783786,0.0,0.00012022120702091849,7.554017998397095e-05,0.0,8.470508743373405e-20,-1.529114495001688e-19,0,1,1,68
UCLcs9Zb-F0NJ96Ct5b56YCw,0.09090909090909091,0.0,0.0,0.00012022120702091849,0.00013928361126740993,0.0,0.0,-6.728374089318144e-20,1,0,1,69
UCKq8sMSsVc_DIwvkP_P5m0g,0.0,0.0033783783783783786,0.0,0.00012022120702091849,7.554017998397095e-05,0.0,-4.2509894131872856e-20,-3.993793269437185e-20,0,1,1,69
UC-QrQIb2q0h6PZbKLe3ch7w,0.09090909090909091,0.0,0.0,0.00012022120702091849,0.00013928361126740993,0.0,0.0,-7.173196375882155e-20,1,0,1,70
UCVjDDt28EnBq8g62NQxdQSQ,0.0,0.0033783783783783786,0.0,0.00012022120702091849,7.554017998397095e-05,0.0,-4.5320283099298713e-20,9.343626475154795e-21,0,1,1,70
UCFJkRChJ2sbMkVCRYobB6LQ,0.45454545454545453,0.0,0.0,0.04128107989504638,0.0003690678751217094,0.0,0.0,5.537408269939398e-12,5,0,1,71
UCV24NlDjFEZz0etslf0U4Tw,0.45454545454545453,0.0,0.0,0.028055841657644447,0.00036238562075944635,0.0,0.0,2.7571909425180605e-20,5,0,1,71
UCJjMjtZBBwJha0xNy0X-heA,0.45454545454545453,0.0,0.0,0.03195066702993152,0.00036238562075944635,0.0,0.0,7.334705778321333e-17,5,0,1,71
UCGjdoQM2c3H6q-Q1GYy5TGg,0.45454545454545453,0.0,0.0,0.026584108645015057,0.00036238562075944635,0.0,0.0,-1.709589146189957e-20,5,0,2,71
UCZxaeyc9zNzNM8FWhRBJ4Mw,0.36363636363636365,0.0,0.0,0.03206807529647219,0.00035921374799260085,0.0,0.0,7.375568070770343e-17,4,0,2,71
UCrgEit0gZZyOPPyWZIrkKZw,0.09090909090909091,0.0,0.0,0.00012022120702091849,0.00013928361126740993,0.0,0.0,-1.6229925969321872e-19,1,0,1,72
UC_ItijaYIj7e8Mu33a4Zq8g,0.0,0.0033783783783783786,0.0,0.00012022120702091849,7.554017998397095e-05,0.0,-1.0254073652345403e-19,-1.6692364971156593e-19,0,1,1,72
UC1rE7yqa7r0w97DVXxwBudA,0.45454545454545453,0.0,0.0,0.03141826144410114,0.0005460658540495426,0.0,0.0,-1.4359675012678878e-19,5,0,1,73
UCB90KBECctN3B3H1JNT3YBA,0.2727272727272727,0.0,0.0,0.03216295125888778,0.00040935503034714756,0.0,0.0,1.6911501261522648e-16,3,0,3,73
UC3-h1NMQ4rYq8aTxo0kdBqw,0.45454545454545453,0.0,0.0,0.029240844237918454,0.00036238562075944635,0.0,0.0,1.1232378160904372e-19,5,0,1,73
UCvHBhV-03F8wRekJBC_EGvQ,0.45454545454545453,0.0,0.0,0.027714564520762375,0.00036238562075944635,0.0,0.0,1.752798376809553e-19,5,0,1,73
UCt6hbXmqeAgV-0Bvli5h5yA,0.45454545454545453,0.0,0.0,0.02778418283332183,0.00036238562075944635,0.0,0.0,3.423437482224811e-19,5,0,1,73
UC7wamdRgddpDKM2rFEKDmZQ,0.09090909090909091,0.0,0.0,0.00012022120702091849,0.00013928361126740993,0.0,0.0,9.44038685006189e-21,1,0,1,74
UCH1VOlubI0JDBZh_h2wMu6Q,0.0,0.0033783783783783786,0.0,0.00012022120702091849,7.554017998397095e-05,0.0,5.964440149027512e-21,-3.064332875846125e-20,0,1,1,74
UCocROVXHZzd8VFuF6MT6BnQ,0.36363636363636365,0.0,0.0,0.00048088482808367395,0.0003305139051177268,0.0,0.0,-1.4983724752472141e-19,4,0,2,75
UCUcDzapUoZv0p_MdLy5zjLA,0.0,0.0033783783783783786,0.0,0.000274791330333528,7.554017998397095e-05,0.0,-9.466723230207061e-20,-5.90901981484739e-20,0,1,1,75
UC65JmYyy04GU7WkB1G6cX0Q,0.0,0.0033783783783783786,0.0,0.000274791330333528,7.554017998397095e-05,0.0,-9.466723230207061e-20,2.3983207278398655e-19,0,1,1,75
UCtyz8MmrMT78gqPBbQIzsDQ,0.0,0.0033783783783783786,0.0,0.000274791330333528,7.554017998397095e-05,0.0,-9.466723230207061e-20,8.2506152917663e-20,0,1,1,75
UCi73fYAOxpCacBJ5QyNQBCQ,0.0,0.0033783783783783786,0.0,0.000274791330333528,7.554017998397095e-05,0.0,-9.466723230207061e-20,-1.1068614329091835e-19,0,1,1,75
UC3Iu7ZtuWtgLTu47Ejw564g,0.18181818181818182,0.0,0.0,0.00024044241404183698,0.0002030270425508489,0.0,0.0,-2.3544715261682928e-20,2,0,1,76
UCF3aoLiPVruZpnMPCMch6NQ,0.0,0.0033783783783783786,0.0,0.00016029494269455797,7.554017998397095e-05,0.0,-1.4875560422958916e-20,-3.940951248479638e-19,0,1,1,76
UC2J8NybQarHnDbgxK-jzlMQ,0.0,0.0033783783783783786,0.0,0.00016029494269455797,7.554017998397095e-05,0.0,-1.4875560422958916e-20,-4.906386131356932e-20,0,1,1,76
UCoTsoCKTOqJ9oAcvXG4MGUw,0.45454545454545453,0.0,0.0,0.00048088482808367395,0.0003305139051177268,0.0,0.0,1.3211171822210064e-19,5,0,1,77
UC8TMxH768QKWjTMHrSd4eEQ,0.0,0.006756756756756757,0.0,0.000274791330333528,7.554017998397095e-05,0.0,1.6693647174336731e-19,-2.7514928331012157e-21,0,2,2,77
UCfseNdfXfkHABLY5QUavlqA,0.0,0.0033783783783783786,0.0,0.000274791330333528,7.554017998397095e-05,0.0,8.346823587168366e-20,3.28739582556177e-20,0,1,1,77
UCpzTpb3RvJAANtLh-amDuAg,0.0,0.0033783783783783786,0.0,0.000274791330333528,7.554017998397095e-05,0.0,8.346823587168366e-20,-5.722877817548992e-21,0,1,1,77
UCJ7E1EvhDTbJ5qGRaqyByAA,0.0,0.0033783783783783786,0.0,0.000274791330333528,7.554017998397095e-05,0.0,8.346823587168366e-20,-1.124925809205564e-19,0,1,1,77
UCGgm1kDsSIU2QGTHS85b0Zg,0.09090909090909091,0.0,0.0,0.00012022120702091849,0.00013928361126740993,0.0,0.0,1.3144572767081213e-20,1,0,1,78
UCQSbv29AeEkh0J0sWyrjq2w,0.0,0.0033783783783783786,0.0,0.00012022120702091849,7.554017998397095e-05,0.0,8.304746277773443e-21,2.047970934392876e-20,0,1,1,78
UCuo29a_tvwQjTAmP2QFPPCg,0.18181818181818182,0.0,0.0,0.00024044241404183698,0.0002030270425508489,0.0,0.0,2.6603960213623617e-19,2,0,1,79
UC_ZF62MbV9uYBJ3jD_KSxUw,0.0,0.0033783783783783786,0.0,0.00016029494269455797,7.554017998397095e-05,0.0,1.6808392594655902e-19,-6.90385038239354e-20,0,1,1,79
UC_pPgc4XuWxEHAL8YBi36qw,0.0,0.0033783783783783786,0.0,0.00016029494269455797,7.554017998397095e-05,0.0,1.6808392594655902e-19,1.669159871947475e-20,0,1,1,79
UC-7PafbH7jGqB1U3xMZiUlw,0.09090909090909091,0.0,0.0,0.00012022120702091849,0.00013928361126740993,0.0,0.0,2.5332687822697255e-20,1,0,1,80
UCYWrkGcgLRi_W_Wqbrq9m9g,0.0,0.0033783783783783786,0.0,0.00012022120702091849,7.554017998397095e-05,0.0,1.600520219481104e-20,-1.0747868029398403e-19,0,1,1,80
UCHLrQL3OSVtWXaitRFu1kog,0.2727272727272727,0.0,0.0,0.00024044241404183698,0.0002030270425508489,0.0,0.0,2.7108281779130037e-19,3,0,2,81
UC6sA8peKHi6OD9nRVDAeqYQ,0.0,0.0033783783783783786,0.0,0.00016029494269455797,7.554017998397095e-05,0.0,1.7127023159388236e-19,2.025912396523527e-20,0,1,1,81
UCFy0Fdrz9rsHkReAXoBHXXw,0.0,0.006756756756756757,0.0,0.00016029494269455797,7.554017998397095e-05,0.0,3.425404631877647e-19,3.2170487982490873e-21,0,2,2,81
UCsQ2HgDnJ86nZAZMxPgVtLA,0.36363636363636365,0.0,0.0,0.00048088482808367395,0.0003305139051177268,0.0,0.0,-4.009994150147608e-19,4,0,2,82
UCDlpDr53QUxBkhUIxOTdwWA,0.0,0.0033783783783783786,0.0,0.000274791330333528,7.554017998397095e-05,0.0,-2.533515891496443e-19,-1.2770948078723814e-19,0,1,1,82
UCO-JYNXZM1wFGbgPVR0dwpA,0.0,0.0033783783783783786,0.0,0.000274791330333528,7.554017998397095e-05,0.0,-2.533515891496443e-19,1.2719638382288763e-20,0,1,1,82
UCMVUCFUsTfKK0L9n77v00JQ,0.0,0.0033783783783783786,0.0,0.000274791330333528,7.554017998397095e-05,0.0,-2.533515891496443e-19,1.3568227916005945e-20,0,1,1,82
UCjNEXSBwQNaRnFiAH224uDA,0.0,0.0033783783783783786,0.0,0.000274791330333528,7.554017998397095e-05,0.0,-2.533515891496443e-19,-5.843391635365575e-20,0,1,1,82
UCMp2nBttrLi0DV_vsqyqNZg,0.9090909090909091,0.0,0.0,0.038074662109498704,0.0006242068851016684,0.0,0.0,4.702441324570465e-09,10,0,2,83
UC4zHx1Kk3NPYAdjGi3OkYrg,0.36363636363636365,0.0,0.0,0.04029480369735481,0.0005268803905843024,0.0,0.0,7.143884342300885e-07,4,0,2,83
UCP5TzKbZDAZvh62Gdb7UGaw,0.45454545454545453,0.0,0.0,0.02642422588703834,0.0004064727058082437,0.0,0.0,1.0141990327677935e-19,5,0,1,83
UCHAvo-mI5UXFhrQwnr3dtZw,0.45454545454545453,0.0,0.0,0.02505087456333319,0.00037008476965615664,0.0,0.0,4.568735783312974e-20,5,0,1,83
UCYKu2gs_CNFvzAP8XEphFEg,0.45454545454545453,0.0,0.0,0.03218689417255799,0.00036238562075944635,0.0,0.0,2.927015553847788e-19,5,0,1,83
UCbs3-jvCoRh3-3myggjSJ1g,0.09090909090909091,0.0,0.0,0.00012022120702091849,0.00013928361126740993,0.0,0.0,2.2996962916685175e-20,1,0,1,84
UC3GODAiT13TgYt2kxWZlNoA,0.0,0.0033783783783783786,0.0,0.00012022120702091849,7.554017998397095e-05,0.0,1.4529490274551054e-20,-7.559564524781144e-20,0,1,1,84
UCLkkeHozZVdjd3lqvueyvzQ,0.09090909090909091,0.0,0.0,0.00012022120702091849,0.00013928361126740993,0.0,0.0,3.3158693801527223e-20,1,0,2,85
UCVgO39Bk5sMo66-6o6Spn6Q,0.0,0.0033783783783783786,0.0,0.00012022120702091849,7.554017998397095e-05,0.0,2.0949675870310555e-20,7.834571220604203e-20,0,1,2,85
UC4wXZjMbeLxaa6O8VNNLb_g,0.45454545454545453,0.0,0.0,0.00048088482808367395,0.0003305139051177268,0.0,0.0,1.0843627704843706e-19,5,0,1,86
UCGULcWM3A9bqtrlTYMq6SEQ,0.0,0.006756756756756757,0.0,0.000274791330333528,7.554017998397095e-05,0.0,1.3702016553157003e-19,-8.983181977522106e-20,0,2,2,86
UC4nELqKG5F7TJ2uFFvbHmXg,0.0,0.0033783783783783786,0.0,0.000274791330333528,7.554017998397095e-05,0.0,6.851008276578501e-20,2.631634388127696e-19,0,1,1,86
UC3g9OL_ll9oHu4d5Hnus5lQ,0.0,0.0033783783783783786,0.0,0.000274791330333528,7.554017998397095e-05,0.0,6.851008276578501e-20,-2.730129929098574e-22,0,1,1,86
UCzSZMMa5BVgB-Js_Wh_GXBQ,0.0,0.0033783783783783786,0.0,0.000274791330333528,7.554017998397095e-05,0.0,6.851008276578501e-20,1.1569112051443707e-19,0,1,1,86
UCLtNjWXrnzKDnNtdnb-ymJQ,0.9090909090909091,0.0,0.0,0.02978937047998391,0.0005854876302514827,0.0,0.0,1.2909335051962167e-14,10,0,2,87
UC2WRQeWq-AQRHf45JbnlWig,0.45454545454545453,0.0,0.0,0.030501973143980576,0.00035176171554553983,0.0,0.0,6.369248340636627e-15,5,0,1,87
UCWGHYBl3r_QdvbljduniDpQ,0.45454545454545453,0.0,0.0,0.030501973143980576,0.00035176171554553983,0.0,0.0,6.369168906436485e-15,5,0,1,87
UCjEXZNdslYxCTwIAfcOIiPQ,0.45454545454545453,0.0,0.0,0.03547935635223536,0.0003432625913744147,0.0,0.0,1.9612055957367594e-12,5,0,1,87
UCBfFZKqEK7zJXGXhVbM14NA,0.45454545454545453,0.0,0.0,0.03492956149753443,0.00034072989134418033,0.0,0.0,1.954563745750007e-12,5,0,1,87
UCwkDEtFLejQFJHqAAnnJEYQ,0.45454545454545453,0.0,0.0,0.0352871954252817,0.00036238562075944635,0.0,0.0,1.3335050656050256e-11,5,0,1,88
UCB5WVnK2qSVhcVkQhsXRr4g,0.45454545454545453,0.0,0.0,0.03277805938944198,0.00034644976293858663,0.0,0.0,4.3706015241496395e-14,5,0,1,88
UCXds5AHXq1iKOJrHzhJbagQ,0.45454545454545453,0.0,0.0,0.03947131762652418,0.0003413401048091213,0.0,0.0,5.451536400420409e-12,5,0,1,88
UC4rUEgvPkpjaT7-KHTYoJsA,0.09090909090909091,0.0,0.0,0.03808380844303184,0.0003011372559111916,0.0,0.0,-2.180510228409349e-19,1,0,1,88
UCe6W8mKfwwAKqNCGTW5Si1Q,0.45454545454545453,0.0,0.0,0.0366749285170168,0.0002817736823963222,0.0,0.0,4.695557882888287e-19,5,0,1,88
UCC_neln9b_5MlQNQryLybEA,0.45454545454545453,0.0,0.0,0.0006011060351045924,0.0003942573364011658,0.0,0.0,6.807421250591955e-20,5,0,1,89
UC9mubvvARX_7CRJk-US9aBQ,0.0,0.0033783783783783786,0.0,0.0003339477972803291,7.554017998397095e-05,0.0,4.300931440972416e-20,-2.5069838943942668e-20,0,1,1,89
UCBrvnVK6WowAl8vfj2PoOpA,0.0,0.0033783783783783786,0.0,0.0003339477972803291,7.554017998397095e-05,0.0,4.300931440972416e-20,-3.290320849664131e-20,0,1,1,89
UCI1HZ3yPhytadylft6H39zw,0.0,0.0033783783783783786,0.0,0.0003339477972803291,7.554017998397095e-05,0.0,4.300931440972416e-20,8.837728060120648e-20,0,1,1,89
UCZQ3gNfeBJZTXtBEHinVkzA,0.0,0.0033783783783783786,0.0,0.0003339477972803291,7.554017998397095e-05,0.0,4.300931440972416e-20,-8.620438388280344e-20,0,1,1,89
UCIlA_Yrt-_5xcYrl9mvfdYA,0.36363636363636365,0.0,0.0,0.0003606636210627555,0.00026677047383428783,0.0,0.0,-9.524889809386227e-21,4,0,2,90
UCjMx-PgplLV3Xq7NUjtLUYw,0.0,0.0033783783783783786,0.0,0.00021639817263765327,7.554017998397095e-05,0.0,-6.017829152180747e-21,1.1704452701996266e-20,0,1,1,90
UCtUFn6K3A996SR8hY5nV7lw,0.0,0.006756756756756757,0.0,0.00021639817263765327,7.554017998397095e-05,0.0,-1.2035658304361494e-20,9.698447317590151e-20,0,2,2,90
UCTewJ0BshKrRPYC-G-TfYeQ,0.0,0.0033783783783783786,0.0,0.00021639817263765327,7.554017998397095e-05,0.0,-6.017829152180747e-21,3.737074067397524e-20,0,1,1,90
UCE0LxjvRv3GD7l9eTQMZsuA,0.09090909090909091,0.0,0.0,0.00012022120702091849,0.00013928361126740993,0.0,0.0,1.1308089884391758e-21,1,0,1,91
UCidyIA9nA-1QOkC6p9dK_9w,0.0,0.0033783783783783786,0.0,0.00012022120702091849,7.554017998397095e-05,0.0,7.144455665483233e-22,7.739804594665207e-20,0,1,1,91
UCW_5UlIWSkmvhuEaCO2c1sQ,0.45454545454545453,0.0,0.0,0.03821846130746941,0.00036238562075944635,0.0,0.0,5.717682676953121e-17,5,0,1,92
UCAaROgl0dcoaKZVebupoghQ,0.45454545454545453,0.0,0.0,0.04546719963106956,0.00033112467358808074,0.0,0.0,1.7640329966965647e-14,5,0,1,92
UC5t4ueTzRsAz-3t9qBNzuMA,0.45454545454545453,0.0,0.0,0.04317542080573752,0.0003305139051177268,0.0,0.0,5.43102608142874e-12,5,0,1,92
UCDjiwACeEZhMjtkegSHob6A,0.36363636363636365,0.0777027027027027,0.0,0.04506866689479798,0.0003305139051177268,0.0,1.1520650850755839e-09,-9.731923392605663e-20,4,23,25,92
UCPg2SaXye5mskEEBx-udOuA,0.5454545454545454,0.0,0.0,0.04765747055194801,0.000313171546683254,0.0,0.0,1.6720649838265123e-09,6,0,2,92
UC5SwVJUp1cceukZWXwY-F_w,0.45454545454545453,0.0,0.0,0.0006011060351045924,0.0003942573364011658,0.0,0.0,-3.5679792586408854e-19,5,0,1,93
UCQRS1ytk_GLOTE4fEiNPAkQ,0.0,0.0033783783783783786,0.0,0.0003339477972803291,7.554017998397095e-05,0.0,-2.254250708062414e-19,1.374320771398494e-21,0,1,1,93
UCgBksJ12n10xDSWfq3GFcjQ,0.0,0.0033783783783783786,0.0,0.0003339477972803291,7.554017998397095e-05,0.0,-2.254250708062414e-19,1.272881520836465e-21,0,1,1,93
UCZer2aGDLsc0kw58bM391Pw,0.0,0.0033783783783783786,0.0,0.0003339477972803291,7.554017998397095e-05,0.0,-2.254250708062414e-19,-4.6938329347926794e-21,0,1,1,93
UCgGqEvdnZ9ToWPSC0HJMqPA,0.0,0.0033783783783783786,0.0,0.0003339477972803291,7.554017998397095e-05,0.0,-2.254250708062414e-19,7.009943566335154e-21,0,1,1,93
UC4WYLnY2JPzdAFfFX88QaqQ,0.2727272727272727,0.0,0.0,0.0385999790399548,0.0004871729077877871,0.0,0.0,-3.969920275820476e-19,3,0,3,94
UCBRVFEMZHBlgIn6GYNt8Oxw,0.6363636363636364,0.0,0.0,0.034055431447706216,0.00044206490986374515,0.0,0.0,7.723081490046584e-15,7,0,2,94
UCLO8RqJ9P4FzyI3JY4hlXmQ,0.7272727272727273,0.0,0.0,0.044584920716269336,0.00042373761257529906,0.0,0.0,1.0956196721472906e-07,8,0,4,94
UC9_FeLYqamvLOETDvWXkNqw,0.45454545454545453,0.006756756756756757,0.0,0.04198624102233922,0.00040765760746861227,0.0,-5.016394403665097e-19,1.525556863871154e-09,5,2,3,94
UCvTn68ujDmJvd682cFv5g4Q,0.45454545454545453,0.0,0.0,0.03888241021425794,0.00037645062642884203,0.0,0.0,8.706023956034016e-18,5,0,1,94
UCbaJwMXlNNkZkjtEK_44v-w,0.45454545454545453,0.0,0.0,0.0349237905599591,0.00036238562075944635,0.0,0.0,3.5736676886069394e-08,5,0,1,95
UCwc2TdoL2RFhgYZcWiu_K6A,0.45454545454545453,0.0,0.0,0.04087925065458792,0.0003305139051177268,0.0,0.0,1.1002466349958022e-05,5,0,1,95
UCi8UK0FUyWhTRs6AXmYyJKw,0.45454545454545453,0.0,0.0,0.0492578987873029,0.000298857538906019,0.0,0.0,0.003387359967974563,5,0,1,95
UCvPbzGPXosWlox2_4ynvyFg,0.0,0.006756756756756757,0.0,0.037668321294192904,7.554017998397095e-05,0.0,6.973941042044722e-06,-2.3713806759786278e-20,0,2,2,95
UCoidecbnAwKsYW_Xx3yt8bg,0.0,0.0033783783783783786,0.0,0.032547579459089024,7.554017998397095e-05,0.0,2.257844660366841e-08,-1.8803641625499207e-19,0,1,1,95
UCdc-Rxzt-ivKBtEYlJUT7-A,0.45454545454545453,0.0,0.0,0.0006011060351045924,0.0003942573364011658,0.0,0.0,-7.014645151160406e-19,5,0,1,96
UC4UE-ox4Oz84upKThvoGAyw,0.0,0.0033783783783783786,0.0,0.0003339477972803291,7.554017998397095e-05,0.0,-4.431855583385123e-19,3.199599276837042e-20,0,1,1,96
UCSCCmUZIOnf2K6HFoeDIiMg,0.0,0.0033783783783783786,0.0,0.0003339477972803291,7.554017998397095e-05,0.0,-4.431855583385123e-19,1.4252537524746937e-21,0,1,1,96
UCBoeMmuungjcN-cA3ivYPVQ,0.0,0.0033783783783783786,0.0,0.0003339477972803291,7.554017998397095e-05,0.0,-4.431855583385123e-19,-1.3128107468762108e-20,0,1,1,96
UCyAOiBmUzr4pJZwikCZXr_Q,0.0,0.0033783783783783786,0.0,0.0003339477972803291,7.554017998397095e-05,0.0,-4.431855583385123e-19,-6.293898263104043e-20,0,1,1,96
UCvmzTwHqvJSoFSGvLurr9zw,0.18181818181818182,0.0,0.0,0.00024044241404183698,0.0002030270425508489,0.0,0.0,3.3804359355453617e-19,2,0,1,97
UCLyTqnIdefWYjKMe0NWvWVw,0.0,0.0033783783783783786,0.0,0.00016029494269455797,7.554017998397095e-05,0.0,2.1357607622880361e-19,-6.516512317097374e-20,0,1,1,97
UCDOeyhkKWvdB8Jx0NZ9Ieng,0.0,0.0033783783783783786,0.0,0.00016029494269455797,7.554017998397095e-05,0.0,2.1357607622880361e-19,1.0383138187172426e-19,0,1,1,97
UCZUjCGPALjbumGdSoxdIhrw,0.45454545454545453,0.0,0.0,0.038425339668010754,0.000815687580945352,0.0,0.0,-1.1266698439685675e-19,5,0,1,98
UCUu-MOMRIK4ql1fifuhJleg,0.2727272727272727,0.0,0.0,0.034831076492854364,0.0004683240690510726,0.0,0.0,2.880387933633417e-19,3,0,1,98
UCQoiBQDlATJHXmgOAepygdA,0.45454545454545453,0.0,0.0,0.03745178980969767,0.0004160860339845585,0.0,0.0,1.948424799151235e-12,5,0,1,98
UCH1_icwyJSa1Xt1mXt7IObw,0.45454545454545453,0.0,0.0,0.038367219259114904,0.0003910854636343204,0.0,0.0,1.9421160876480273e-12,5,0,1,98
UCTMZh-jImWC9IfPyX4kDgjQ,0.45454545454545453,0.0,0.0,0.04549873405312253,0.0003625713273889458,0.0,0.0,-2.2009977117433283e-19,5,0,1,98
UCH5seFVSba067r_KTfnaDRw,0.45454545454545453,0.0,0.0,0.0006011060351045924,0.0003942573364011658,0.0,0.0,2.1123036254153738e-19,5,0,1,99
UCaV2wWwvmSBGkmLFfyvx2QA,0.0,0.0033783783783783786,0.0,0.0003339477972803291,7.554017998397095e-05,0.0,1.334554266733384e-19,7.580751830167794e-21,0,1,1,99
UCGgTk-KQe02OlnfuaFHJuIQ,0.0,0.0033783783783783786,0.0,0.0003339477972803291,7.554017998397095e-05,0.0,1.334554266733384e-19,-1.759360558039168e-19,0,1,1,99
UCAoJAGdfcUlE6arBR664QtQ,0.0,0.0033783783783783786,0.0,0.0003339477972803291,7.554017998397095e-05,0.0,1.334554266733384e-19,-7.744269364164084e-20,0,1,1,99
UC5YOYUpedlMZF6kDs9Ed-_A,0.0,0.0033783783783783786,0.0,0.0003339477972803291,7.554017998397095e-05,0.0,1.334554266733384e-19,1.03381025343124e-21,0,1,1,99
UCqDj3Vb_oinxgc_vdJ3TMYA,0.45454545454545453,0.0,0.0,0.0006011060351045924,0.0003942573364011658,0.0,0.0,-3.4043956017816393e-19,5,0,1,100
UCGCfDt_HGGT89nW8YAhw9zA,0.0,0.0033783783783783786,0.0,0.0003339477972803291,7.554017998397095e-05,0.0,-2.1508984889010103e-19,2.4508840203003626e-20,0,1,1,100
UCyonW5VvrGKu1hp6vSR618A,0.0,0.0033783783783783786,0.0,0.0003339477972803291,7.554017998397095e-05,0.0,-2.1508984889010103e-19,3.756354019155663e-20,0,1,1,100
UCpQFqy8jjDTYmym_494CMCg,0.0,0.0033783783783783786,0.0,0.0003339477972803291,7.554017998397095e-05,0.0,-2.1508984889010103e-19,1.439800569047248e-20,0,1,1,100
UCoB8w_VIL8AQbefWx0osPRQ,0.0,0.0033783783783783786,0.0,0.0003339477972803291,7.554017998397095e-05,0.0,-2.1508984889010103e-19,-4.2724286452513073e-19,0,1,1,100
UCZtGDlmBgD_j-9-Oy751fDw,0.45454545454545453,0.0,0.0,0.0006011060351045924,0.0003942573364011658,0.0,0.0,-2.7417115636950947e-19,5,0,1,101
UCccwK3sf1Z752NKse-pI0Rg,0.0,0.0033783783783783786,0.0,0.0003339477972803291,7.554017998397095e-05,0.0,-1.73221445130173e-19,3.443321785497519e-20,0,1,1,101
UCmUYt-uI9FZE7jj3BAGLZ-g,0.0,0.0033783783783783786,0.0,0.0003339477972803291,7.554017998397095e-05,0.0,-1.73221445130173e-19,-3.653268221167997e-19,0,1,1,101
UCyhob74uCOtOc2WoJYi5gkA,0.0,0.0033783783783783786,0.0,0.0003339477972803291,7.554017998397095e-05,0.0,-1.73221445130173e-19,-2.8513216543962606e-20,0,1,1,101
UC403meRsBwfzpvj6HkQ85SQ,0.0,0.0033783783783783786,0.0,0.0003339477972803291,7.554017998397095e-05,0.0,-1.73221445130173e-19,8.18499813645793e-20,0,1,1,101
UCERQEify24PZy-A7x3xvPuQ,0.45454545454545453,0.0,0.0,0.0006011060351045924,0.0003942573364011658,0.0,0.0,-3.9029645727835977e-19,5,0,1,102
UC62vKti1VcYvJx85C-P2yQQ,0.0,0.0033783783783783786,0.0,0.0003339477972803291,7.554017998397095e-05,0.0,-2.4658945621481484e-19,-3.6549608881875004e-20,0,1,1,102
UCcbc_7yh-Dvfe9dyHHEN-jA,0.0,0.0033783783783783786,0.0,0.0003339477972803291,7.554017998397095e-05,0.0,-2.4658945621481484e-19,-1.8233132814112493e-20,0,1,1,102
UCD4DLOeVKyEIoUgZBuTk78w,0.0,0.0033783783783783786,0.0,0.0003339477972803291,7.554017998397095e-05,0.0,-2.4658945621481484e-19,2.3201301070926563e-19,0,1,1,102
UCcPgqCw_VRi-AQ98SC4whUw,0.0,0.0033783783783783786,0.0,0.0003339477972803291,7.554017998397095e-05,0.0,-2.4658945621481484e-19,-2.5105901204162634e-20,0,1,1,102
UCuU5AlhYgFqzRxICc4Jes7w,0.45454545454545453,0.0,0.0,0.03631023718294485,0.00034644976293858663,0.0,0.0,5.5524659443353344e-12,5,0,2,103
UCyxTAtQYPLJqMR7xhajMeDA,0.45454545454545453,0.0,0.0,0.04074878589250139,0.000324981579760019,0.0,0.0,5.5562623412394074e-12,5,0,1,103
UCDBF00MaxMXr3sTdfffGShg,0.45454545454545453,0.0,0.0,0.035012488349587985,0.0003198899999038203,0.0,0.0,2.5778458265103375e-15,5,0,1,103
UC7TiPBV1jjn58Cwt30w_XKA,0.45454545454545453,0.0,0.0,0.027296629126382272,0.0003198899999038203,0.0,0.0,6.083659589507211e-19,5,0,1,103
UC6HtVFVtjRwvuecadiQGFcw,0.45454545454545453,0.0,0.0,0.03591946542865366,0.0003198899999038203,0.0,0.0,7.935707972515061e-13,5,0,1,103
UCgTF4dELgRDfqzLMaX1tfTg,0.45454545454545453,0.0,0.0,0.035206872584262576,0.00035176171554553983,0.0,0.0,1.9609778611821078e-12,5,0,1,104
UCpezJFFNS0sLab4UB4YSmqg,0.36363636363636365,0.0,0.0,0.038160964575115086,0.000343172410220183,0.0,0.0,6.350439947068321e-15,4,0,2,104
UCywowJiDxQtNMhJHaHgAERQ,0.45454545454545453,0.0,0.0,0.033294339638838155,0.0003198899999038203,0.0,0.0,4.1998305995107087e-17,5,0,1,104
UCrbkA5A7GIT_Oc385rvvrKw,0.45454545454545453,0.0,0.0,0.035210782286937116,0.0003198899999038203,0.0,0.0,1.9609987220038677e-12,5,0,1,104
UCd-rEIRyXwb5JL-jZXwPbfg,0.45454545454545453,0.0,0.0,0.032894812168676076,0.00031139087573269517,0.0,0.0,1.2868139811922238e-14,5,0,1,104
UCAurXZavAL1XovPk0diMDnA,0.36363636363636365,0.0,0.0,0.00048088482808367395,0.0003305139051177268,0.0,0.0,-2.038624244354748e-19,4,0,2,105
UCoDtzSQHYzwlwXzGw2D3v-g,0.0,0.0033783783783783786,0.0,0.000274791330333528,7.554017998397095e-05,0.0,-1.288003604611883e-19,2.5986384690192845e-19,0,1,1,105
UChl34h0Iezw_xZYKLmYLaYg,0.0,0.0033783783783783786,0.0,0.000274791330333528,7.554017998397095e-05,0.0,-1.288003604611883e-19,-6.807890189548111e-20,0,1,1,105
UCJ84EyeODSkj1NHuJfskNcA,0.0,0.0033783783783783786,0.0,0.000274791330333528,7.554017998397095e-05,0.0,-1.288003604611883e-19,1.5582565613979444e-20,0,1,1,105
UCD385L2JHPTAiRQqSByT3OA,0.0,0.0033783783783783786,0.0,0.000274791330333528,7.554017998397095e-05,0.0,-1.288003604611883e-19,1.0197329027463912e-19,0,1,1,105
UCH1sUQUGalxrgBio03kJYOA,0.45454545454545453,0.0,0.0,0.0006011060351045924,0.0003942573364011658,0.0,0.0,-6.913440032892909e-20,5,0,1,106
UCQBitoLcuTe0jpY5WldU1Pg,0.0,0.0033783783783783786,0.0,0.0003339477972803291,7.554017998397095e-05,0.0,-4.367914149599729e-20,-1.0223260441295328e-20,0,1,1,106
UCBpDbIvT-9c4eL67S6wCYZQ,0.0,0.0033783783783783786,0.0,0.0003339477972803291,7.554017998397095e-05,0.0,-4.367914149599729e-20,-8.263093075425811e-21,0,1,1,106
UC0YH8EmLvoy9xbPN3zSWO_A,0.0,0.0033783783783783786,0.0,0.0003339477972803291,7.554017998397095e-05,0.0,-4.367914149599729e-20,-6.292706440660933e-20,0,1,1,106
UCI9NnCINe1hOQ0VwgomHaYg,0.0,0.0033783783783783786,0.0,0.0003339477972803291,7.554017998397095e-05,0.0,-4.367914149599729e-20,-5.2490241209983586e-20,0,1,2,106
UCjeQMBYod37Rl-qAuroHZPQ,0.45454545454545453,0.0,0.0,0.0005918582499491372,0.00036238562075944635,0.0,0.0,-7.344049565501092e-19,5,0,1,107
UCMqdeAYWU-O14e8gp9Xrb5Q,0.2727272727272727,0.0,0.0,0.0004525974852552225,0.00023489875819256837,0.0,0.0,-1.940583292805612e-19,3,0,1,107
UCNPha6AiJKHA2rdIcCFY3sQ,0.0,0.0033783783783783786,0.0,0.0003847078624669392,7.554017998397095e-05,0.0,-4.639973422766631e-19,-8.519970092342633e-20,0,1,1,107
UCW1ve0JbnmUGMAvLkQElm0g,0.0,0.006756756756756757,0.0,0.000549582660667056,7.554017998397095e-05,0.0,-5.866034715378377e-19,4.508365129925166e-20,0,2,2,107
UCME99uLfLAyP_mqiwq2DEJA,0.0,0.0033783783783783786,0.0,0.0003847078624669392,7.554017998397095e-05,0.0,-4.639973422766631e-19,-1.930558461472832e-22,0,1,1,107
UC4TUlMirccjtP0-gh8IY1-A,0.45454545454545453,0.0,0.0,0.0006011060351045924,0.0003942573364011658,0.0,0.0,3.5993071901430546e-19,5,0,1,108
UC5H7B4YMmwN-C1foFzTVWQQ,0.0,0.0033783783783783786,0.0,0.0003339477972803291,7.554017998397095e-05,0.0,2.2740437075872475e-19,-6.4630379855705525e-24,0,1,1,108
UCc-0OzbP3QM1wBm6mFh1XLQ,0.0,0.0033783783783783786,0.0,0.0003339477972803291,7.554017998397095e-05,0.0,2.2740437075872475e-19,-8.590192121666333e-20,0,1,1,108
UCGQazDmFHNThUMhR-AB9u9g,0.0,0.0033783783783783786,0.0,0.0003339477972803291,7.554017998397095e-05,0.0,2.2740437075872475e-19,1.5844810289714695e-19,0,1,1,108
UCZyalmZ65VgYoKWZHguGjJw,0.0,0.0033783783783783786,0.0,0.0003339477972803291,7.554017998397095e-05,0.0,2.2740437075872475e-19,3.3315956718259616e-20,0,1,1,108
UCeYuZB53ge-tdHWUDF87xQw,0.45454545454545453,0.0,0.0,0.0006011060351045924,0.0003942573364011658,0.0,0.0,2.4447480832043364e-19,5,0,1,109
UCH1T6GlRoDX0NRj0YEc6_Vg,0.0,0.0033783783783783786,0.0,0.0003339477972803291,7.554017998397095e-05,0.0,1.5445928067689727e-19,-2.7837891432184184e-20,0,1,1,109
UCY_Zl8H8uFnFl4mH0NsMODg,0.0,0.0033783783783783786,0.0,0.0003339477972803291,7.554017998397095e-05,0.0,1.5445928067689727e-19,1.3957784905030757e-19,0,1,1,109
UCrjDKCyK71ar3BZ2A0W6BzA,0.0,0.0033783783783783786,0.0,0.0003339477972803291,7.554017998397095e-05,0.0,1.5445928067689727e-19,4.085860407742278e-21,0,1,1,109
UC1JdJCPfcVuiVa8KEYjpaNw,0.0,0.0033783783783783786,0.0,0.0003339477972803291,7.554017998397095e-05,0.0,1.5445928067689727e-19,-9.914538219450673e-20,0,1,1,109
UCOoycNnAS7pHClYJVXRNRyw,0.45454545454545453,0.0,0.0,0.0006011060351045924,0.0003942573364011658,0.0,0.0,2.87523215842394e-19,5,0,1,110
UCd1vjTg4Wh42-3yqpAzu7dQ,0.0,0.0033783783783783786,0.0,0.0003339477972803291,7.554017998397095e-05,0.0,1.8165728159081056e-19,9.559274919018494e-20,0,1,1,110
UCmLrM9Mxr2grJHec2sfl_nw,0.0,0.0033783783783783786,0.0,0.0003339477972803291,7.554017998397095e-05,0.0,1.8165728159081056e-19,-1.5880274581964195e-21,0,1,1,110
UCdVdjQBNIVK1KlLV3Q1-tGQ,0.0,0.0033783783783783786,0.0,0.0003339477972803291,7.554017998397095e-05,0.0,1.8165728159081056e-19,1.3900182176468424e-19,0,1,1,110
UC8674-aT_HkDSia8G_s62_A,0.0,0.0033783783783783786,0.0,0.0003339477972803291,7.554017998397095e-05,0.0,1.8165728159081056e-19,-4.7112127344468353e-20,0,1,1,110
UC1TYut0YHRnDFvin_3j6o_w,0.45454545454545453,0.0,0.0,0.0006011060351045924,0.0003942573364011658,0.0,0.0,3.4449092521897714e-19,5,0,1,111
UCMCWY-ktzHhzcp5C79XQktg,0.0,0.0033783783783783786,0.0,0.0003339477972803291,7.554017998397095e-05,0.0,2.1764950292669746e-19,8.20482294292556e-20,0,1,1,111
UCfQV1GcLEGDlaNYRgsBgtwQ,0.0,0.0033783783783783786,0.0,0.0003339477972803291,7.554017998397095e-05,0.0,2.1764950292669746e-19,7.457078621201133e-20,0,1,1,111
UCd6CVw9IaCTofrKbInU-4dg,0.0,0.0033783783783783786,0.0,0.0003339477972803291,7.554017998397095e-05,0.0,2.1764950292669746e-19,-3.642652563637639e-20,0,1,1,111
UCkE2_JOpm4MRd7i6yLZtiJQ,0.0,0.0033783783783783786,0.0,0.0003339477972803291,7.554017998397095e-05,0.0,2.1764950292669746e-19,-6.933115521594788e-20,0,1,1,111
UCIGG7SUBWCSccXpOOpy3aMA,0.45454545454545453,0.0,0.0,0.0006011060351045924,0.0003942573364011658,0.0,0.0,1.1319404673942447e-19,5,0,1,112
UCWM6pAqeVW65vcEsxuij6JQ,0.0,0.0033783783783783786,0.0,0.0003339477972803291,7.554017998397095e-05,0.0,7.151604354000535e-20,-1.2307360798381594e-19,0,1,1,112
UCXra5eodlKkxFPb6aTKFf0Q,0.0,0.0033783783783783786,0.0,0.0003339477972803291,7.554017998397095e-05,0.0,7.151604354000535e-20,6.831115490086242e-20,0,1,1,112
UCWblpTC_6sWIcqmLV8KANdA,0.0,0.0033783783783783786,0.0,0.0003339477972803291,7.554017998397095e-05,0.0,7.151604354000535e-20,4.996898584387595e-20,0,1,1,112
UCq-IzCLL8If1EwAuaJ8auUQ,0.0,0.0033783783783783786,0.0,0.0003339477972803291,7.554017998397095e-05,0.0,7.151604354000535e-20,4.095187196030596e-20,0,1,1,112
UCYh6d13H_G53cBIw9PmNQCg,0.36363636363636365,0.0,0.0,0.00048088482808367395,0.0003305139051177268,0.0,0.0,2.775900574326051e-19,4,0,2,113
UCyiSomDuDUtqd2jEIPYZnew,0.0,0.0033783783783783786,0.0,0.000274791330333528,7.554017998397095e-05,0.0,1.7538150817527446e-19,-3.176558334265244e-20,0,1,2,113
UC4X9NwzFXH32JahCMNRBbUg,0.0,0.0033783783783783786,0.0,0.000274791330333528,7.554017998397095e-05,0.0,1.7538150817527446e-19,2.7810077939741654e-19,0,1,1,113
UChJL0i1QiEA9ruEGwpsu7XQ,0.0,0.0033783783783783786,0.0,0.000274791330333528,7.554017998397095e-05,0.0,1.7538150817527446e-19,1.158363869279986e-19,0,1,1,113
UCHz0KCS8D0CA0vP3zk4e6tg,0.0,0.0033783783783783786,0.0,0.000274791330333528,7.554017998397095e-05,0.0,1.7538150817527446e-19,-1.3437259904784922e-19,0,1,1,113
UC3_18acZbyTr3YmALq2pzcA,0.45454545454545453,0.0,0.0,0.00048088482808367395,0.0003305139051177268,0.0,0.0,9.712774265795795e-20,5,0,1,114
UCu3K2FiJVmj-qKRByAY2y8Q,0.0,0.006756756756756757,0.0,0.000274791330333528,7.554017998397095e-05,0.0,1.2273069252235965e-19,-2.766559573562671e-20,0,2,2,114
UCSdx6ROqqifA3tkH0UVAnYw,0.0,0.0033783783783783786,0.0,0.000274791330333528,7.554017998397095e-05,0.0,6.136534626117983e-20,6.460972990842619e-20,0,1,1,114
UCOmNha8WNl75vUl2Bb2zBJg,0.0,0.0033783783783783786,0.0,0.000274791330333528,7.554017998397095e-05,0.0,6.136534626117983e-20,-2.462050450089785e-20,0,1,1,114
UCahqrlC_ynY7Uzb0IrqgSFw,0.0,0.0033783783783783786,0.0,0.000274791330333528,7.554017998397095e-05,0.0,6.136534626117983e-20,2.2548084771968076e-20,0,1,1,114
UCxf22vFlnhyqgwSjnS8aW7w,0.45454545454545453,0.0,0.0,0.0003847078624669392,0.0002348987581925684,0.0,0.0,1.357952607810413e-19,5,0,1,115
UCeK1sUiS0QN_8GGL920oCyA,0.09090909090909091,0.0,0.0,0.00021372659025941062,0.00010741189562569042,0.0,0.0,3.7288568327333827e-19,1,0,1,115
UC9JDrmpNF-ZscS8coGXS_5w,0.0,0.0033783783783783786,0.0,0.00024044241404183698,7.554017998397095e-05,0.0,8.579549951862342e-20,2.6388179017166718e-20,0,1,1,115
UCFebBZfFiCSEq5-LF9TmXjQ,0.0,0.010135135135135136,0.0,0.00024044241404183698,7.554017998397095e-05,0.0,2.5738649855587024e-19,-3.837450873107623e-21,0,3,3,115
UCiwDVyADZw0Z7r3vHuJ0e_w,0.0,0.006756756756756757,0.0,0.00032058988538911595,7.554017998397095e-05,0.0,3.2138482182467643e-19,5.0629494804278354e-20,0,2,2,115
UClg_AAJty9mhJh88qd42U4w,0.45454545454545453,0.0,0.0,0.00048088482808367395,0.0003305139051177268,0.0,0.0,-1.3699854135122356e-19,5,0,1,116
UCnA9zB_bpzfihFBqlLj1cbw,0.0,0.0033783783783783786,0.0,0.000274791330333528,7.554017998397095e-05,0.0,-8.65557326592063e-20,3.761390038766632e-20,0,1,1,116
UCIORiijvH4rZPNSABumOyHw,0.0,0.006756756756756757,0.0,0.000274791330333528,7.554017998397095e-05,0.0,-1.731114653184126e-19,1.2722664644955609e-19,0,2,2,116
UCOq3JKNxxQYgGQwXOGUfCkA,0.0,0.0033783783783783786,0.0,0.000274791330333528,7.554017998397095e-05,0.0,-8.65557326592063e-20,-9.138947767743469e-20,0,1,1,116
UC15IPjps2QxptYxY0eGqZEw,0.0,0.0033783783783783786,0.0,0.000274791330333528,7.554017998397095e-05,0.0,-8.65557326592063e-20,-7.16256429191407e-20,0,1,1,116
UCmi92XsjU0lAByFQQ-C5M4w,0.36363636363636365,0.0,0.0,0.00048088482808367395,0.0003305139051177268,0.0,0.0,-4.523455379128435e-19,4,0,2,117
UCgeaGUdl20gvvUKPfi_N8Ag,0.0,0.0033783783783783786,0.0,0.000274791330333528,7.554017998397095e-05,0.0,-2.8579208992300166e-19,2.7912937249129485e-19,0,1,1,117
UCS3Ge_JncdLmY-TgYKTajGw,0.0,0.0033783783783783786,0.0,0.000274791330333528,7.554017998397095e-05,0.0,-2.8579208992300166e-19,2.664990614481686e-19,0,1,1,117
UCnkxJMHLKf3OxsRyYIDMtBg,0.0,0.0033783783783783786,0.0,0.000274791330333528,7.554017998397095e-05,0.0,-2.8579208992300166e-19,2.2006145960180414e-19,0,1,1,117
UCBFWlx3YUl4r-KTwW4ne33g,0.0,0.0033783783783783786,0.0,0.000274791330333528,7.554017998397095e-05,0.0,-2.8579208992300166e-19,-1.688098689142855e-21,0,1,1,117
UCl9fhZ2i9VPIYe18aSWGERA,0.45454545454545453,0.0,0.0,0.00048088482808367395,0.0003305139051177268,0.0,0.0,-1.1277032443623944e-19,5,0,1,118
UCV5trEDHsyuyrQM7vn0uPJw,0.0,0.0033783783783783786,0.0,0.000274791330333528,7.554017998397095e-05,0.0,-7.124833562111444e-20,5.3987007627784966e-20,0,1,1,118
UC21IqVizaeSJvGCspop3Rpw,0.0,0.0033783783783783786,0.0,0.000274791330333528,7.554017998397095e-05,0.0,-7.124833562111444e-20,-2.7320321541060385e-20,0,1,1,118
UCovIdvER7cecKXD0L5ty59Q,0.0,0.006756756756756757,0.0,0.000274791330333528,7.554017998397095e-05,0.0,-1.4249667124222888e-19,2.1105152724481175e-19,0,2,2,118
UCG6Zta6p7kQQX1v_4sgXUHQ,0.0,0.0033783783783783786,0.0,0.000274791330333528,7.554017998397095e-05,0.0,-7.124833562111444e-20,2.579231330401968e-20,0,1,1,118
UCyK1JJBGoUHSlCa1SD7NKow,0.45454545454545453,0.0,0.0,0.0006011060351045924,0.0003942573364011658,0.0,0.0,-1.2419354132849842e-19,5,0,1,119
UC6K-F0ZZHi-W8qq1Pp809rQ,0.0,0.0033783783783783786,0.0,0.0003339477972803291,7.554017998397095e-05,0.0,-7.846552857574341e-20,3.704237088069842e-20,0,1,1,119
UClCgv5anoDTakI7fHFdBC2A,0.0,0.0033783783783783786,0.0,0.0003339477972803291,7.554017998397095e-05,0.0,-7.846552857574341e-20,-1.8585727377081443e-20,0,1,1,119
UCgeflWpQhHq4nC0jiNZWqcQ,0.0,0.0033783783783783786,0.0,0.0003339477972803291,7.554017998397095e-05,0.0,-7.846552857574341e-20,1.3936466074464245e-19,0,1,1,119
UChVmBzBmbGvQZsUsjYdt0YA,0.0,0.0033783783783783786,0.0,0.0003339477972803291,7.554017998397095e-05,0.0,-7.846552857574341e-20,1.0147150381068543e-21,0,1,1,119
UCNOJe1TuSDOtiJ73N0XLTvg,0.45454545454545453,0.0,0.0,0.0331198719897497,0.000421741917567091,0.0,0.0,5.35265130030035e-19,5,0,1,120
UCzDrEm1gInrbIdJNhBCRNZQ,0.5454545454545454,0.0,0.0,0.049315358036218795,0.000362600970189458,0.0,0.0,0.0033983624346991537,6,0,2,120
UCnOc3B-akjQ3pZlpHrGjKnA,0.45454545454545453,0.0,0.0,0.041969568421169945,0.0003198899999038203,0.0,0.0,1.103831836658449e-05,5,0,1,120
UC27EBwEIyzRVcoXZVgQ0gBg,0.45454545454545453,0.0,0.0,0.04607615992063775,0.00030167695281404225,0.0,0.0,1.7927962991743555e-07,5,0,1,120
UC_HPgigaFB-dE3ffb9DaNFQ,0.45454545454545453,0.0,0.0,0.04177511126401432,0.0002788961260017206,0.0,0.0,7.726890658386198e-13,5,0,2,120
UC6je6ZhGoeirzEDNKRWZvvQ,0.36363636363636365,0.0,0.0,0.00048088482808367395,0.0003305139051177268,0.0,0.0,-5.651607589132498e-19,4,0,2,121
UC027I4SxiV_fUOxtC_DQLjA,0.0,0.0033783783783783786,0.0,0.000274791330333528,7.554017998397095e-05,0.0,-3.5706879121112994e-19,1.4390459417703874e-20,0,1,1,121
UCcWkB1YVzDwri8Il4ocKFoA,0.0,0.0033783783783783786,0.0,0.000274791330333528,7.554017998397095e-05,0.0,-3.5706879121112994e-19,1.565211615185621e-20,0,1,1,121
UCZJMckXjYWPMkOg7LRqRqbA,0.0,0.0033783783783783786,0.0,0.000274791330333528,7.554017998397095e-05,0.0,-3.5706879121112994e-19,6.20722835162828e-20,0,1,1,121
UCwSoVOC72OcRDsDD1OakMbw,0.0,0.0033783783783783786,0.0,0.000274791330333528,7.554017998397095e-05,0.0,-3.5706879121112994e-19,-7.823104494754856e-20,0,1,1,121
UCT3wIj1ztKXqeo7PJ13cMVQ,0.45454545454545453,0.0,0.0,0.0006011060351045924,0.0003942573364011658,0.0,0.0,8.40506462724053e-20,5,0,1,122
UClD46zbyBWl92yi3NdINgyg,0.0,0.0033783783783783786,0.0,0.0003339477972803291,7.554017998397095e-05,0.0,5.310323158796794e-20,2.3320722674629246e-20,0,1,1,122
UCQvUjfunbLq5t-SB8aRz9MA,0.0,0.0033783783783783786,0.0,0.0003339477972803291,7.554017998397095e-05,0.0,5.310323158796794e-20,-4.0929262074688715e-20,0,1,1,122
UCqr1bw4GAmtJdb7W8gNf6aQ,0.0,0.0033783783783783786,0.0,0.0003339477972803291,7.554017998397095e-05,0.0,5.310323158796794e-20,1.3791539834501866e-19,0,1,1,122
UC21y0D525g8PIxkMq6J2YNg,0.0,0.0033783783783783786,0.0,0.0003339477972803291,7.554017998397095e-05,0.0,5.310323158796794e-20,-2.641118986175651e-21,0,1,1,122
UCYXyOoLBZQU_rhUr52o1FYg,0.6363636363636364,0.0,0.0,0.04543245371741922,0.00046175823182147797,0.0,0.0,2.207864792520443e-05,7,0,2,123
UCGQD9YS6LyebCmKQ2gs8n_g,0.36363636363636365,0.0,0.0,0.04923367839764014,0.00042769188241355575,0.0,0.0,0.0033872891839854783,4,0,2,123
UClR3osDbkO7fSEw0Lsih59g,0.45454545454545453,0.006756756756756757,1.2023566189731874e-06,0.0446571340335488,0.0003942573364011658,0.0,0.004259551032520991,2.6431426544145594e-19,5,2,3,123
UCYDkhzQVZhKHonMkHiL0yKw,0.45454545454545453,0.0,0.0,0.04923113026843704,0.0003309149611772379,0.0,0.0,0.00338732434699677,5,0,1,123
UCtELGxrm2SxnW040GUekhNw,0.45454545454545453,0.0,0.0,0.0492324043000676,0.00033072925454773845,0.0,0.0,0.003387324346996768,5,0,1,123
UCpDjzcpC8pKfzqrNrFfhjvA,0.45454545454545453,0.0,0.0,0.0005890839144025006,0.00036238562075944635,0.0,0.0,1.3965984836254682e-19,5,0,1,124
UCrj-Cv2IcEuaXnk2CoCIItQ,0.18181818181818182,0.0,0.0,0.0003681774465015629,0.00017115532690912942,0.0,0.0,-9.959016620468029e-20,2,0,1,124
UC-DxB47nm2KuGlPnz9cjxJQ,0.0,0.0033783783783783786,0.0,0.00026776541563750027,7.554017998397095e-05,0.0,-6.292110643279663e-20,-1.1544622547493127e-19,0,1,1,124
UCsnaG36yahotw31dkpnTuSQ,0.0,0.006756756756756757,0.0,0.0004909032620020839,7.554017998397095e-05,0.0,2.5316041049693183e-20,3.2586737388603857e-20,0,2,2,124
UCTidpUkvMfCEXWlD4Q0DPeA,0.0,0.0033783783783783786,0.0,0.0003681774465015629,7.554017998397095e-05,0.0,8.823714748248982e-20,-3.645245204366796e-21,0,1,1,124
UCTwPZo-TfR1TN6dDwN9IR9w,0.45454545454545453,0.0,0.0,0.0006011060351045924,0.0003942573364011658,0.0,0.0,-2.6707126398096014e-19,5,0,1,125
UCDfoKvUZU1aHalUxhrwrmQA,0.0,0.0033783783783783786,0.0,0.0003339477972803291,7.554017998397095e-05,0.0,-1.6873573030845877e-19,-3.116135536483167e-20,0,1,1,125
UCEXpjckOccnYKrk_mPJp8jw,0.0,0.0033783783783783786,0.0,0.0003339477972803291,7.554017998397095e-05,0.0,-1.6873573030845877e-19,-7.673628256487936e-21,0,1,1,125
UCXRZ_Ur9dCa5qmLBrW2Yb5A,0.0,0.0033783783783783786,0.0,0.0003339477972803291,7.554017998397095e-05,0.0,-1.6873573030845877e-19,-3.379550236232725e-19,0,1,1,125
UCxhwE0nP_oL0NZPWwnOvSSQ,0.0,0.0033783783783783786,0.0,0.0003339477972803291,7.554017998397095e-05,0.0,-1.6873573030845877e-19,5.782111562200008e-20,0,1,1,125
UC7QYm-96dW-BiiVx8eYE3FA,0.36363636363636365,0.0,0.0,0.0003606636210627555,0.00026677047383428783,0.0,0.0,-9.375466362156586e-19,4,0,1,126
UCHd6LOLA0xU_RmufqEs7fKQ,0.0,0.0033783783783783786,0.0,0.00021639817263765327,7.554017998397095e-05,0.0,-5.923423359068918e-19,-5.199561532347998e-20,0,1,1,126
UCcue71ingLk_TaefwUIS7vQ,0.0,0.006756756756756757,0.0,0.00021639817263765327,7.554017998397095e-05,0.0,-1.1846846718137836e-18,-1.0791414496812974e-20,0,2,2,126
UCP36ata6P_UDUuPbM5GoOAg,0.0,0.0033783783783783786,0.0,0.00021639817263765327,7.554017998397095e-05,0.0,-5.923423359068918e-19,2.8900210528433365e-22,0,1,1,126
UCac_MryCwTeZ5jQ1FKgCINA,0.09090909090909091,0.0,0.0,0.00012022120702091849,0.00013928361126740993,0.0,0.0,-4.586139461611247e-20,1,0,1,127
UCa78CJB22PUxPj-MrylDsWg,0.0,0.0033783783783783786,0.0,0.00012022120702091849,7.554017998397095e-05,0.0,-2.897524727357355e-20,2.759120082465719e-19,0,1,1,127
UCmBvZvvKQgJER1hqBKYYSxQ,0.45454545454545453,0.0,0.0,0.0006327431948469393,0.00036238562075944635,0.0,0.0,2.289653852516941e-19,5,0,1,128
UCEjlK0tcM9Huiirdq6pwm3w,0.45454545454545453,0.0,0.0,0.0006327431948469393,0.00036238562075944635,0.0,0.0,-2.1619622081144742e-19,5,0,1,128
UC4ml2f_LCwNhPSW9sGqMRiQ,0.0,0.0033783783783783786,0.0,0.00042936145364613743,7.554017998397095e-05,0.0,1.4466042104236468e-19,4.843432264666426e-20,0,1,1,128
UC71MTie1oObDqhPOJSJ6FMw,0.0,0.0033783783783783786,0.0,0.00042936145364613743,7.554017998397095e-05,0.0,1.4466042104236468e-19,-3.820503534480023e-20,0,1,1,128
UC-9TWvSP3s13j_gPm5aKNQg,0.0,0.006756756756756757,0.0,0.0006678955945606582,7.554017998397095e-05,0.0,8.067563148266763e-21,-9.402226892719246e-20,0,2,2,128
UCnfYTzSe0714zkVvkkLkxjg,0.45454545454545453,0.0,0.0,0.00048088482808367395,0.0003305139051177268,0.0,0.0,-6.305028553370199e-20,5,0,2,129
UCstTkJPc9e2xMf0NBV7nEhw,0.0,0.0033783783783783786,0.0,0.000274791330333528,7.554017998397095e-05,0.0,-3.983519535985915e-20,-1.0598682171743935e-19,0,1,1,129
UCRudJ_pAMuLZVMhUNgT8P4w,0.0,0.006756756756756757,0.0,0.000274791330333528,7.554017998397095e-05,0.0,-7.96703907197183e-20,-6.327912393778741e-20,0,2,2,129
UC042Jm0kp2Q_Rfnv2d8bWaA,0.0,0.0033783783783783786,0.0,0.000274791330333528,7.554017998397095e-05,0.0,-3.983519535985915e-20,2.137873671964069e-21,0,1,1,129
UCMZfi_5QLqgMiLS_qA_0beA,0.0,0.0033783783783783786,0.0,0.000274791330333528,7.554017998397095e-05,0.0,-3.983519535985915e-20,-2.5810783443954795e-20,0,1,1,129
UCSXdrIs125hU7AlqMuz7pdQ,0.45454545454545453,0.0,0.0,0.0006011060351045924,0.0003942573364011658,0.0,0.0,-5.747841231149067e-19,5,0,1,130
UCshKo4tzI3XOK_22Eo7bvfg,0.0,0.0033783783783783786,0.0,0.0003339477972803291,7.554017998397095e-05,0.0,-3.6314883652333023e-19,-1.9648493212346906e-19,0,1,1,130
UCaPCTVvlrof9HRmQYe2_FNw,0.0,0.0033783783783783786,0.0,0.0003339477972803291,7.554017998397095e-05,0.0,-3.6314883652333023e-19,2.6442201715977864e-20,0,1,1,130
UC-S8wYyHCGVb3TB6IS2vBJA,0.0,0.0033783783783783786,0.0,0.0003339477972803291,7.554017998397095e-05,0.0,-3.6314883652333023e-19,8.324060419893304e-21,0,1,1,130
UCUI16Q1q4V1Xqf2LEGqyieQ,0.0,0.0033783783783783786,0.0,0.0003339477972803291,7.554017998397095e-05,0.0,-3.6314883652333023e-19,1.7535434348957307e-19,0,1,1,130
UCGpklKIp8BMG3WjUWq-WUeg,0.09090909090909091,0.0,0.0,0.00012022120702091849,0.00013928361126740993,0.0,0.0,2.5074975154639772e-21,1,0,1,131
UC4rPhdqYV2P1etq4gis0uAA,0.0,0.0033783783783783786,0.0,0.00012022120702091849,7.554017998397095e-05,0.0,1.5842379229111814e-21,9.762180537258084e-21,0,1,1,131
UCKd5YNcIdBUkPQMl-f3UxCw,0.09090909090909091,0.0,0.0,0.00012022120702091849,0.00013928361126740993,0.0,0.0,1.881267662107586e-19,1,0,1,132
UC-o8th9LjPbf2BO_enS_F5g,0.0,0.0033783783783783786,0.0,0.00012022120702091849,7.554017998397095e-05,0.0,1.1885856536555012e-19,-2.8227866204532836e-19,0,1,1,132
UCKDuznKiK3_MJAzDqsr96ag,0.45454545454545453,0.0,0.0,0.00048088482808367395,0.0003305139051177268,0.0,0.0,-1.4707497745741375e-19,5,0,1,133
UCfBuYKsFclJkKdUtRDJZskQ,0.0,0.0033783783783783786,0.0,0.000274791330333528,7.554017998397095e-05,0.0,-9.292202898004797e-20,-8.00236797127397e-21,0,1,1,133
UCE7v9hQWmZKJKFs2SfveTYA,0.0,0.0033783783783783786,0.0,0.000274791330333528,7.554017998397095e-05,0.0,-9.292202898004797e-20,6.099866496865823e-20,0,1,1,133
UCR7bDIK1BuAKhmUwfUBs4iQ,0.0,0.0033783783783783786,0.0,0.000274791330333528,7.554017998397095e-05,0.0,-9.292202898004797e-20,-3.278589415466236e-21,0,1,1,133
UChS7tmVO2BisRnHeE05oGwQ,0.0,0.006756756756756757,0.0,0.000274791330333528,7.554017998397095e-05,0.0,-1.8584405796009595e-19,2.9348929041884863e-20,0,2,2,133
UC9Lj_rSL9kEjs26vX12d8TA,0.09090909090909091,0.0,0.0,0.00012022120702091849,0.00013928361126740993,0.0,0.0,-2.3152608072453628e-20,1,0,2,134
UCwfTLRLD5YAfZXaCX4bK2-A,0.0,0.0033783783783783786,0.0,0.00012022120702091849,7.554017998397095e-05,0.0,-1.4627826945580687e-20,2.354379540026795e-20,0,1,1,134
UCJ4JHUsVg_K10wgT-Hx_RgQ,0.09090909090909091,0.0,0.0,0.00012022120702091849,0.00013928361126740993,0.0,0.0,1.772568200031758e-20,1,0,3,135
UCmpp36_6GtPWgeQMOqoNGvg,0.0,0.0033783783783783786,0.0,0.00012022120702091849,7.554017998397095e-05,0.0,1.1199092904852238e-20,4.6919222269698275e-21,0,1,2,135
UCoaNY-Ps58IT0IWyeI3iZIQ,0.09090909090909091,0.0,0.0,0.00012022120702091849,0.00013928361126740993,0.0,0.0,-1.563015202729725e-19,1,0,1,136
UCPM8daisTE2xtBJnRCJuM6Q,0.0,0.0033783783783783786,0.0,0.00012022120702091849,7.554017998397095e-05,0.0,-9.875136238342213e-20,1.9258535777006067e-20,0,1,1,136
UCR2uQLVMvaBcTkmJbNCNZbA,0.45454545454545453,0.0,0.0,0.00048088482808367395,0.0003305139051177268,0.0,0.0,1.7345194887130192e-19,5,0,1,137
UCY5Aw_6sYDlHp69AA436ZOg,0.0,0.006756756756756757,0.0,0.000274791330333528,7.554017998397095e-05,0.0,2.191740199223463e-19,1.4587057947865506e-21,0,2,2,137
UC-TFDjLCjCi4p8DBsXwGStA,0.0,0.0033783783783783786,0.0,0.000274791330333528,7.554017998397095e-05,0.0,1.0958700996117316e-19,-8.421359691227463e-21,0,1,1,137
UC3OyDZRiE3hLUeByJ3cAkBg,0.0,0.0033783783783783786,0.0,0.000274791330333528,7.554017998397095e-05,0.0,1.0958700996117316e-19,2.239095992979964e-21,0,1,1,137
UCdSDMeqIj9KFjoq4OXqnMsw,0.0,0.0033783783783783786,0.0,0.000274791330333528,7.554017998397095e-05,0.0,1.0958700996117316e-19,7.585660444261273e-20,0,1,1,137
UCPcwsfPGR5upuJRw2OhYZ2A,0.09090909090909091,0.0,0.0,0.00012022120702091849,0.00013928361126740993,0.0,0.0,-6.46568152828892e-19,1,0,1,138
UCIjizDXNomknFPKXLqvtTFg,0.0,0.0033783783783783786,0.0,0.00012022120702091849,7.554017998397095e-05,0.0,-4.0850201491371275e-19,2.8744320945880005e-20,0,1,1,138
UCaYZYFKWYUwgTAFk9LCeC1A,0.09090909090909091,0.0,0.0,0.00012022120702091849,0.00013928361126740993,0.0,0.0,-1.0326167920728628e-19,1,0,1,139
UCTGlm0noRa2IstjwhzTO_kg,0.0,0.0033783783783783786,0.0,0.00012022120702091849,7.554017998397095e-05,0.0,-6.524076980128204e-20,3.532658390563256e-20,0,1,1,139
UCqM9SsI7e7GPHEmgtbh291w,0.18181818181818182,0.0,0.0,0.00024044241404183698,0.0002030270425508489,0.0,0.0,-2.888689668057759e-19,2,0,1,140
UCeOZ7Fu04cNKRZzoyE5qn9Q,0.0,0.0033783783783783786,0.0,0.00016029494269455797,7.554017998397095e-05,0.0,-1.825075275822166e-19,4.024942691400716e-21,0,1,1,140
UCZr7H2YHgaNLSZYdYVBp4vw,0.0,0.0033783783783783786,0.0,0.00016029494269455797,7.554017998397095e-05,0.0,-1.825075275822166e-19,-9.311496211563212e-20,0,1,1,140
UCEmkjlmedFQBVgFTEZDKP5g,0.2727272727272727,0.0,0.0,0.0003756912719403703,0.00023489875819256837,0.0,0.0,-2.9682078191006626e-19,3,0,2,141
UCaztHKm4LbRIc6dv2tDrNXg,0.18181818181818182,0.0,0.0,0.0003005530175522962,0.00017115532690912942,0.0,0.0,1.915743367047827e-19,2,0,1,141
UCKD8_nIcyZPSsvz7Fy7qHRQ,0.0,0.0033783783783783786,0.0,0.00025046084796024687,7.554017998397095e-05,0.0,-1.8753148751298596e-19,-2.5290493904805937e-19,0,1,1,141
UC6GYRkHrXiYy84n3sVbaFRg,0.0,0.006756756756756757,0.0,0.0003756912719403703,7.554017998397095e-05,0.0,-6.649474574452445e-20,-3.2386912093009734e-20,0,2,2,141
UCqmspYn4yC4oNkX7A46eccw,0.0,0.0033783783783783786,0.0,0.00025046084796024687,7.554017998397095e-05,0.0,-1.8753148751298596e-19,-8.515442137351776e-21,0,1,1,141
UCSxLoja-1RNjffvsrlVdY0Q,0.09090909090909091,0.0,0.0,0.00012022120702091849,0.00013928361126740993,0.0,0.0,-1.6458064660848526e-19,1,0,1,142
UCIAxCk-iwN61V4yZw6y4GtA,0.0,0.0033783783783783786,0.0,0.00012022120702091849,7.554017998397095e-05,0.0,-1.0398211767965024e-19,-5.486415633202783e-20,0,1,1,142
UCvmFdwlfFz1GZUwBeTAvmPg,0.45454545454545453,0.0,0.0,0.0006011060351045924,0.0003942573364011658,0.0,0.0,2.8750849617495286e-19,5,0,1,143
UCoDu6UGb9FJJH4KQXyzhyHA,0.0,0.0033783783783783786,0.0,0.0003339477972803291,7.554017998397095e-05,0.0,1.816479816990942e-19,-4.073693246415884e-20,0,1,1,143
UC4-bBswsLnGIVPRK-opByyg,0.0,0.0033783783783783786,0.0,0.0003339477972803291,7.554017998397095e-05,0.0,1.816479816990942e-19,9.161214652230803e-21,0,1,1,143
UCuLcmsx7hDBrOVfSl7cTKCg,0.0,0.0033783783783783786,0.0,0.0003339477972803291,7.554017998397095e-05,0.0,1.816479816990942e-19,-1.3252654517340337e-19,0,1,1,143
UCGWtPqFuU-9UhoxMUMQwf7Q,0.0,0.0033783783783783786,0.0,0.0003339477972803291,7.554017998397095e-05,0.0,1.816479816990942e-19,-5.253847091387291e-20,0,1,1,143
UCyTHwtm7UnTOiN-FxpszQyQ,0.09090909090909091,0.0,0.0,0.00012022120702091849,0.00013928361126740993,0.0,0.0,-2.860028216253433e-20,1,0,1,144
UC7Jr5gjI5Gd_enynT_iCagg,0.0,0.0033783783783783786,0.0,0.00012022120702091849,7.554017998397095e-05,0.0,-1.8069669592260068e-20,5.789123722995941e-20,0,1,1,144
UCulcFRWdtHlyCkfnRa3RklQ,0.18181818181818182,0.0,0.0,0.00024044241404183698,0.0002030270425508489,0.0,0.0,1.8961067998514045e-19,2,0,1,145
UCyVxMF7FYCRCgoSDcSaF_4w,0.0,0.0033783783783783786,0.0,0.00016029494269455797,7.554017998397095e-05,0.0,1.1979610267564034e-19,-4.999791313505381e-20,0,1,1,145
UC4wifzBErPjANDId-XZ0hhw,0.0,0.0033783783783783786,0.0,0.00016029494269455797,7.554017998397095e-05,0.0,1.1979610267564034e-19,-2.673634058461823e-20,0,1,1,145
UCz4Y9OFqIIH050nAkKdJ_Aw,0.45454545454545453,0.0,0.0,0.00048088482808367395,0.0003305139051177268,0.0,0.0,-1.1511907551505899e-20,5,0,1,146
UCQu6lYLuEf_9j3vKKbeq6oQ,0.0,0.006756756756756757,0.0,0.000274791330333528,7.554017998397095e-05,0.0,-1.4546455496502166e-20,1.3820803687268258e-19,0,2,2,146
UCnHiQ7OugEXgxWQQcd-u8eg,0.0,0.0033783783783783786,0.0,0.000274791330333528,7.554017998397095e-05,0.0,-7.273227748251083e-21,2.0922179365723703e-19,0,1,1,146
UCLyKqjDoD2HkdAdZMzjbegQ,0.0,0.0033783783783783786,0.0,0.000274791330333528,7.554017998397095e-05,0.0,-7.273227748251083e-21,5.219961703419952e-20,0,1,1,146
UCBk_FRMnoma-2DYp4dtrlKQ,0.0,0.0033783783783783786,0.0,0.000274791330333528,7.554017998397095e-05,0.0,-7.273227748251083e-21,-2.4097023189151968e-20,0,1,1,146
UCXmmMqZwrtRkG6NQ2-FhSfg,0.09090909090909091,0.0,0.0,0.00012022120702091849,0.00013928361126740993,0.0,0.0,7.422867950274434e-20,1,0,1,147
UCfI2iWEDikrxm4TsqQz8XPg,0.0,0.0033783783783783786,0.0,0.00012022120702091849,7.554017998397095e-05,0.0,4.6897709094682006e-20,-1.96338659822963e-20,0,1,1,147
UCt8C5clq833Hv555bw_ty8A,0.2727272727272727,0.0,0.0,0.0003606636210627555,0.00026677047383428783,0.0,0.0,-1.1731228840324985e-19,3,0,3,148
UCL2HLwz9fLnt1YTaR-Sv4_A,0.0,0.0033783783783783786,0.0,0.00021639817263765327,7.554017998397095e-05,0.0,-7.411795025349527e-20,-2.7294577727589606e-21,0,1,1,148
UC08JUN9Xd05NZvwpz0K_swA,0.0,0.0033783783783783786,0.0,0.00021639817263765327,7.554017998397095e-05,0.0,-7.411795025349527e-20,-4.460042990697597e-20,0,1,1,148
UCLMaJtz4Jt9dIMGqiaAyFzA,0.0,0.0033783783783783786,0.0,0.00021639817263765327,7.554017998397095e-05,0.0,-7.411795025349527e-20,-3.7583832382312467e-19,0,1,1,148
UCOWh7kNBlByfZnmJ4pJNU9A,0.09090909090909091,0.0,0.0,0.00012022120702091849,0.00013928361126740993,0.0,0.0,-1.1626043513404318e-19,1,0,1,149
UC9w2ifR9Q9D5Ud2UglJTZfA,0.0,0.0033783783783783786,0.0,0.00012022120702091849,7.554017998397095e-05,0.0,-7.345338894161417e-20,2.618849197644998e-21,0,1,1,149
UC-U2n0PUSsZ95lr9lD9CC3Q,0.09090909090909091,0.0,0.0,0.00012022120702091849,0.00013928361126740993,0.0,0.0,3.6665987755946314e-20,1,0,2,150
UC7I28AODvpii9viU7T8Riuw,0.0,0.0033783783783783786,0.0,0.00012022120702091849,7.554017998397095e-05,0.0,2.3165585579142197e-20,-2.3055839295061006e-20,0,1,1,150
UC0J4hE-cK3b2YyUiFG-64sg,0.45454545454545453,0.0,0.0,0.0003606636210627555,0.00026677047383428783,0.0,0.0,5.112740050363627e-20,5,0,1,151
UCQH9rVruhwp5M7_R7Llo6Lg,0.0,0.0033783783783783786,0.0,0.00021639817263765327,7.554017998397095e-05,0.0,3.230231187796064e-20,6.723821562858211e-20,0,1,1,151
UCNw6CGrP_F6ic0IZ4cZPAqQ,0.0,0.006756756756756757,0.0,0.00021639817263765327,7.554017998397095e-05,0.0,6.460462375592128e-20,-1.0044730723472827e-20,0,2,2,151
UCp0uQpfmZaiBL3kakYfoRWg,0.0,0.006756756756756757,0.0,0.00021639817263765327,7.554017998397095e-05,0.0,6.460462375592128e-20,1.1397561002229503e-19,0,2,2,151
UCw_kwyiM4WqNAQf0CbDDbvA,0.09090909090909091,0.0,0.0,0.00012022120702091849,0.00013928361126740993,0.0,0.0,7.731652846452666e-20,1,0,1,152
UCBjQuHKDJT0vnSLp8fxSZ3A,0.0,0.0033783783783783786,0.0,0.00012022120702091849,7.554017998397095e-05,0.0,4.884861329112038e-20,-1.4159827626623085e-21,0,1,1,152
UCyfUh2QDPSSSYvyt7vVyd9A,0.09090909090909091,0.0,0.0,0.00012022120702091849,0.00013928361126740993,0.0,0.0,1.0349991321344654e-19,1,0,2,153
UCyTXSSIqyPocn0wEsga3MEg,0.0,0.0033783783783783786,0.0,0.00012022120702091849,7.554017998397095e-05,0.0,6.539128614068358e-20,-1.0982695465519224e-19,0,1,2,153
UCYLC8y0bVuNAfo3fU6l78BQ,0.09090909090909091,0.0,0.0,0.00012022120702091849,0.00013928361126740993,0.0,0.0,4.2907679723526896e-19,1,0,1,154
UCudJ9y-5X2hJf_alUMYsvVg,0.0,0.0033783783783783786,0.0,0.00012022120702091849,7.554017998397095e-05,0.0,2.710908903515323e-19,9.067839833174584e-20,0,1,1,154
UCBrRwllu65em1La1WdQV31w,0.09090909090909091,0.016891891891891893,0.0,0.000721327242125511,0.00013928361126740993,0.0,-6.597962668081654e-19,-4.466349561914614e-20,1,5,21,155
UCmr3SazHCswZ-FnUgH80hTg,0.09090909090909091,0.0,0.0,0.0003934512229775514,9.928269870702881e-05,0.0,0.0,-1.5126341507245097e-19,1,0,1,155
UCE8lhkDNEdxJ1ZwsbbVzGMQ,0.09090909090909091,0.0,0.0,0.0003934512229775514,9.928269870702881e-05,0.0,0.0,-1.505437339632302e-19,1,0,2,155
UC5mgoXy4zid2R4RnuYppWKg,0.09090909090909091,0.0,0.0,0.0003934512229775514,9.928269870702881e-05,0.0,0.0,-1.6711250131893552e-19,1,0,1,155
UCKIGPlOg0_ZRXv2mZMyANEw,0.09090909090909091,0.0,0.0,0.0003934512229775514,9.928269870702881e-05,0.0,0.0,-5.283226623592233e-19,1,0,1,155
UCDnlJrWzPSvpXlJJ23H9hEw,0.2727272727272727,0.0,0.0,0.00042936145364613743,0.00037670879849798855,0.0,0.0,-5.886192125307898e-20,3,0,1,156
UCSoP-o1JNzU0XN0Ctm2Pe5Q,0.18181818181818182,0.0033783783783783786,0.0,0.00042936145364613743,0.0002030270425508489,0.0,-3.71889851493171e-20,1.7825872936034962e-19,2,1,2,156
UCX6tRyej_MzFCk7Z5MJdP0w,0.0,0.0033783783783783786,0.0,0.0002732300159566329,7.554017998397095e-05,0.0,-3.71889851493171e-20,2.6280270090194348e-20,0,1,1,156
UCuBoEUCzvJW8m65nOgAEa7w,0.0,0.0033783783783783786,0.0,0.0002732300159566329,7.554017998397095e-05,0.0,-3.71889851493171e-20,2.0877962218915794e-20,0,1,1,156
UCuCkXPNkAcMoFSKtpAjHxCQ,0.0,0.0033783783783783786,0.0,0.0002732300159566329,7.554017998397095e-05,0.0,1.1262393577700986e-19,2.2255772565738252e-20,0,1,1,156
UCQqSrd3-HQ3CTjm9h521ldg,0.36363636363636365,0.0,0.0,0.00048088482808367395,0.0003305139051177268,0.0,0.0,1.9950671482441108e-19,4,0,2,157
UCM5urfBhG7I80GX5hi5qSnA,0.0,0.0033783783783783786,0.0,0.000274791330333528,7.554017998397095e-05,0.0,1.2604842140462692e-19,-1.2036030901315448e-19,0,1,1,157
UCUlUI7O7agtLD1awOq-9Hog,0.0,0.0033783783783783786,0.0,0.000274791330333528,7.554017998397095e-05,0.0,1.2604842140462692e-19,-6.165598685949925e-20,0,1,1,157
UCBvukFZFFBYpGMWoCUyvK3A,0.0,0.0033783783783783786,0.0,0.000274791330333528,7.554017998397095e-05,0.0,1.2604842140462692e-19,-8.25307700002146e-21,0,1,1,157
UC2V1-O5tYRGYhRABIJ_W-vg,0.0,0.0033783783783783786,0.0,0.000274791330333528,7.554017998397095e-05,0.0,1.2604842140462692e-19,-3.3510406319035685e-20,0,1,2,157
UC96ZXoDvZGMZK5-X-mY-gzQ,0.18181818181818182,0.0,0.0,0.00024044241404183698,0.0002030270425508489,0.0,0.0,-3.485883357804078e-21,2,0,1,158
UCvfCIwLyiDUUkUX7ufxfGRg,0.0,0.0033783783783783786,0.0,0.00016029494269455797,7.554017998397095e-05,0.0,-2.2023824854144796e-21,4.6129743563155635e-20,0,1,1,158
UCKl4DOcwUjZn6AUdKHzmyPA,0.0,0.0033783783783783786,0.0,0.00016029494269455797,7.554017998397095e-05,0.0,-2.2023824854144796e-21,6.561405269705399e-20,0,1,1,158
UCU36Z1OjG4U_T-c2dHhAPkw,0.2727272727272727,0.0,0.0,0.0003606636210627555,0.00026677047383428783,0.0,0.0,-7.915251608288417e-20,3,0,3,159
UCqPSU-Y8J0cD3v3wj2-zNIA,0.0,0.0033783783783783786,0.0,0.00021639817263765327,7.554017998397095e-05,0.0,-5.00085909952096e-20,-8.976078875300248e-20,0,1,1,159
UCt6n7bHgG0eFr6amQdVi1Jg,0.0,0.0033783783783783786,0.0,0.00021639817263765327,7.554017998397095e-05,0.0,-5.00085909952096e-20,3.0201105989863345e-20,0,1,1,159
UCQACQEFdRLpiBWvd-GoMjMA,0.0,0.0033783783783783786,0.0,0.00021639817263765327,7.554017998397095e-05,0.0,-5.00085909952096e-20,-4.6297767429444833e-20,0,1,1,159
UCq1_7DnHxnrZF2JBpV4H5yw,0.18181818181818182,0.0,0.0,0.00024044241404183698,0.0002030270425508489,0.0,0.0,-2.3036853230947647e-20,2,0,1,160
UCCeGxhJa5QLi9W9RCFXW4PQ,0.0,0.0033783783783783786,0.0,0.00016029494269455797,7.554017998397095e-05,0.0,-1.455469299089343e-20,-5.697309440772205e-20,0,1,1,160
UCYpwNhEjur-8rVRL8RvdX2w,0.0,0.0033783783783783786,0.0,0.00016029494269455797,7.554017998397095e-05,0.0,-1.455469299089343e-20,1.2789265874814948e-21,0,1,1,160
UCwYhYiQ2F-BdxAwkGe3R-cw,0.2727272727272727,0.0,0.0,0.0003606636210627555,0.00026677047383428783,0.0,0.0,1.0301421422592402e-19,3,0,3,161
UC_jBgwLlvblMsRayHaN_U2w,0.0,0.0033783783783783786,0.0,0.00021639817263765327,7.554017998397095e-05,0.0,6.508442132809358e-20,1.2012358389073137e-20,0,1,1,161
UCP0CNfIAXLSAZiJ4qmeMVEQ,0.0,0.0033783783783783786,0.0,0.00021639817263765327,7.554017998397095e-05,0.0,6.508442132809358e-20,1.0224292769232773e-20,0,1,1,161
UCzNLROjiB2ozN8qNh7J5h-A,0.0,0.0033783783783783786,0.0,0.00021639817263765327,7.554017998397095e-05,0.0,6.508442132809358e-20,1.5540744957606358e-20,0,1,1,161
UCmINlsPeWS7KpxS7Hz7uTWQ,0.09090909090909091,0.0,0.0,0.00012022120702091849,0.00013928361126740993,0.0,0.0,2.053270065201493e-19,1,0,1,162
UCFyRaf2U0SCeCrETZs1Gjxg,0.0,0.0033783783783783786,0.0,0.00012022120702091849,7.554017998397095e-05,0.0,1.2972568400206857e-19,1.3073864286212567e-21,0,1,1,162
UCGq_7odriPWWWf9b0ucRDfw,0.45454545454545453,0.0,0.0,0.0006011060351045924,0.0003942573364011658,0.0,0.0,-9.60598256894293e-19,5,0,1,163
UCLNGtHBS2FFohjCM4dZUywQ,0.0,0.0033783783783783786,0.0,0.0003339477972803291,7.554017998397095e-05,0.0,-6.069063589770798e-19,7.171687904525168e-21,0,1,1,163
UCHN_202dBCln5C9ZurJYcNA,0.0,0.0033783783783783786,0.0,0.0003339477972803291,7.554017998397095e-05,0.0,-6.069063589770798e-19,1.0713455316901357e-20,0,1,1,163
UC4K0EA1TQ4oF-vnlw0Zj7Jg,0.0,0.0033783783783783786,0.0,0.0003339477972803291,7.554017998397095e-05,0.0,-6.069063589770798e-19,-2.0618501651499635e-19,0,1,1,163
UCKCTQwcNxr2EWfzPeOdRoWw,0.0,0.0033783783783783786,0.0,0.0003339477972803291,7.554017998397095e-05,0.0,-6.069063589770798e-19,1.3289525544616303e-19,0,1,1,163
UCEWPjIYEu5nqqinNjuFq8XA,0.45454545454545453,0.0,0.0,0.0006011060351045924,0.0003942573364011658,0.0,0.0,-2.1047461189161088e-19,5,0,1,164
UCFyT5Z2Q5g9-kxVNL-NJoLw,0.0,0.0033783783783783786,0.0,0.0003339477972803291,7.554017998397095e-05,0.0,-1.329779431135364e-19,-3.5304609205480676e-21,0,1,1,164
UCjBjiObHYGYSDRq82AL6Y1A,0.0,0.0033783783783783786,0.0,0.0003339477972803291,7.554017998397095e-05,0.0,-1.329779431135364e-19,1.0977336547418236e-20,0,1,1,164
UC6alK4_SrNlnyhamr9FGBhg,0.0,0.0033783783783783786,0.0,0.0003339477972803291,7.554017998397095e-05,0.0,-1.329779431135364e-19,4.777932548513795e-20,0,1,1,164
UCHWGSSrBu9GPw9Twd9ZBocQ,0.0,0.0033783783783783786,0.0,0.0003339477972803291,7.554017998397095e-05,0.0,-1.329779431135364e-19,1.767488568132271e-20,0,1,1,164
UCE50jDkj8tm-dt26FtHMSjw,0.7272727272727273,0.0,0.0,0.0009927944837856493,0.00048349814019798046,0.0,0.0,3.3374531572555193e-19,8,0,2,165
UCTFewzeTGIH9s_Yt8VVmTlQ,0.45454545454545453,0.0,0.0,0.000831800783712301,0.0002795191600909756,0.0,0.0,-4.403292757056911e-19,5,0,1,165
UC4Rx2KnomvWjlI_Y1AZM_IA,0.45454545454545453,0.0,0.0,0.000831800783712301,0.0002795191600909756,0.0,0.0,5.999316340793935e-21,5,0,1,165
UCqDYcQpOXV9eQd0b9r-rvGg,0.09090909090909091,0.0,0.0,0.0007157355580780263,8.828886624065873e-05,0.0,0.0,3.225440090058193e-19,1,0,1,165
UCkA2i4UgAbOVpRNsZS7rCPw,0.0,0.0033783783783783786,0.0,0.000669057152116416,7.554017998397095e-05,0.0,2.1086042259489553e-19,-6.162705125987289e-20,0,1,1,165
UCaD8Ctulj0nQm-k9Dhbbtmg,0.45454545454545453,0.0,0.0,0.0006011060351045924,0.0003942573364011658,0.0,0.0,-3.2022682538690534e-20,5,0,1,166
UC9KN1IylcWs7Qb-RQhogiHw,0.0,0.0033783783783783786,0.0,0.0003339477972803291,7.554017998397095e-05,0.0,-2.0231943504738468e-20,4.323761355780972e-20,0,1,1,166
UC41d8cSrb_b1PC3VPpmR1Xg,0.0,0.0033783783783783786,0.0,0.0003339477972803291,7.554017998397095e-05,0.0,-2.0231943504738468e-20,9.266096664446465e-20,0,1,1,166
UCJYA_wpY1N0Ag7pkPwB9oLw,0.0,0.0033783783783783786,0.0,0.0003339477972803291,7.554017998397095e-05,0.0,-2.0231943504738468e-20,-2.621296908764736e-21,0,1,1,166
UC2M99oku5I4Laji7dPbVKUQ,0.0,0.0033783783783783786,0.0,0.0003339477972803291,7.554017998397095e-05,0.0,-2.0231943504738468e-20,-2.20234719102272e-19,0,1,1,166
UC2yRB_LnUN1i8RhQnPUwwSw,0.45454545454545453,0.0,0.0,0.0006011060351045924,0.0003942573364011658,0.0,0.0,3.80011456530757e-19,5,0,1,167
UCX3TATCKDertPfzAzZ0otHA,0.0,0.0033783783783783786,0.0,0.0003339477972803291,7.554017998397095e-05,0.0,2.4009138867096435e-19,7.339017151000853e-20,0,1,1,167
UCU60_3CP8D9hvDpicswhG5A,0.0,0.0033783783783783786,0.0,0.0003339477972803291,7.554017998397095e-05,0.0,2.4009138867096435e-19,-8.655244674756054e-20,0,1,1,167
UCTGUJVMCbo3wUXWZekopkSA,0.0,0.0033783783783783786,0.0,0.0003339477972803291,7.554017998397095e-05,0.0,2.4009138867096435e-19,-8.350289952979587e-20,0,1,1,167
UCSjgYQ_ZLZ4Z4dQYAu7ZAyw,0.0,0.0033783783783783786,0.0,0.0003339477972803291,7.554017998397095e-05,0.0,2.4009138867096435e-19,6.717849685003787e-20,0,1,1,167
UCFesIG1xLdsGbeS1uAvFXAQ,0.45454545454545453,0.0,0.0,0.0006011060351045924,0.0003942573364011658,0.0,0.0,2.499462883798666e-19,5,0,1,168
UCSjCHUkFMWgzTDoq6gdKU_A,0.0,0.0033783783783783786,0.0,0.0003339477972803291,7.554017998397095e-05,0.0,1.5791616394443747e-19,1.361476590778383e-20,0,1,1,168
UCLcLe8DkF4LPtGhZi6--K0Q,0.0,0.0033783783783783786,0.0,0.0003339477972803291,7.554017998397095e-05,0.0,1.5791616394443747e-19,-1.573312550930403e-19,0,1,1,168
UCYsPQNnEulPW3ynWN-htUiQ,0.0,0.0033783783783783786,0.0,0.0003339477972803291,7.554017998397095e-05,0.0,1.5791616394443747e-19,1.3978021238062438e-19,0,1,1,168
UCUuv8mER5ZAdJnFef4YT8wg,0.0,0.0033783783783783786,0.0,0.0003339477972803291,7.554017998397095e-05,0.0,1.5791616394443747e-19,-1.570955591607967e-21,0,1,1,168
UCzcpcOy_EAx-e-aXmLm7deA,0.45454545454545453,0.0,0.0,0.0006011060351045924,0.0003942573364011658,0.0,0.0,-7.660279207471865e-19,5,0,1,169
UCNoTg_AiDnCAhBpnNw8a6-g,0.0,0.0033783783783783786,0.0,0.0003339477972803291,7.554017998397095e-05,0.0,-4.839767435749342e-19,-3.76437935474697e-20,0,1,1,169
UCxqbW68_T_sNp2awhfGJFWw,0.0,0.0033783783783783786,0.0,0.0003339477972803291,7.554017998397095e-05,0.0,-4.839767435749342e-19,-5.997255349558708e-20,0,1,1,169
UCq_9fJfSx5lkCOAnEIECrUA,0.0,0.0033783783783783786,0.0,0.0003339477972803291,7.554017998397095e-05,0.0,-4.839767435749342e-19,1.6625708563823057e-19,0,1,1,169
UC9YMyixR0hXhyG_Z_17nKpw,0.0,0.0033783783783783786,0.0,0.0003339477972803291,7.554017998397095e-05,0.0,-4.839767435749342e-19,-1.1470196159562742e-20,0,1,1,169
UCkvhZEieGMI6fcP081cjJ3Q,0.45454545454545453,0.0,0.0,0.0006011060351045924,0.0003942573364011658,0.0,0.0,-2.6684483019440604e-19,5,0,1,170
UCvzRisbDnSsu1IOkSEagf9g,0.0,0.0033783783783783786,0.0,0.0003339477972803291,7.554017998397095e-05,0.0,-1.6859266935247575e-19,1.9068386353120895e-20,0,1,1,170
UCm5oy16l33dXhq45EwvtFhw,0.0,0.0033783783783783786,0.0,0.0003339477972803291,7.554017998397095e-05,0.0,-1.6859266935247575e-19,2.5948805378293706e-20,0,1,1,170
UCscZX-vH3JS9iPPwhO9w_yQ,0.0,0.0033783783783783786,0.0,0.0003339477972803291,7.554017998397095e-05,0.0,-1.6859266935247575e-19,-2.7261980396816074e-20,0,1,1,170
UCpLugIPE51zC87TkthY2yRQ,0.0,0.0033783783783783786,0.0,0.0003339477972803291,7.554017998397095e-05,0.0,-1.6859266935247575e-19,-5.231153853968725e-20,0,1,1,170
UCOqQ2bIOkWu1PLwk_0UIc1w,0.45454545454545453,0.0,0.0,0.00048088482808367395,0.0003305139051177268,0.0,0.0,1.1934747533410753e-19,5,0,1,171
UCP-BpQX2S0agtoz4Y_lY1fw,0.0,0.0033783783783783786,0.0,0.000274791330333528,7.554017998397095e-05,0.0,7.540378216207897e-20,-2.077704953993575e-21,0,1,1,171
UCMUADRaABS4d9Setlm6_Cgg,0.0,0.0033783783783783786,0.0,0.000274791330333528,7.554017998397095e-05,0.0,7.540378216207897e-20,-7.867064031539184e-20,0,1,1,171
UCrmgusOP2HACD9GJmqQlmUw,0.0,0.006756756756756757,0.0,0.000274791330333528,7.554017998397095e-05,0.0,1.5080756432415795e-19,-1.391862665397134e-19,0,2,2,171
UCg7W-T3D2mWTuTJTyuZ0FKA,0.0,0.0033783783783783786,0.0,0.000274791330333528,7.554017998397095e-05,0.0,7.540378216207897e-20,2.361708519089576e-20,0,1,1,171
UCQtGtw8z9NTtNpmjoyTuZuQ,0.45454545454545453,0.0,0.0,0.0004909032620020839,0.0003092660946899139,0.0,0.0,-1.8009605392542423e-19,5,0,1,172
UCO1Bc4Zv7EXAHkm9WBtNMVw,0.2727272727272727,0.0,0.0,0.00042077422457321474,0.00022427485297866185,0.0,0.0,2.1423032367476396e-22,3,0,1,172
UCJHXJ31I6PDEhchwTyox55Q,0.0,0.010135135135135136,0.0,0.0004909032620020839,7.554017998397095e-05,0.0,-2.274341655258235e-19,4.8612898927587973e-20,0,3,3,172
UCh3ArMp5A1Xyn5i5UJ-Zhjg,0.0,0.0033783783783783786,0.0,0.00032726884133472256,7.554017998397095e-05,0.0,-1.137847581645642e-19,-6.027524024545456e-21,0,1,1,172
UCYErE2OXEp4sjjQj9duo31A,0.0,0.0033783783783783786,0.0,0.00032726884133472256,7.554017998397095e-05,0.0,-1.137847581645642e-19,2.5845921479942858e-20,0,1,1,172
UCTt1BItJlx8GdyHrqBNzE2Q,0.45454545454545453,0.0,0.0,0.00048088482808367395,0.0003305139051177268,0.0,0.0,-2.7491777810789132e-21,5,0,1,173
UC4ao6PzFWECR3cqh9MDMM6Q,0.0,0.006756756756756757,0.0,0.000274791330333528,7.554017998397095e-05,0.0,-3.4738632208009444e-21,5.726787598627957e-20,0,2,2,173
UC-tPsvsAayYD6-SmJRWE05A,0.0,0.0033783783783783786,0.0,0.000274791330333528,7.554017998397095e-05,0.0,-1.7369316104004722e-21,9.310260089883346e-20,0,1,1,173
UC7wAhU72pF63m7K_ex6BWeA,0.0,0.0033783783783783786,0.0,0.000274791330333528,7.554017998397095e-05,0.0,-1.7369316104004722e-21,3.7791169004565715e-21,0,1,1,173
UCWY3dQRx8JKjMU8O5VS02nA,0.0,0.0033783783783783786,0.0,0.000274791330333528,7.554017998397095e-05,0.0,-1.7369316104004722e-21,-2.054847159272935e-20,0,1,1,173
UCgWUpf4xJLoQ9Ld5gMziN6Q,0.9090909090909091,0.0,0.0,0.0009644412385455905,0.0004898724833263243,0.0,0.0,-3.410411459740731e-19,10,0,2,174
UCDcHKrDyDWrUjC3w9NxVGzw,0.45454545454545453,0.0,0.0,0.0008509775634225799,0.00028270633165514755,0.0,0.0,-1.833659527216312e-19,5,0,1,174
UCL3jjDv2nK2hzo3CTrehZuA,0.45454545454545453,0.0,0.0,0.001009298970570967,0.00027208242644124114,0.0,0.0,1.7874432601882968e-19,5,0,1,174
UCgQFJS0-DiC0SlvrjlmScDw,0.2727272727272727,0.0,0.0,0.0005945185717061859,0.00017115532690912942,0.0,0.0,-3.993637562665424e-19,3,0,1,174
UCJif0S3E1RzL3ntZYht9qxQ,0.18181818181818182,0.0,0.0,0.0005636344900591114,0.00011803580083959693,0.0,0.0,8.091319397663722e-20,2,0,2,174
UCMbtIMFNlwjTZXfeIj9iONQ,0.36363636363636365,0.0,0.0,0.00048088482808367395,0.0003305139051177268,0.0,0.0,-9.906988315919434e-20,4,0,2,175
UCn-IS1Mj_QczHDHtmmzaHZg,0.0,0.0033783783783783786,0.0,0.000274791330333528,7.554017998397095e-05,0.0,-6.259239139869458e-20,-3.909212536535621e-20,0,1,1,175
UCEJNe8MHCcbpLN7n_6ogaiQ,0.0,0.0033783783783783786,0.0,0.000274791330333528,7.554017998397095e-05,0.0,-6.259239139869458e-20,1.3278345886997228e-20,0,1,1,175
UCZH2Swm8A9ClUs5B4A4l-YA,0.0,0.0033783783783783786,0.0,0.000274791330333528,7.554017998397095e-05,0.0,-6.259239139869458e-20,5.2897513309634913e-20,0,1,1,175
UCgxEO5DADLqPb6xztsG_vrw,0.0,0.0033783783783783786,0.0,0.000274791330333528,7.554017998397095e-05,0.0,-6.259239139869458e-20,5.953506721732826e-20,0,1,1,175
UCn_mHDX3SOwSwPpkEdTk4IA,0.45454545454545453,0.0,0.0,0.00048088482808367395,0.0003305139051177268,0.0,0.0,2.2120623129057567e-20,5,0,1,176
UCxzZzVCw44PpyGBwX_VqtLA,0.0,0.0033783783783783786,0.0,0.000274791330333528,7.554017998397095e-05,0.0,1.3975818449811998e-20,-8.957454381982436e-21,0,1,1,176
UCQMK-HX4k5Qf8aP3BUjLQJA,0.0,0.0033783783783783786,0.0,0.000274791330333528,7.554017998397095e-05,0.0,1.3975818449811998e-20,1.5777730598206098e-19,0,1,1,176
UCbMlThUyCo8WiAtggsN76vA,0.0,0.0033783783783783786,0.0,0.000274791330333528,7.554017998397095e-05,0.0,1.3975818449811998e-20,1.8599114248165832e-19,0,1,1,176
UCtq7DFj8w4aDVaQWgWS3uMw,0.0,0.006756756756756757,0.0,0.000274791330333528,7.554017998397095e-05,0.0,2.7951636899623996e-20,-5.973988011187993e-20,0,2,2,176
UCasR57uXE400NAK2Pg1J-Nw,0.2727272727272727,0.0,0.0,0.0003606636210627555,0.00026677047383428783,0.0,0.0,8.548679042111888e-20,3,0,1,177
UC1tdplHtkzZ_R639OuZGb2g,0.0,0.0033783783783783786,0.0,0.00021639817263765327,7.554017998397095e-05,0.0,5.4010588029650417e-20,-1.689521924067745e-19,0,1,1,177
UCrtVfGS-vg7ik7GDotS8CfA,0.0,0.0033783783783783786,0.0,0.00021639817263765327,7.554017998397095e-05,0.0,5.4010588029650417e-20,-7.754587757102135e-23,0,1,1,177
UCOs6ttvx2wrWl43U1oWvwMQ,0.0,0.0033783783783783786,0.0,0.00021639817263765327,7.554017998397095e-05,0.0,5.4010588029650417e-20,-5.113661336959691e-20,0,1,1,177
UC588anxlFsTKtnZPxXYX1eA,0.45454545454545453,0.0,0.0,0.0006011060351045924,0.0003942573364011658,0.0,0.0,-2.370401166195728e-19,5,0,1,178
UCDbRGFTAzp4D7Go3RfdHmKg,0.0,0.0033783783783783786,0.0,0.0003339477972803291,7.554017998397095e-05,0.0,-1.4976203951712794e-19,-3.1750247475906433e-20,0,1,1,178
UCPpZjtUf9JmngDBpgRpB3cg,0.0,0.0033783783783783786,0.0,0.0003339477972803291,7.554017998397095e-05,0.0,-1.4976203951712794e-19,3.491446109710628e-20,0,1,1,178
UCQdF1V7PZyN0MUOwbHGtx1Q,0.0,0.0033783783783783786,0.0,0.0003339477972803291,7.554017998397095e-05,0.0,-1.4976203951712794e-19,-7.21552936496641e-22,0,1,1,178
UC_5hWtBoBYzkzUohCAxD7Cg,0.0,0.0033783783783783786,0.0,0.0003339477972803291,7.554017998397095e-05,0.0,-1.4976203951712794e-19,1.690893026771351e-20,0,1,1,178
UCqLDefBjCLEt8zkAI-BtiWw,0.45454545454545453,0.0,0.0,0.0006011060351045924,0.0003942573364011658,0.0,0.0,-7.19714426878451e-19,5,0,1,179
UC37fXafirX15BbKd5mV6-yw,0.0,0.0033783783783783786,0.0,0.0003339477972803291,7.554017998397095e-05,0.0,-4.547158598145812e-19,4.770771833861883e-20,0,1,1,179
UC8jf8m1OOz5wVImIoyyUEIw,0.0,0.0033783783783783786,0.0,0.0003339477972803291,7.554017998397095e-05,0.0,-4.547158598145812e-19,4.988464881028948e-21,0,1,1,179
UCYClj99een-VPqW6_8Rhipg,0.0,0.0033783783783783786,0.0,0.0003339477972803291,7.554017998397095e-05,0.0,-4.547158598145812e-19,-4.679586165463e-20,0,1,1,179
UCLzluehE7W69a8oc-QWy4Ow,0.0,0.0033783783783783786,0.0,0.0003339477972803291,7.554017998397095e-05,0.0,-4.547158598145812e-19,-3.1397901125698576e-20,0,1,1,179
UCDLlEX626R3hLCefbC2AsCQ,0.45454545454545453,0.0,0.0,0.0006182804932504379,0.00036238562075944635,0.0,0.0,3.507049779063165e-19,5,0,1,180
UCmV24Fc65OLDMq0_ns3bdXg,0.09090909090909091,0.0,0.0,0.0002885308968502044,0.00010741189562569042,0.0,0.0,9.780424420655336e-20,1,0,1,180
UCaz019NMBiWc0Pv5JPbg-oQ,0.0,0.006756756756756757,0.0,0.00043279634527530655,7.554017998397095e-05,0.0,2.8336830408189906e-19,-1.715709855636252e-20,0,2,2,180
UCfbDB5ZlbDO3kZSJ8dEIuyg,0.0,0.0033783783783783786,0.0,0.0003606636210627555,7.554017998397095e-05,0.0,2.2157554387451055e-19,-6.571169559332485e-21,0,1,1,180
UCD9qI1vYr2pMcBtFpAOsYuA,0.0,0.0033783783783783786,0.0,0.0003606636210627555,7.554017998397095e-05,0.0,2.2157554387451055e-19,6.465261467566605e-20,0,1,1,180
UCHkeFzDfDO2MX0sKpP_vpGA,0.36363636363636365,0.0,0.0,0.00048088482808367395,0.0003305139051177268,0.0,0.0,1.923316243293321e-19,4,0,1,181
UCruQozARYmCJG6-bPxN3LVQ,0.0,0.0033783783783783786,0.0,0.000274791330333528,7.554017998397095e-05,0.0,1.2151519638943866e-19,1.381639186030379e-20,0,1,1,181
UCaCdA2e_tvzdEgVkARSZLnw,0.0,0.0033783783783783786,0.0,0.000274791330333528,7.554017998397095e-05,0.0,1.2151519638943866e-19,-9.338224790132935e-21,0,1,1,181
UC4IXIdnmpH07Pqgj2Z1N8UQ,0.0,0.0033783783783783786,0.0,0.000274791330333528,7.554017998397095e-05,0.0,1.2151519638943866e-19,2.9113188342915294e-20,0,1,1,181
UCnDh-D6plmxg0u3r4mkPreg,0.0,0.0033783783783783786,0.0,0.000274791330333528,7.554017998397095e-05,0.0,1.2151519638943866e-19,2.9483166167266475e-20,0,1,1,181
UCLgGtkTl3cg2gUKLBwal1ZQ,0.36363636363636365,0.0,0.0,0.00048088482808367395,0.0003305139051177268,0.0,0.0,-3.819545111495915e-19,4,0,2,182
UCv8K6xJILOdI0XYwd846EaA,0.0,0.0033783783783783786,0.0,0.000274791330333528,7.554017998397095e-05,0.0,-2.413190113483395e-19,2.226053128907472e-21,0,1,1,182
UCPAGC-ja5dMCN0HQGCUbI-A,0.0,0.0033783783783783786,0.0,0.000274791330333528,7.554017998397095e-05,0.0,-2.413190113483395e-19,-1.3533058894604358e-19,0,1,1,182
UCeu6CtcQwSkW-dItNY95Cnw,0.0,0.0033783783783783786,0.0,0.000274791330333528,7.554017998397095e-05,0.0,-2.413190113483395e-19,-1.332077431835346e-19,0,1,1,182
UCcbhrmgrjR7iL_3ZBANYAew,0.0,0.0033783783783783786,0.0,0.000274791330333528,7.554017998397095e-05,0.0,-2.413190113483395e-19,-2.391669125019994e-20,0,1,1,182
UCmueoA67a6fn4hFUYnPgwSQ,0.45454545454545453,0.0,0.0,0.0006011060351045924,0.0003942573364011658,0.0,0.0,-1.6194860731337384e-19,5,0,1,183
UC9tEF-b6_NK88GwS-SP4dFQ,0.0,0.0033783783783783786,0.0,0.0003339477972803291,7.554017998397095e-05,0.0,-1.0231919421105554e-19,-8.692870401964946e-20,0,1,1,183
UC7yiZNzAuhrywZ9x_cgPAbQ,0.0,0.0033783783783783786,0.0,0.0003339477972803291,7.554017998397095e-05,0.0,-1.0231919421105554e-19,-2.3793805421394845e-20,0,1,1,183
UCN-yt6FJ1hPZCdawc8kF27A,0.0,0.0033783783783783786,0.0,0.0003339477972803291,7.554017998397095e-05,0.0,-1.0231919421105554e-19,-7.87630923814204e-20,0,1,1,183
UCCvwnDf08lnHrsmZ0TpN9rg,0.0,0.0033783783783783786,0.0,0.0003339477972803291,7.554017998397095e-05,0.0,-1.0231919421105554e-19,1.573307144867661e-19,0,1,1,183
UCcNCIfwY_janpCeAiYrSDQQ,0.2727272727272727,0.0,0.0,0.0003606636210627555,0.00026677047383428783,0.0,0.0,-2.482350645428723e-19,3,0,1,184
UCsRffhmSs50-RjRzkW-BNNg,0.0,0.0033783783783783786,0.0,0.00021639817263765327,7.554017998397095e-05,0.0,-1.5683501204680366e-19,-8.89771179349096e-21,0,1,1,184
UCM36yK5Q1he2E-XoDsVEwJQ,0.0,0.0033783783783783786,0.0,0.00021639817263765327,7.554017998397095e-05,0.0,-1.5683501204680366e-19,1.1526412470310103e-21,0,1,1,184
UChx6hLytBQkWWA3f0I_qhNg,0.0,0.0033783783783783786,0.0,0.00021639817263765327,7.554017998397095e-05,0.0,-1.5683501204680366e-19,4.477998691835122e-21,0,1,2,184
UCry0ljFzJ9-pdG9gzKcnZuw,0.09090909090909091,0.0,0.0,0.00012022120702091849,0.00013928361126740993,0.0,0.0,4.605121579572307e-20,1,0,1,185
UCzPI5DWFGo6Oh1-ynYysg3Q,0.0,0.0033783783783783786,0.0,0.00012022120702091849,7.554017998397095e-05,0.0,2.909517636999589e-20,1.7442257760299876e-20,0,1,1,185
UCu229f4TKeT8ke-socUW9RQ,0.45454545454545453,0.0,0.0,0.000561032299430953,0.00036238562075944635,0.0,0.0,2.0096944253288833e-19,5,0,1,186
UCe8NdE8B3V379XbgGgyECSQ,0.45454545454545453,0.0,0.0,0.000561032299430953,0.0003448370828562691,0.0,0.0,2.8816589362664317e-20,5,0,1,186
UCm2JPXKlkkilXw6qaJeoDHw,0.45454545454545453,0.0,0.0,0.0006930398992970596,0.00026677047383428794,0.0,0.0,-1.5613237402117073e-19,5,0,1,186
UC6PFoduSNFxrbkC3mAnK7oA,0.2727272727272727,0.010135135135135136,0.0,0.0004620265995313731,0.0002030270425508489,0.0,5.461899770079466e-20,2.110423454656505e-19,3,3,6,186
UC6wfwtD_WuHrtdFChPnNyvg,0.0,0.006756756756756757,0.0,0.0003681774465015629,7.554017998397095e-05,0.0,2.666732748207258e-19,1.1830968190991043e-20,0,2,2,186
UC5UeLT1QJUBoZ6_S0ggYCxg,0.09090909090909091,0.0,0.0,0.00012022120702091849,0.00013928361126740993,0.0,0.0,-9.059347738659959e-20,1,0,1,187
UCn32MJYxuU_as5vkdR58nXA,0.0,0.0033783783783783786,0.0,0.00012022120702091849,7.554017998397095e-05,0.0,-5.723699487602123e-20,-5.111554061067511e-21,0,1,1,187
UC5MJrbi-RqmH1xPx95MZ4bQ,0.09090909090909091,0.0,0.0,0.00012022120702091849,0.00013928361126740993,0.0,0.0,3.6454209668453954e-20,1,0,1,188
UC4Wfl6mP3aovsiPsuu8q3tA,0.0,0.0033783783783783786,0.0,0.00012022120702091849,7.554017998397095e-05,0.0,2.3031784099628103e-20,3.89109494050291e-20,0,1,1,188
UCJcSgqkuD1S9MukpUadLCbg,0.09090909090909091,0.0,0.0,0.00012022120702091849,0.00013928361126740993,0.0,0.0,-2.7576151089343436e-20,1,0,1,189
UCAqRxv1xG4Z9RoPxcmE_TxA,0.0,0.0033783783783783786,0.0,0.00012022120702091849,7.554017998397095e-05,0.0,-1.7422623174796112e-20,-7.457375419926984e-20,0,1,1,189
UCWLkb_0sQF4Nn5CdUJCpbMA,0.09090909090909091,0.0,0.0,0.00012022120702091849,0.00013928361126740993,0.0,0.0,1.199717612114145e-19,1,0,1,190
UCh_jwUraBYVkAfbBIA6nKPQ,0.0,0.0033783783783783786,0.0,0.00012022120702091849,7.554017998397095e-05,0.0,7.579820622649707e-20,4.205101023086283e-20,0,1,1,190
UCRyvFn0CqULwmzrAXhSid1A,0.45454545454545453,0.0,0.0,0.0006011060351045924,0.0003942573364011658,0.0,0.0,2.985553718085279e-20,5,0,1,191
UCrXqL_f39JyO1HKm2hByF4A,0.0,0.0033783783783783786,0.0,0.0003339477972803291,7.554017998397095e-05,0.0,1.8862740209750475e-20,6.840449073782675e-20,0,1,1,191
UCgi-hsrjzZ6JbwXAUxAdnKQ,0.0,0.0033783783783783786,0.0,0.0003339477972803291,7.554017998397095e-05,0.0,1.8862740209750475e-20,5.677097472331746e-20,0,1,1,191
UCqcnJK2WLpfRUUnM7rgJK2g,0.0,0.0033783783783783786,0.0,0.0003339477972803291,7.554017998397095e-05,0.0,1.8862740209750475e-20,-5.333227653569413e-20,0,1,1,191
UC8Ei-i_fZdyA5Fa-fAenh8A,0.0,0.0033783783783783786,0.0,0.0003339477972803291,7.554017998397095e-05,0.0,1.8862740209750475e-20,2.6604293729139353e-20,0,1,1,191
UCNZFtCp1RxRMiiech6WpC1Q,0.18181818181818182,0.0,0.0,0.00024044241404183698,0.0002030270425508489,0.0,0.0,1.34741113333611e-20,2,0,2,192
UC6hN69gw7OZSMcruPfldbsQ,0.0,0.0033783783783783786,0.0,0.00016029494269455797,7.554017998397095e-05,0.0,8.512948874403246e-21,-1.321045796979967e-19,0,1,1,192
UC1J3HcrXFHcx4y0w4ZtPJDw,0.0,0.0033783783783783786,0.0,0.00016029494269455797,7.554017998397095e-05,0.0,8.512948874403246e-21,-1.577358594782354e-20,0,1,1,192
UCFHlRK2KQ-88xej-YNEYPDw,0.45454545454545453,0.0,0.0,0.0006491945179129599,0.00034644976293858663,0.0,0.0,-1.7397246710697243e-20,5,0,1,193
UCtkTqGptoPyALOmvxqx6JUA,0.2727272727272727,0.0,0.0,0.00046371036993782846,0.00017115532690912942,0.0,0.0,-3.7681197796232016e-20,3,0,1,193
UCltOH7bgumRwhqvrieF_2lw,0.18181818181818182,0.0,0.0,0.00046371036993782846,0.00015521946908826967,0.0,0.0,-1.3134206033243801e-20,2,0,1,193
UC3foDWjuUiL79ie8JSaWv7w,0.0,0.0033783783783783786,0.0,0.0004233877290736695,7.554017998397095e-05,0.0,-1.0991587358852691e-20,-3.419900873389602e-20,0,1,1,193
UCulVDshbmhIfv9nbR-sQwZQ,0.0,0.013513513513513514,0.0,0.0006491945179129599,7.554017998397095e-05,0.0,-6.690377529905397e-20,-4.092722262900031e-20,0,4,4,193
UCEnzA2AJEHtwuesaL8fTe6Q,0.45454545454545453,0.0,0.0,0.0003606636210627555,0.00026677047383428783,0.0,0.0,3.828237747912498e-20,5,0,1,194
UC0UgFFSQs6Cq6PGKqA5hoaQ,0.0,0.010135135135135136,0.0,0.00021639817263765327,7.554017998397095e-05,0.0,7.256046373837616e-20,-4.785814072321435e-20,0,3,3,194
UCZwfe8YEtAuMXxuLT_SkcVA,0.0,0.0033783783783783786,0.0,0.00021639817263765327,7.554017998397095e-05,0.0,2.418682124612539e-20,9.798897485223095e-22,0,1,1,194
UCT-UA_KIyqo6AaMMzxk1mSw,0.0,0.0033783783783783786,0.0,0.00021639817263765327,7.554017998397095e-05,0.0,2.418682124612539e-20,-6.490207832497181e-20,0,1,1,194
UCzImnFQxkuKTX17yR2mxOjw,0.2727272727272727,0.0,0.0,0.00045314147261730814,0.00022427485297866185,0.0,0.0,-2.72835095082305e-19,3,0,1,195
UCwhSIwsQz5YbttIO9VpJ9fw,0.18181818181818182,0.0,0.0,0.0003927226096016671,0.00016053142169522293,0.0,0.0,-1.479344291377183e-19,2,0,1,195
UCM-V6pAFemMehv5-VqGESFQ,0.18181818181818182,0.0,0.0,0.0003927226096016671,0.00016053142169522293,0.0,0.0,-2.351094779410348e-19,2,0,1,195
UCYu-1J3OXIwi4OXMh_rTmsA,0.0,0.0033783783783783786,0.0,0.00031004416547500034,7.554017998397095e-05,0.0,-1.723773210800117e-19,3.4166398565945096e-20,0,1,1,195
UCskwL9BTdWsi7sfvY_Xv37w,0.0,0.010135135135135136,0.0,0.0005355308312750005,7.554017998397095e-05,0.0,-4.1438461320765376e-19,-1.1562801306940318e-19,0,3,3,195
UCpuaP9boL5yMu5qMwVrISeg,0.45454545454545453,0.0,0.0,0.00048088482808367395,0.0003305139051177268,0.0,0.0,5.523382221409816e-20,5,0,1,196
UC5WalxaW3Sf-pXDToTMjoJA,0.0,0.006756756756756757,0.0,0.000274791330333528,7.554017998397095e-05,0.0,6.979350148047269e-20,-7.915194795152115e-21,0,2,2,196
UC85fbNfbAjNJpO5Bk0aPP6w,0.0,0.0033783783783783786,0.0,0.000274791330333528,7.554017998397095e-05,0.0,3.4896750740236345e-20,5.2837117842201964e-20,0,1,1,196
UCDStz9m5Pred0CNNft4k7lQ,0.0,0.0033783783783783786,0.0,0.000274791330333528,7.554017998397095e-05,0.0,3.4896750740236345e-20,-1.2054008539448752e-20,0,1,1,196
UCOI5M419Gi_nzJP0QWQe_3w,0.0,0.0033783783783783786,0.0,0.000274791330333528,7.554017998397095e-05,0.0,3.4896750740236345e-20,-7.615391241499641e-20,0,1,1,196
UC1wfoVNfpHQnLQbL_J5-bkQ,0.2727272727272727,0.0,0.0,0.00043279634527530655,0.0002242748529786619,0.0,0.0,-1.6387298629177908e-19,3,0,1,197
UCRdK72U68cMwKWp47Kk0vAQ,0.18181818181818182,0.0,0.0,0.0003606636210627555,0.00016053142169522293,0.0,0.0,1.8529494366399012e-19,2,0,1,197
UC1_3wbL3L58tzoZ1ZqNkN3g,0.09090909090909091,0.0,0.0,0.00030914024662521896,9.678799041178392e-05,0.0,0.0,1.211398031680615e-19,1,0,1,197
UCjk4N_K-kh-tjGWx-YoHf1Q,0.0,0.0033783783783783786,0.0,0.0002885308968502044,7.554017998397095e-05,0.0,-1.0353501761141436e-19,-3.4632550984060435e-20,0,1,1,197
UCQhxhGJsOs9_FYLRPjUmldg,0.0,0.0033783783783783786,0.0,0.0002885308968502044,7.554017998397095e-05,0.0,-1.0353501761141436e-19,1.6784474521186216e-20,0,1,1,197
UCVYBh5DcR5423HlNNov4ipQ,0.45454545454545453,0.0,0.0,0.0006011060351045924,0.0003942573364011658,0.0,0.0,-3.536481861772366e-19,5,0,1,198
UCtpqeBTZl-TbmuLMmfgU4rQ,0.0,0.0033783783783783786,0.0,0.0003339477972803291,7.554017998397095e-05,0.0,-2.2343506402520336e-19,-3.362548504334989e-20,0,1,1,198
UCmuOyLsHDLtQEaBqPoGBNQg,0.0,0.0033783783783783786,0.0,0.0003339477972803291,7.554017998397095e-05,0.0,-2.2343506402520336e-19,-1.0163454938800314e-20,0,1,1,198
UCCBncLNhmgXytEzk-1Ysjig,0.0,0.0033783783783783786,0.0,0.0003339477972803291,7.554017998397095e-05,0.0,-2.2343506402520336e-19,3.524373016327771e-20,0,1,1,198
UCsiZq54g4_Mn320FXX9ZLCA,0.0,0.0033783783783783786,0.0,0.0003339477972803291,7.554017998397095e-05,0.0,-2.2343506402520336e-19,4.601801129104202e-20,0,1,1,198
UCQ8zZUrtDOUFK5Yp4NimFkA,0.09090909090909091,0.0,0.0,0.00012022120702091849,0.00013928361126740993,0.0,0.0,-3.465290511077148e-20,1,0,1,199
UCTByEMrt9M7Gi5_ZFHrDNCg,0.0,0.0033783783783783786,0.0,0.00012022120702091849,7.554017998397095e-05,0.0,-2.1893719167003316e-20,1.1064512633596662e-19,0,1,1,199
UCnXuis4wGWx4eK7umnV0ZMw,0.36363636363636365,0.0,0.0,0.0003606636210627555,0.00026677047383428783,0.0,0.0,-1.6519182926923498e-19,4,0,2,200
UCcNYrE2fSu8fTZAbXe7Bd1Q,0.0,0.0033783783783783786,0.0,0.00021639817263765327,7.554017998397095e-05,0.0,-1.043682631266603e-19,-4.5929201992536463e-20,0,1,1,200
UCLUbton8leB_9GuDyNnQl5A,0.0,0.0033783783783783786,0.0,0.00021639817263765327,7.554017998397095e-05,0.0,-1.043682631266603e-19,-1.0113273027469547e-22,0,1,1,200
UCfWxBndNmx1QbmzQ4C4ohWw,0.0,0.006756756756756757,0.0,0.00021639817263765327,7.554017998397095e-05,0.0,-2.087365262533206e-19,-3.6248003850813965e-20,0,2,2,200
UColAUeFVm2zYnuGrDmJpZhQ,0.09090909090909091,0.0,0.0,0.00012022120702091849,0.00013928361126740993,0.0,0.0,1.8862958429997124e-19,1,0,1,201
UC2cJ1eK7LeXOHWycN3apJig,0.0,0.0033783783783783786,0.0,0.00012022120702091849,7.554017998397095e-05,0.0,1.1917624603336485e-19,-1.2314701962267316e-19,0,1,1,201
UCV03UccPIVQaK3B71ybB3Wg,0.45454545454545453,0.0,0.0,0.0006011060351045924,0.0003942573364011658,0.0,0.0,6.896368235247333e-19,5,0,1,202
UClc0aXY9oVLz65thrmjs8oQ,0.0,0.0033783783783783786,0.0,0.0003339477972803291,7.554017998397095e-05,0.0,4.357128181089055e-19,-2.758961213454887e-20,0,1,1,202
UCJwOcmUukM_slI2yoUlKeDw,0.0,0.0033783783783783786,0.0,0.0003339477972803291,7.554017998397095e-05,0.0,4.357128181089055e-19,3.979434833704724e-21,0,1,1,202
UCC97kzfjUGUkolYnX-b7OIA,0.0,0.0033783783783783786,0.0,0.0003339477972803291,7.554017998397095e-05,0.0,4.357128181089055e-19,8.385840036334067e-20,0,1,1,202
UC2Itx2WeI52ES0Jc12JwXXw,0.0,0.0033783783783783786,0.0,0.0003339477972803291,7.554017998397095e-05,0.0,4.357128181089055e-19,-8.602656685047803e-20,0,1,1,202
UCs5Q-O81EX1fdTlxViI1laA,0.36363636363636365,0.0,0.0,0.00048088482808367395,0.0003305139051177268,0.0,0.0,2.277347322216544e-19,4,0,2,203
UCeTmqJtvQ9-K4lxBctccaJg,0.0,0.0033783783783783786,0.0,0.000274791330333528,7.554017998397095e-05,0.0,1.4388289397080799e-19,7.953283048981968e-20,0,1,1,203
UCdENROVB6eQRAYaXGAU4npw,0.0,0.0033783783783783786,0.0,0.000274791330333528,7.554017998397095e-05,0.0,1.4388289397080799e-19,-1.1305127035244831e-19,0,1,1,203
UC0VHuhkbI6GAA6EF9LjvZXw,0.0,0.0033783783783783786,0.0,0.000274791330333528,7.554017998397095e-05,0.0,1.4388289397080799e-19,5.875007480585033e-20,0,1,1,203
UCnYrA7KAe5n78wKKkNUur9g,0.0,0.0033783783783783786,0.0,0.000274791330333528,7.554017998397095e-05,0.0,1.4388289397080799e-19,2.776874759832351e-20,0,1,1,203
UC01N3j9YT2Bcg8eIu-1hu_g,0.09090909090909091,0.0,0.0,0.00012022120702091849,0.00013928361126740993,0.0,0.0,-3.4938418069405793e-20,1,0,1,204
UCgWL12MOntx6ERSwW8Vtjsw,0.0,0.0033783783783783786,0.0,0.00012022120702091849,7.554017998397095e-05,0.0,-2.2074106367294264e-20,1.0622656426988391e-19,0,1,1,204
UC5QOo7nIgaRxv9mdXjjl1nA,0.09090909090909091,0.0,0.0,0.00012022120702091849,0.00013928361126740993,0.0,0.0,3.098623310660461e-19,1,0,1,205
UCBAwugAEdQ_w7Vg931VBtfg,0.0,0.0033783783783783786,0.0,0.00012022120702091849,7.554017998397095e-05,0.0,1.957711434324817e-19,8.367846522406432e-20,0,1,1,205
UCI9S11bJJkpadLmPhJO3OPw,0.45454545454545453,0.0,0.0,0.0007524957032050083,0.00035176171554553983,0.0,0.0,3.679950040222422e-19,5,0,1,206
UC6wCTipht__ojt-bOKvV38w,0.36363636363636365,0.0,0.0,0.0007005994478115594,0.00028801828426210086,0.0,0.0,1.831887828478345e-19,4,0,1,206
UCUc8vri5vdaIuodI00h_I4A,0.45454545454545453,0.0,0.0,0.0007005994478115594,0.00028801828426210086,0.0,0.0,-2.7874226636827376e-19,5,0,1,206
UCQB0BT5N7WxumbxnYcnvp2g,0.0,0.0033783783783783786,0.0,0.0005209585637573134,7.554017998397095e-05,0.0,2.3249938921914124e-19,3.576047251050306e-20,0,1,1,206
UClzRjTOi2DTkzBK2XOYMjxA,0.0,0.0033783783783783786,0.0,0.0005209585637573134,7.554017998397095e-05,0.0,2.3249938921914124e-19,-1.1127238216615348e-20,0,1,1,206
UCycNannmF3brIN4rf8OGPIA,0.09090909090909091,0.0,0.0,0.00012022120702091849,0.00013928361126740993,0.0,0.0,-6.030693020419789e-20,1,0,1,207
UCXaDjmYIVPQdqIktbPWNJ3g,0.0,0.0033783783783783786,0.0,0.00012022120702091849,7.554017998397095e-05,0.0,-3.8101942376668566e-20,1.8645533971783866e-19,0,1,1,207
UC8NnBZm8RlQjyEU_713p84w,0.09090909090909091,0.0,0.0,0.00012022120702091849,0.00013928361126740993,0.0,0.0,2.0518573169292597e-20,1,0,1,208
UCm44_Xr8naKLzNfRzID9Qzw,0.0,0.0033783783783783786,0.0,0.00012022120702091849,7.554017998397095e-05,0.0,1.2963642651030252e-20,-2.1004128426295975e-19,0,1,1,208
UCgEGgHpFQ2KlENNwX3pjRlA,0.09090909090909091,0.0,0.0,0.00012022120702091849,0.00013928361126740993,0.0,0.0,6.930159451005478e-21,1,0,1,209
UCG1m-DY6slmC47tvT_MrPXw,0.0,0.0033783783783783786,0.0,0.00012022120702091849,7.554017998397095e-05,0.0,4.378477484581953e-21,-8.784445837986529e-20,0,1,1,209
UCwmhHVCBhitVEQkixxt8IhA,0.09090909090909091,0.0,0.0,0.00012022120702091849,0.00013928361126740993,0.0,0.0,-3.495352343307706e-20,1,0,1,210
UCbVgENQ1FQkVHrU3Q_38Q0Q,0.0,0.0033783783783783786,0.0,0.00012022120702091849,7.554017998397095e-05,0.0,-2.2083649942041518e-20,-3.9332512955886974e-20,0,1,1,210
UCkXGVZbZKOkjwxSi9fGzHaA,0.09090909090909091,0.0,0.0,0.00012022120702091849,0.00013928361126740993,0.0,0.0,7.31440730656669e-21,1,0,1,211
UCStZ5pE5psSfJGhx-XpDkXQ,0.0,0.0033783783783783786,0.0,0.00012022120702091849,7.554017998397095e-05,0.0,4.621245431837419e-21,1.3262666896114075e-21,0,1,1,211
UCsDRp86tZ-XyAwYza1Wj8Mw,0.45454545454545453,0.0,0.0,0.0006011060351045924,0.0003942573364011658,0.0,0.0,2.347392550549646e-19,5,0,1,212
UCxRAg80_G1y4l6SFpZxMmdw,0.0,0.0033783783783783786,0.0,0.0003339477972803291,7.554017998397095e-05,0.0,1.4830835426976823e-19,-1.1525173904617585e-20,0,1,1,212
UCthO2ogEGRINIVqH5q2BAgg,0.0,0.0033783783783783786,0.0,0.0003339477972803291,7.554017998397095e-05,0.0,1.4830835426976823e-19,-6.585430406871625e-20,0,1,1,212
UCBeGk09DkawAzTxw1qk5V-w,0.0,0.0033783783783783786,0.0,0.0003339477972803291,7.554017998397095e-05,0.0,1.4830835426976823e-19,-4.0991194494547817e-20,0,1,1,212
UCvW3-badIsBXpvnfqnFfTuA,0.0,0.0033783783783783786,0.0,0.0003339477972803291,7.554017998397095e-05,0.0,1.4830835426976823e-19,-8.59460127674691e-21,0,1,1,212
UCgKLJEfVj9dIfjPF3xtIeVg,0.09090909090909091,0.0,0.0,0.00012022120702091849,0.00013928361126740993,0.0,0.0,7.752354415304746e-20,1,0,1,213
UCSebemRtyBqf8ZFGoPiXZvg,0.0,0.0033783783783783786,0.0,0.00012022120702091849,7.554017998397095e-05,0.0,4.8979405885078945e-20,-2.291491937303589e-20,0,1,1,213
UCNHmBqykjNfCDW7jzDaGWsg,0.45454545454545453,0.0,0.0,0.0006011060351045924,0.0003942573364011658,0.0,0.0,-1.2749691970527148e-19,5,0,1,214
UCitF9FAjsjvpZSMRIL8N3nw,0.0,0.0033783783783783786,0.0,0.0003339477972803291,7.554017998397095e-05,0.0,-8.05526043418944e-20,3.850112602623315e-20,0,1,1,214
UC54fa6S5_n51Sfm8ALV_OUw,0.0,0.0033783783783783786,0.0,0.0003339477972803291,7.554017998397095e-05,0.0,-8.05526043418944e-20,6.768805336729967e-20,0,1,1,214
UCDemsljaxsd4jxXWRdvHsag,0.0,0.0033783783783783786,0.0,0.0003339477972803291,7.554017998397095e-05,0.0,-8.05526043418944e-20,-3.0974111423953803e-21,0,1,1,214
UCGC4HvFq6QF3MYiByOzAXng,0.0,0.0033783783783783786,0.0,0.0003339477972803291,7.554017998397095e-05,0.0,-8.05526043418944e-20,-2.6131024510518405e-20,0,1,1,214
UCLBxv7TE85K-r8-ZJbMbxQw,0.45454545454545453,0.0,0.0,0.0006011060351045924,0.0003942573364011658,0.0,0.0,-9.280674099696801e-19,5,0,1,215
UC9ss_kJ6u_8vi3zPIw_WxMQ,0.0,0.0033783783783783786,0.0,0.0003339477972803291,7.554017998397095e-05,0.0,-5.86353357012149e-19,5.1545158101745177e-20,0,1,1,215
UCZN5f-K3eGg75KzoIukT-Xw,0.0,0.0033783783783783786,0.0,0.0003339477972803291,7.554017998397095e-05,0.0,-5.86353357012149e-19,1.9717863655748824e-20,0,1,1,215
UC0bsVSnYeOsCdk9NCs9gBUA,0.0,0.0033783783783783786,0.0,0.0003339477972803291,7.554017998397095e-05,0.0,-5.86353357012149e-19,-4.535027228399695e-20,0,1,1,215
UCZL-iWEkJom6PuGi_5Pae7A,0.0,0.0033783783783783786,0.0,0.0003339477972803291,7.554017998397095e-05,0.0,-5.86353357012149e-19,2.5114247021070363e-20,0,1,1,215
UCVdDTbP-WfJQIT9vwBoYx-A,0.45454545454545453,0.0,0.0,0.0006011060351045924,0.0003942573364011658,0.0,0.0,6.477585734210147e-20,5,0,1,216
UCZldMcKdCP7V80PrcGVLopw,0.0,0.0033783783783783786,0.0,0.0003339477972803291,7.554017998397095e-05,0.0,4.0925412311506667e-20,-6.94038193371325e-22,0,1,1,216
UCqMxOTV714kY8uLk_i0L9DA,0.0,0.0033783783783783786,0.0,0.0003339477972803291,7.554017998397095e-05,0.0,4.0925412311506667e-20,4.716902420742733e-21,0,1,1,216
UCB6KurnELvF3OY51cdYi-gQ,0.0,0.0033783783783783786,0.0,0.0003339477972803291,7.554017998397095e-05,0.0,4.0925412311506667e-20,1.0875229740193213e-20,0,1,1,216
UCADuWDy0VXrijWdaQ0C_G7g,0.0,0.0033783783783783786,0.0,0.0003339477972803291,7.554017998397095e-05,0.0,4.0925412311506667e-20,-8.057708314611889e-22,0,1,1,216
UC26I1-PPE9qmpcsI-eQmHbQ,0.45454545454545453,0.0,0.0,0.00048088482808367395,0.0003305139051177268,0.0,0.0,2.159090923675935e-19,5,0,1,217
UC0QQfYfAbOSRM2nPvC7qohQ,0.0,0.006756756756756757,0.0,0.000274791330333528,7.554017998397095e-05,0.0,2.728229000592114e-19,-6.674630419317337e-21,0,2,2,217
UC4YQGhpOj-c0hXHNT2N-W-Q,0.0,0.0033783783783783786,0.0,0.000274791330333528,7.554017998397095e-05,0.0,1.364114500296057e-19,2.0171280674362593e-20,0,1,1,217
UCNXOl4-SIVdp7XLqvp1MI-w,0.0,0.0033783783783783786,0.0,0.000274791330333528,7.554017998397095e-05,0.0,1.364114500296057e-19,2.2877990192385274e-20,0,1,1,217
UC1Asa6R5I_Rs_7z1X_4x2Dg,0.0,0.0033783783783783786,0.0,0.000274791330333528,7.554017998397095e-05,0.0,1.364114500296057e-19,3.644440845920082e-19,0,1,1,217
UCgAjWhxdIPDlV_wIapJVw0Q,0.45454545454545453,0.0,0.0,0.0005945185717061859,0.00036238562075944635,0.0,0.0,4.2139824501316443e-19,5,0,1,218
UCzXr50OK6RflzdHBpZ0N87g,0.45454545454545453,0.0,0.0,0.000735590775161891,0.00035176171554553983,0.0,0.0,2.6071048127848256e-19,5,0,1,218
UCWfZjKt2yVxz_GBbRdz7vkg,0.36363636363636365,0.0,0.0,0.0007890882860827559,0.0002561465686203813,0.0,0.0,-5.261938964767236e-19,4,0,1,218
UCCmYxH-AFuNeJmFTlnYaSHQ,0.2727272727272727,0.0,0.0,0.0005358006880808836,0.00023489875819256837,0.0,0.0,-4.396168408114992e-19,3,0,1,218
UCedkltaQIN6AeZ1m3AVRVFQ,0.18181818181818182,0.0,0.0,0.0007890882860827559,0.0001286597060535034,0.0,0.0,8.740227946276784e-20,2,0,1,218
UC-VsLEubp7vCLK0w_ofNn4A,0.45454545454545453,0.0,0.0,0.00048088482808367395,0.0003305139051177268,0.0,0.0,-1.4750406750734156e-19,5,0,1,219
UCcQ3lawjqcFZL-tyGCDuaZQ,0.0,0.0033783783783783786,0.0,0.000274791330333528,7.554017998397095e-05,0.0,-9.319312824345591e-20,-7.281528103049886e-20,0,1,1,219
UCN51dX2jBtGi3wALoaUPgqg,0.0,0.0033783783783783786,0.0,0.000274791330333528,7.554017998397095e-05,0.0,-9.319312824345591e-20,-1.1043997847951027e-19,0,1,1,219
UCfGJd9gGus2jHPrHJJm8M5A,0.0,0.0033783783783783786,0.0,0.000274791330333528,7.554017998397095e-05,0.0,-9.319312824345591e-20,1.3438086654247185e-19,0,1,1,219
UCDTv3XAlIuWajt_9DEYiuBA,0.0,0.006756756756756757,0.0,0.000274791330333528,7.554017998397095e-05,0.0,-1.8638625648691182e-19,9.041232995958866e-20,0,2,2,219
UCgAh_JjYp-vmq0r-cyrEPzw,0.45454545454545453,0.0,0.0,0.0006011060351045924,0.0003942573364011658,0.0,0.0,-2.446138535951177e-19,5,0,1,220
UCqkCfm35PTetabQytkMY_TQ,0.0,0.0033783783783783786,0.0,0.0003339477972803291,7.554017998397095e-05,0.0,-1.5454712953648642e-19,1.5802080585900928e-19,0,1,1,220
UCvebBEXc_AlyNbM42tdn3Ng,0.0,0.0033783783783783786,0.0,0.0003339477972803291,7.554017998397095e-05,0.0,-1.5454712953648642e-19,9.994015900976323e-20,0,1,1,220
UCZ-rz7-0bt1jbkOB1udADug,0.0,0.0033783783783783786,0.0,0.0003339477972803291,7.554017998397095e-05,0.0,-1.5454712953648642e-19,1.704902952914736e-21,0,1,1,220
UCd1XZUjPBExRCmQWGZlLVgA,0.0,0.0033783783783783786,0.0,0.0003339477972803291,7.554017998397095e-05,0.0,-1.5454712953648642e-19,-3.045982514526693e-21,0,1,1,220
UCL1bYpRuWV_CU3Kp8WzOhvA,0.45454545454545453,0.0,0.0,0.02467782966835574,0.00036238562075944635,0.0,0.0,-4.312526115674145e-20,5,0,1,221
UCvqeHOOYlQ74KgGlLhLboSA,0.45454545454545453,0.0,0.0,0.022379260630794533,0.00036238562075944635,0.0,0.0,3.821857616289253e-19,5,0,1,221
UCAoY3V5ufjt9gZWv1qp-JmA,0.45454545454545453,0.0,0.0,0.02750898053650697,0.00031139087573269517,0.0,0.0,-3.770606486078865e-19,5,0,1,221
UCdkW6oPFPguKhUOuO-XEwXw,0.36363636363636365,0.0,0.0,0.02467590913995632,0.00029864218947600737,0.0,0.0,-1.6722620425710075e-19,4,0,2,221
UCreQObZXnpQckj3KsPDmcFA,0.45454545454545453,0.0,0.0,0.02750977611110133,0.0002795191600909756,0.0,0.0,1.5000056786587373e-19,5,0,1,221
UCj2Q3QR-mafLLk2WbrVMxOw,0.18181818181818182,0.0,0.0,0.00024044241404183698,0.0002030270425508489,0.0,0.0,-2.6104376628749986e-19,2,0,1,222
UCcBNkMK0Ebujhx8bvRIhjFA,0.0,0.0033783783783783786,0.0,0.00016029494269455797,7.554017998397095e-05,0.0,-1.6492755487962988e-19,-5.457571281201445e-21,0,1,1,222
UC1st752fKz0wyRzXdTop4uA,0.0,0.0033783783783783786,0.0,0.00016029494269455797,7.554017998397095e-05,0.0,-1.6492755487962988e-19,1.848708298808261e-19,0,1,1,222
UCAzlKHIouOj2V6rt4P_7Hzw,0.45454545454545453,0.0,0.0,0.0006011060351045924,0.0003942573364011658,0.0,0.0,-2.7899411563013844e-19,5,0,1,223
UCvhXREJpv5giJ9zBWcm7gWQ,0.0,0.0033783783783783786,0.0,0.0003339477972803291,7.554017998397095e-05,0.0,-1.7626859270029942e-19,9.709441610310306e-21,0,1,1,223
UCkvs1ciksAmjlmPb6wnfbVw,0.0,0.0033783783783783786,0.0,0.0003339477972803291,7.554017998397095e-05,0.0,-1.7626859270029942e-19,8.969007411335147e-20,0,1,1,223
UCDsBXmFV_0cgcOL3rnPWE8A,0.0,0.0033783783783783786,0.0,0.0003339477972803291,7.554017998397095e-05,0.0,-1.7626859270029942e-19,-9.536837350716917e-21,0,1,1,223
UCjOgqi6FPHPBaRKRKajhMAA,0.0,0.0033783783783783786,0.0,0.0003339477972803291,7.554017998397095e-05,0.0,-1.7626859270029942e-19,-1.4745573847583328e-19,0,1,1,223
UC8vG7hojzgFpgrSXBFAXnDQ,0.8181818181818182,0.0,0.0,0.0009926836808298698,0.0005642398198236698,0.0,0.0,6.269712829248944e-19,9,0,4,224
UC0g7j0fHI-6p182BZJ9Y9Bg,0.2727272727272727,0.0,0.0,0.0005185661019260514,0.00023489875819256837,0.0,0.0,-3.8159429791567477e-19,3,0,3,224
UCXJ2PngHMGNP5f5sxqEfL1w,0.18181818181818182,0.0,0.0,0.0006812535064518715,0.00016053142169522293,0.0,0.0,-6.728308834789887e-20,2,0,1,224
UCIRjqp9oIcgfgVAIRuvp8CA,0.18181818181818182,0.0,0.0,0.000772087307312121,0.0001286597060535034,0.0,0.0,-5.495263607659881e-20,2,0,1,224
UC7emTcwNe7hq_4JHNzcabLw,0.18181818181818182,0.0,0.0,0.0005345219819853146,0.00011803580083959693,0.0,0.0,6.307548598729366e-19,2,0,3,224
UCecQeOekHKpr8GCTr5rejTw,0.45454545454545453,0.0,0.0,0.026044034210346935,0.0008711092204339096,0.0,0.0,5.113417385643281e-19,5,0,1,225
UCVwq8cAOTABAti58Eg21aAQ,0.18181818181818182,0.0033783783783783786,0.0,0.024706352652700093,0.0006690211582816987,0.0,3.2306591284938854e-19,4.774813968153319e-20,2,1,2,225
UCVVQA80MveHouU6XiamPEPw,0.5454545454545454,0.0033783783783783786,0.0,0.023498209841321283,0.0006229082546801559,0.0,3.0167293552810624e-20,-8.891652466452412e-19,6,1,3,225
UCyTSj9j12z8x1nRxyXsbamg,0.45454545454545453,0.0,0.0,0.024142621408162594,0.0005239383034158499,0.0,0.0,-1.6958364404121537e-19,5,0,1,225
UCos0XU_PK3z48BbimWA-dcw,0.8181818181818182,0.0,0.0,0.027320541214969876,0.0004033635408702285,0.0,0.0,1.0093634301328627e-18,9,0,3,225
UCUGCTwmpanAPI43dOpg9hRA,0.45454545454545453,0.0,0.0,0.0006011060351045924,0.0003942573364011658,0.0,0.0,-2.924121325482421e-19,5,0,1,226
UCcOMg116nl9K8_bYixRULnw,0.0,0.0033783783783783786,0.0,0.0003339477972803291,7.554017998397095e-05,0.0,-1.8474610110093696e-19,8.741735858732437e-20,0,1,1,226
UCs8i_p51WI2QQ_WNZks77nA,0.0,0.0033783783783783786,0.0,0.0003339477972803291,7.554017998397095e-05,0.0,-1.8474610110093696e-19,-1.2000339585229978e-19,0,1,1,226
UCoFgUnOaT7ClBZdp7-dT4nA,0.0,0.0033783783783783786,0.0,0.0003339477972803291,7.554017998397095e-05,0.0,-1.8474610110093696e-19,-9.873496040390974e-20,0,1,1,226
UCpGiBZHE8vD8QtnnsPMfoLg,0.0,0.0033783783783783786,0.0,0.0003339477972803291,7.554017998397095e-05,0.0,-1.8474610110093696e-19,1.4296585292528791e-19,0,1,1,226
UCAl9t1NWFbzdcGrpFoZU0mQ,0.45454545454545453,0.0,0.0,0.0005129438166225855,0.0003092660946899139,0.0,0.0,6.473909201883928e-21,5,0,1,227
UCZs3Vdyi1SERcpIAeOsoWAQ,0.36363636363636365,0.0,0.0,0.0005129438166225855,0.00028801828426210086,0.0,0.0,4.6097379669518136e-20,4,0,1,227
UC0CnM6DuLEDxxJPZ2ggxgVA,0.0,0.0033783783783783786,0.0,0.0003497344204244902,7.554017998397095e-05,0.0,4.090218396571536e-21,5.9802799016427535e-21,0,1,1,227
UCeibLaMgPEeGJpjiTAfFHyQ,0.0,0.010135135135135136,0.0,0.000549582660667056,7.554017998397095e-05,0.0,3.730477951687754e-20,1.0656272599501694e-19,0,3,3,227
UCeOALoFnDWNYVyQuu5vyNLA,0.0,0.0033783783783783786,0.0,0.0003497344204244902,7.554017998397095e-05,0.0,4.090218396571536e-21,-1.7325557448537733e-20,0,1,1,227
UCelq6kF7ZW6heu8sS-mnLJg,0.36363636363636365,0.0,0.0,0.00048088482808367395,0.0003305139051177268,0.0,0.0,-9.354226646354235e-20,4,0,1,228
UCrGAM1A1jJOPiZHSoyzH6Xw,0.0,0.0033783783783783786,0.0,0.000274791330333528,7.554017998397095e-05,0.0,-5.910004098216844e-20,-3.772252159156946e-21,0,1,1,228
UCip1C0KFjVF58OC906vT1wg,0.0,0.0033783783783783786,0.0,0.000274791330333528,7.554017998397095e-05,0.0,-5.910004098216844e-20,-8.861787624443252e-21,0,1,1,228
UCLgWQvIvPClNDgPctwt9uCg,0.0,0.0033783783783783786,0.0,0.000274791330333528,7.554017998397095e-05,0.0,-5.910004098216844e-20,7.542159045050203e-20,0,1,1,228
UCMl_ebdOMIkHonnkLRr3M5w,0.0,0.0033783783783783786,0.0,0.000274791330333528,7.554017998397095e-05,0.0,-5.910004098216844e-20,-4.465195016915741e-21,0,1,1,228
UCxg91hKwbHthZqwWeyBknfg,0.36363636363636365,0.0,0.0,0.00048088482808367395,0.0003305139051177268,0.0,0.0,9.011469640669771e-20,4,0,1,229
UCs5b6cvOPWBqddkjIXHbCXw,0.0,0.0033783783783783786,0.0,0.000274791330333528,7.554017998397095e-05,0.0,5.693450086338458e-20,1.8686974496329413e-20,0,1,1,229
UChZUP558OFZwKH4safn2viQ,0.0,0.0033783783783783786,0.0,0.000274791330333528,7.554017998397095e-05,0.0,5.693450086338458e-20,1.2961621809382142e-20,0,1,1,229
UCBvfcFFNHsUK0EIKmk6bb-A,0.0,0.0033783783783783786,0.0,0.000274791330333528,7.554017998397095e-05,0.0,5.693450086338458e-20,6.904866023083953e-23,0,1,1,229
UCdRFX1Z7-nw6Jnc0lReWHrQ,0.0,0.0033783783783783786,0.0,0.000274791330333528,7.554017998397095e-05,0.0,5.693450086338458e-20,3.294985488824361e-19,0,1,1,229
UCfsrVAzbMGK9NzlgQ8LlU6w,0.45454545454545453,0.0,0.0,0.03631994209551761,0.000471911228252452,0.0,0.0,2.0213039993783228e-16,5,0,1,230
UCNzNVmUhMqxPWCXjRkkBKtQ,0.45454545454545453,0.0,0.0,0.04738917840237171,0.0004322337174110986,0.0,0.0,5.4832503701765094e-12,5,0,1,230
UCzzNeU8w0AlAnDRWmqU2QFw,0.6363636363636364,0.0,0.0,0.045462853485714584,0.00040990345135255536,0.0,0.0,5.110852833760512e-07,7,0,2,230
UCb6JEyfdg4d-ko6HwvVZmbA,0.45454545454545453,0.0033783783783783786,0.0,0.03329142649336272,0.00035176171554553983,0.0,1.0684693191772521e-16,1.76371005617133e-14,5,1,2,230
UCCZ8PPAKgVM1CT0zTEnNJFQ,0.45454545454545453,0.0,0.0,0.041288247215817274,0.00034644976293858663,0.0,0.0,5.483155506360239e-12,5,0,1,230
UC-v0EY6lW3S1GB7dPbH8lbQ,0.45454545454545453,0.0,0.0,0.0006011060351045924,0.0003942573364011658,0.0,0.0,4.177955343881613e-19,5,0,1,231
UCDyhXUzJ--6vIY06kJC6iiQ,0.0,0.0033783783783783786,0.0,0.0003339477972803291,7.554017998397095e-05,0.0,2.639633840188251e-19,-2.8328899829427204e-20,0,1,1,231
UCb7nEa2QvcqzpW40imr3YWQ,0.0,0.0033783783783783786,0.0,0.0003339477972803291,7.554017998397095e-05,0.0,2.639633840188251e-19,4.644920965813841e-20,0,1,2,231
UCr8HQF9vaPPk62Lqce3pXtw,0.0,0.0033783783783783786,0.0,0.0003339477972803291,7.554017998397095e-05,0.0,2.639633840188251e-19,1.4800066429326115e-19,0,1,1,231
UCST7Gva-ddytBqOKtk0PZrw,0.0,0.0033783783783783786,0.0,0.0003339477972803291,7.554017998397095e-05,0.0,2.639633840188251e-19,-2.270601001821802e-21,0,1,1,231
UCtREzeBNH0uBZ8KGlezNzOQ,0.45454545454545453,0.0,0.0,0.0005890839144025006,0.00036238562075944635,0.0,0.0,-1.5383328404547923e-19,5,0,1,232
UCiy-LdJd3iwvGllbWLRZ8-w,0.18181818181818182,0.0,0.0,0.0003681774465015629,0.00017115532690912942,0.0,0.0,-2.777849622129651e-19,2,0,1,232
UCqC7tHn0mbvXjm5yamLeFww,0.0,0.006756756756756757,0.0,0.0004909032620020839,7.554017998397095e-05,0.0,-2.726965788504559e-19,-1.2734711935248252e-19,0,2,2,232
UC6u7vxurnGxupl8EoOFdeGQ,0.0,0.0033783783783783786,0.0,0.0003681774465015629,7.554017998397095e-05,0.0,-9.719192975779319e-20,1.1177262260024167e-21,0,1,1,232
UCMrVgs2LIq4odK95fu3qMpg,0.0,0.0033783783783783786,0.0,0.0003681774465015629,7.554017998397095e-05,0.0,-9.719192975779319e-20,3.1038402902415e-20,0,1,1,232
UCpULtzhtv2arUGJyJZ3DTzw,0.45454545454545453,0.0,0.0,0.0006011060351045924,0.0003942573364011658,0.0,0.0,5.3956848329728515e-20,5,0,1,233
UCQBfr9Rn2-1AF-tFwo-11sQ,0.0,0.0033783783783783786,0.0,0.0003339477972803291,7.554017998397095e-05,0.0,3.4089958134576974e-20,-6.576306041443601e-20,0,1,1,233
UC2LezD-INiSwunTZYszTkrA,0.0,0.0033783783783783786,0.0,0.0003339477972803291,7.554017998397095e-05,0.0,3.4089958134576974e-20,-7.472136143637016e-19,0,1,1,233
UCZXIVGukUnf2VkIzmKOeNkA,0.0,0.0033783783783783786,0.0,0.0003339477972803291,7.554017998397095e-05,0.0,3.4089958134576974e-20,-1.5830724505262254e-19,0,1,1,233
UCdffzzUgFbBrtB_FfzPFWKQ,0.0,0.0033783783783783786,0.0,0.0003339477972803291,7.554017998397095e-05,0.0,3.4089958134576974e-20,3.3494912694638828e-21,0,1,1,233
UCRd_U9DwWVONVl01MmpTTHA,0.45454545454545453,0.0,0.0,0.00048088482808367395,0.0003305139051177268,0.0,0.0,-6.740044616845237e-20,5,0,1,234
UCilZF4g7C6shAlBdDgxMgcg,0.0,0.0033783783783783786,0.0,0.000274791330333528,7.554017998397095e-05,0.0,-4.258362857098905e-20,7.150655614351516e-21,0,1,1,234
UCNkP4QE16aslrb0WYEcJ-XQ,0.0,0.006756756756756757,0.0,0.000274791330333528,7.554017998397095e-05,0.0,-8.51672571419781e-20,2.681570229802495e-20,0,2,2,234
UCTSbCJ5zVxPNtpNP9WVpMyg,0.0,0.0033783783783783786,0.0,0.000274791330333528,7.554017998397095e-05,0.0,-4.258362857098905e-20,-2.919928762230731e-21,0,1,1,234
UCNa9TnCV9mARwX_NdIvAFww,0.0,0.0033783783783783786,0.0,0.000274791330333528,7.554017998397095e-05,0.0,-4.258362857098905e-20,-1.3252924920003964e-19,0,1,1,234
UC2zcGfmlV-F-1YeQIhl3wIQ,0.45454545454545453,0.0,0.0,0.0006011060351045924,0.0003942573364011658,0.0,0.0,-7.376947164547308e-20,5,0,1,235
UCwpyYwp_ifMzpwp6FfAZVfg,0.0,0.0033783783783783786,0.0,0.0003339477972803291,7.554017998397095e-05,0.0,-4.6607581388671774e-20,-2.9569039006459266e-21,0,1,1,235
UC9Is4U9RCsfhuJPGxTPP9Ag,0.0,0.0033783783783783786,0.0,0.0003339477972803291,7.554017998397095e-05,0.0,-4.6607581388671774e-20,1.7564759094423308e-19,0,1,1,235
UCrXYkI3wC7Ea-Hq7sJikvNQ,0.0,0.0033783783783783786,0.0,0.0003339477972803291,7.554017998397095e-05,0.0,-4.6607581388671774e-20,5.860618248080908e-22,0,1,1,235
UC9lkj4_XtUB6yQlzDGwByyQ,0.0,0.0033783783783783786,0.0,0.0003339477972803291,7.554017998397095e-05,0.0,-4.6607581388671774e-20,-3.0109273041511794e-20,0,1,1,235
UCJHa7YeEfHEghabg_u-QjgA,0.45454545454545453,0.0,0.0,0.0006011060351045924,0.0003942573364011658,0.0,0.0,8.11123231068106e-21,5,0,1,236
UCzYwrPyKpgIV0wvjuYOA-iA,0.0,0.0033783783783783786,0.0,0.0003339477972803291,7.554017998397095e-05,0.0,5.124679784875357e-21,5.759231816326119e-21,0,1,1,236
UCwfHM7eA90JuBEgEr5sysEw,0.0,0.0033783783783783786,0.0,0.0003339477972803291,7.554017998397095e-05,0.0,5.124679784875357e-21,1.214177341875055e-19,0,1,1,236
UCbyUD-PneFoWqMpP4HYtLSA,0.0,0.0033783783783783786,0.0,0.0003339477972803291,7.554017998397095e-05,0.0,5.124679784875357e-21,-6.159662733780012e-22,0,1,1,236
UCDq4vigcVGlrhlDpCnzhIXw,0.0,0.0033783783783783786,0.0,0.0003339477972803291,7.554017998397095e-05,0.0,5.124679784875357e-21,5.967129815375528e-20,0,1,1,236
UCysaJ_IWJIeYphNoOk82XyQ,0.45454545454545453,0.0,0.0,0.0006011060351045924,0.0003942573364011658,0.0,0.0,-2.583883262199671e-19,5,0,1,237
UCsrQVG0nQbLtaXvYjwqQa-A,0.0,0.0033783783783783786,0.0,0.0003339477972803291,7.554017998397095e-05,0.0,-1.6324984679375575e-19,-1.2754022856661798e-22,0,1,1,237
UCLzMSN8oLwcls7PYIe1jDKQ,0.0,0.0033783783783783786,0.0,0.0003339477972803291,7.554017998397095e-05,0.0,-1.6324984679375575e-19,1.087633318235291e-21,0,1,1,237
UCwa6xaGdZDOBx9KfZ32VRPA,0.0,0.0033783783783783786,0.0,0.0003339477972803291,7.554017998397095e-05,0.0,-1.6324984679375575e-19,8.30419091203751e-20,0,1,1,237
UCsevy4_foqDuW4kHgoWKPRw,0.0,0.0033783783783783786,0.0,0.0003339477972803291,7.554017998397095e-05,0.0,-1.6324984679375575e-19,-2.5252997353131013e-19,0,1,1,237
UCDZXy25IkN0MO-V6TXb2iPg,0.09090909090909091,0.0,0.0,0.00012022120702091849,0.00013928361126740993,0.0,0.0,1.3040993979421508e-20,1,0,1,238
UCDD9zYlksFXnduSzequoF-w,0.0,0.0033783783783783786,0.0,0.00012022120702091849,7.554017998397095e-05,0.0,8.23930515872639e-21,7.819074265727499e-21,0,1,1,238
UCrwV4nCHa7BNnCkMCqYh9JA,0.18181818181818182,0.0,0.0,0.00024044241404183698,0.0002030270425508489,0.0,0.0,-3.1822151584480324e-19,2,0,1,239
UCQkvo3mF60KLx50y4HMvQTg,0.0,0.0033783783783783786,0.0,0.00016029494269455797,7.554017998397095e-05,0.0,-2.0105247968484426e-19,-4.113518475742161e-21,0,1,1,239
UCu2RD-qlVW7O9bFaAgz0vUA,0.0,0.0033783783783783786,0.0,0.00016029494269455797,7.554017998397095e-05,0.0,-2.0105247968484426e-19,-6.292163743140464e-20,0,1,1,239
UC90NwctJaGoOZfhzxqRmXXg,0.45454545454545453,0.0,0.0,0.0005890839144025006,0.000421741917567091,0.0,0.0,1.0479348043027891e-19,5,0,1,240
UCQVcgZIi-UjiVPxy164NL5g,0.09090909090909091,0.0033783783783783786,0.0,0.0004909032620020839,0.00010741189562569042,0.0,6.62085624203617e-20,1.0838199537019601e-19,1,1,2,240
UC-MC2JZgZDVNq6ks9RioWSA,0.09090909090909091,0.0,0.0,0.00026776541563750027,0.00010741189562569042,0.0,0.0,-1.612073292502281e-19,1,0,1,240
UCOrmjV3S3vgoycaq84--Zfg,0.0,0.0033783783783783786,0.0,0.0003681774465015629,7.554017998397095e-05,0.0,6.62085624203617e-20,1.3947165960726103e-19,0,1,1,240
UCLV-SmrlD5bI2GSPrPvNyBQ,0.0,0.0033783783783783786,0.0,0.0003681774465015629,7.554017998397095e-05,0.0,6.62085624203617e-20,-2.633807192973338e-19,0,1,1,240
UCMs6WTClZ_n-KrkM7GV95pA,0.09090909090909091,0.0,0.0,0.00012022120702091849,0.00013928361126740993,0.0,0.0,3.0486223529524605e-19,1,0,1,241
UCF329NMWF1MpU6TkJebkB-A,0.0,0.0033783783783783786,0.0,0.00012022120702091849,7.554017998397095e-05,0.0,1.926120809451063e-19,-4.261415318805757e-21,0,1,1,241
UCcgWWICyDnMtZFeXgehmSBQ,0.09090909090909091,0.0,0.0,0.00012022120702091849,0.00013928361126740993,0.0,0.0,-4.018581131655253e-20,1,0,1,242
UCNBJbKeF1dKZiZz87lcYzgA,0.0,0.0033783783783783786,0.0,0.00012022120702091849,7.554017998397095e-05,0.0,-2.5389411498122948e-20,-3.475999192557251e-19,0,1,1,242
UCUBMpT1sDjs0z66dzBYoAkg,0.18181818181818182,0.0,0.0,0.00024044241404183698,0.0002030270425508489,0.0,0.0,-5.422187854055323e-20,2,0,1,243
UCBv0kdp0xJO35G58DqZudBg,0.0,0.0033783783783783786,0.0,0.00016029494269455797,7.554017998397095e-05,0.0,-3.4257404326693324e-20,5.596264025437666e-20,0,1,1,243
UCAtNZZNPyooWwPpXcMqSRyQ,0.0,0.0033783783783783786,0.0,0.00016029494269455797,7.554017998397095e-05,0.0,-3.4257404326693324e-20,8.83348096004259e-20,0,1,1,243
UCAkxPuaZJET_QPf0zuFq00A,0.45454545454545453,0.0,0.0,0.00048088482808367395,0.00029864218947600737,0.0,0.0,4.2815360337792576e-19,5,0,1,244
UCUmwknoeDZaeahKOCSJluVQ,0.18181818181818182,0.0,0.0,0.00033292026559638967,0.00017115532690912942,0.0,0.0,1.1360460956284933e-20,2,0,1,244
UCgIPP4dcebdrPdKHbaf89nw,0.0,0.006756756756756757,0.0,0.00030914024662521896,7.554017998397095e-05,0.0,5.410152322139977e-19,2.4080348683559284e-20,0,2,2,244
UCFW85aeqJH-0jhBIh0w9dcQ,0.0,0.0033783783783783786,0.0,0.00030914024662521896,7.554017998397095e-05,0.0,2.7050761610699885e-19,-3.405927070616112e-21,0,1,1,244
UCW-k0ZfZ9GlTD9qNCRXO5Kg,0.0,0.0033783783783783786,0.0,0.00030914024662521896,7.554017998397095e-05,0.0,2.7050761610699885e-19,-2.0407405999264296e-20,0,1,1,244
UCyfyEKz5TauzTeTZtY_Dzrw,0.18181818181818182,0.0,0.0,0.00024044241404183698,0.0002030270425508489,0.0,0.0,1.5548349864656633e-19,2,0,1,245
UCM3AXyrrqhZajOy0iH87Uqg,0.0,0.0033783783783783786,0.0,0.00016029494269455797,7.554017998397095e-05,0.0,9.823453599602917e-20,5.2149667376866996e-20,0,1,1,245
UClAKzia1Ika2psK2rAzs2Cg,0.0,0.0033783783783783786,0.0,0.00016029494269455797,7.554017998397095e-05,0.0,9.823453599602917e-20,8.577765814191538e-20,0,1,1,245
UCjcLwtbL4vbOUru7AANzN4w,0.09090909090909091,0.0,0.0,0.00012022120702091849,0.00013928361126740993,0.0,0.0,-1.8003948639449787e-19,1,0,1,246
UCoilmJsDohVngJKSEc4LB_g,0.0,0.0033783783783783786,0.0,0.00012022120702091849,7.554017998397095e-05,0.0,-1.1374901877613158e-19,9.823065703753051e-20,0,1,1,246
UC9neRii9IAmZtkGZkbqbJhw,0.45454545454545453,0.0,0.0,0.000721327242125511,0.00041735478309129666,0.0,0.0,-3.7770745997175395e-20,5,0,1,247
UCLFkb79li8xvotl0ml2SBPw,0.09090909090909091,0.0,0.0,0.0004946243946003504,0.00038664484176073653,0.0,0.0,5.657289517941992e-20,1,0,1,247
UCaiKVaQUIP4kPZ1aEx9fOqg,0.45454545454545453,0.0033783783783783786,0.0,0.000721327242125511,0.00036238562075944635,0.0,3.574277756982438e-20,-2.374073700272186e-19,5,1,4,247
UCesjiD2Bm7W7KjJX-_oRl-w,0.09090909090909091,0.0033783783783783786,0.0,0.0005246016306367353,0.00013928361126740993,0.0,-2.3863572273290494e-20,-3.0825071366486684e-19,1,1,2,247
UCpFg0tXAiTFED4457wXWfeg,0.0,0.006756756756756757,0.0,0.0007526892961309679,7.554017998397095e-05,0.0,-1.7385764263875336e-19,-7.513856929984915e-20,0,2,2,247
UCvRekhn-XTm3qIsV_szkOGA,0.2727272727272727,0.0,0.0,0.0003606636210627555,0.00026677047383428783,0.0,0.0,-3.867120882363221e-20,3,0,1,248
UCWBu9WvJiLpxJ8xBn4vIdqA,0.0,0.0033783783783783786,0.0,0.00021639817263765327,7.554017998397095e-05,0.0,-2.4432485043511416e-20,5.894195712179092e-20,0,1,1,248
UC2nxdaFwT2oqVWJnJ4RSL9Q,0.0,0.0033783783783783786,0.0,0.00021639817263765327,7.554017998397095e-05,0.0,-2.4432485043511416e-20,2.725729432684748e-19,0,1,1,248
UC98UgZ76SOeGQQiAt6Yp1Fw,0.0,0.0033783783783783786,0.0,0.00021639817263765327,7.554017998397095e-05,0.0,-2.4432485043511416e-20,-5.857158749347983e-20,0,1,1,248
UCoo3pLZK6LNK-7s1g3v0XFA,0.09090909090909091,0.0,0.0,0.00012022120702091849,0.00013928361126740993,0.0,0.0,-5.714501627032343e-20,1,0,1,249
UCNCPcwhTfvu2pkXKv43Xeig,0.0,0.0033783783783783786,0.0,0.00012022120702091849,7.554017998397095e-05,0.0,-3.6104243901542334e-20,3.3969254659633664e-21,0,1,1,249
UCWV1WpvtRi3OTZxsOVFX3xA,0.45454545454545453,0.0,0.0,0.00048088482808367395,0.0003305139051177268,0.0,0.0,-6.88589673618577e-20,5,0,1,250
UC4W83ZbJ2Uf8gyC6yTUw42w,0.0,0.0033783783783783786,0.0,0.000274791330333528,7.554017998397095e-05,0.0,-4.350512283836616e-20,5.207271029615273e-21,0,1,1,250
UCvlPmPmKapVsDXh5WlM2AuA,0.0,0.0033783783783783786,0.0,0.000274791330333528,7.554017998397095e-05,0.0,-4.350512283836616e-20,1.4680774945005896e-20,0,1,1,250
UCKy_F7LZGV2d7CBIzd6Jy8Q,0.0,0.0033783783783783786,0.0,0.000274791330333528,7.554017998397095e-05,0.0,-4.350512283836616e-20,5.524211890172204e-20,0,1,1,250
UCnGnMLcfUpopEz1CcjfsE7Q,0.0,0.006756756756756757,0.0,0.000274791330333528,7.554017998397095e-05,0.0,-8.701024567673232e-20,1.8236175037735213e-19,0,2,2,250
UCMKcR0oOcV_DfxrekfBFGng,0.36363636363636365,0.0,0.0,0.00048088482808367395,0.0003305139051177268,0.0,0.0,-1.846915022089768e-19,4,0,1,251
UCkA8g7GDQg-LwlBqP0jhTGQ,0.0,0.0033783783783783786,0.0,0.000274791330333528,7.554017998397095e-05,0.0,-1.1668816420930915e-19,-1.0375242567697614e-20,0,1,1,251
UCCwefzqH-KjBKaxnEPp1rBg,0.0,0.0033783783783783786,0.0,0.000274791330333528,7.554017998397095e-05,0.0,-1.1668816420930915e-19,3.3566553271498595e-20,0,1,1,251
UCuZanB_sr7NwQDn-S3oWGdQ,0.0,0.0033783783783783786,0.0,0.000274791330333528,7.554017998397095e-05,0.0,-1.1668816420930915e-19,-8.832535435127809e-20,0,1,1,251
UCUtgaMSymS79jZzbHZEgwgg,0.0,0.0033783783783783786,0.0,0.000274791330333528,7.554017998397095e-05,0.0,-1.1668816420930915e-19,-9.177346864964048e-20,0,1,1,251
UCBHO1kUUa57yfbeko9dTKKw,0.09090909090909091,0.0,0.0,0.00012022120702091849,0.00013928361126740993,0.0,0.0,5.34896725147442e-21,1,0,1,252
UCrCxapzFiXPXCP_iCsr4hUw,0.0,0.0033783783783783786,0.0,0.00012022120702091849,7.554017998397095e-05,0.0,3.379479626972936e-21,3.0400553794264074e-21,0,1,1,252
UCHsnOl0RqX03qH9ZbOA_2Mg,0.09090909090909091,0.0,0.0,0.00012022120702091849,0.00013928361126740993,0.0,0.0,-7.997096883597902e-21,1,0,1,253
UCPpuC54VS3CXeQkRHP6rpdQ,0.0,0.0033783783783783786,0.0,0.00012022120702091849,7.554017998397095e-05,0.0,-5.0525689768615176e-21,-5.109198626299919e-20,0,1,1,253
UCn8XsjFiDl5wjwI2yo3-aaA,0.09090909090909091,0.0,0.0,0.00012022120702091849,0.00013928361126740993,0.0,0.0,7.944593016640618e-21,1,0,1,254
UCw9Gu7PbswHLUuseI1dxJyg,0.0,0.0033783783783783786,0.0,0.00012022120702091849,7.554017998397095e-05,0.0,5.019397012933241e-21,5.971108858457675e-20,0,1,1,254
UCVhNrdxE0YTgMrE8rW3jfeA,0.45454545454545453,0.0,0.0,0.0006011060351045924,0.0003942573364011658,0.0,0.0,2.1152341863937438e-20,5,0,1,255
UCSQyItIlMV0fql1PWnMjYBg,0.0,0.0033783783783783786,0.0,0.0003339477972803291,7.554017998397095e-05,0.0,1.336405796319637e-20,1.460956768480327e-20,0,1,1,255
UCRG780sWZfJafgc9l_6Jc9g,0.0,0.0033783783783783786,0.0,0.0003339477972803291,7.554017998397095e-05,0.0,1.336405796319637e-20,1.7624696267873443e-20,0,1,2,255
UC_i3Y0j1qLwwykdO42T2xeg,0.0,0.0033783783783783786,0.0,0.0003339477972803291,7.554017998397095e-05,0.0,1.336405796319637e-20,-1.0378390941926396e-19,0,1,1,255
UC2cM_TBS4tC98Mft5M6fDFw,0.0,0.0033783783783783786,0.0,0.0003339477972803291,7.554017998397095e-05,0.0,1.336405796319637e-20,-4.6200709421270636e-20,0,1,1,255
UCuadBXLTDzqdU1Bh8vPD4dQ,0.45454545454545453,0.0,0.0,0.0006011060351045924,0.0003942573364011658,0.0,0.0,-2.221502692836206e-19,5,0,1,256
UCeAROzG02rLe0Y95noKsvUQ,0.0,0.0033783783783783786,0.0,0.0003339477972803291,7.554017998397095e-05,0.0,-1.4035462807584134e-19,9.91906330584633e-22,0,1,1,256
UCJRDxx7Kjh3bU-FR3W4B7pg,0.0,0.0033783783783783786,0.0,0.0003339477972803291,7.554017998397095e-05,0.0,-1.4035462807584134e-19,-5.194154014342246e-21,0,1,1,256
UCYao32JbhQQPvv59vYN_s1g,0.0,0.0033783783783783786,0.0,0.0003339477972803291,7.554017998397095e-05,0.0,-1.4035462807584134e-19,1.3849075520454638e-19,0,1,1,256
UC1vQWVmRifX67tn-VVYiQ3g,0.0,0.0033783783783783786,0.0,0.0003339477972803291,7.554017998397095e-05,0.0,-1.4035462807584134e-19,-9.705193460539376e-20,0,1,1,256
UCO5Yn3w4PbDnwNMrhI5T2TA,0.09090909090909091,0.0,0.0,0.00012022120702091849,0.00013928361126740993,0.0,0.0,-2.6480852086794397e-20,1,0,1,257
UCIcSK-rN4ahZnDe9qxvy9MQ,0.0,0.0033783783783783786,0.0,0.00012022120702091849,7.554017998397095e-05,0.0,-1.6730612831390486e-20,-2.6017469686039638e-20,0,1,1,257
UCsYUBLpSpiL3zbPgxarotVQ,0.45454545454545453,0.0,0.0,0.0006011060351045924,0.0003942573364011658,0.0,0.0,-5.796894334303283e-19,5,0,1,258
UCTxYxj_9OW_TVwM2BSNzSNw,0.0,0.0033783783783783786,0.0,0.0003339477972803291,7.554017998397095e-05,0.0,-3.662480135224749e-19,1.4036943430077303e-20,0,1,1,258
UCUhzPWHZyvJ8cO1xEEy4FNg,0.0,0.0033783783783783786,0.0,0.0003339477972803291,7.554017998397095e-05,0.0,-3.662480135224749e-19,1.2249127972851177e-20,0,1,1,258
UCIr46J9REEyRQYI-PPtAzLw,0.0,0.0033783783783783786,0.0,0.0003339477972803291,7.554017998397095e-05,0.0,-3.662480135224749e-19,-4.00318261735422e-20,0,1,1,258
UCcxdh57KoNGRLeLq95xE3dQ,0.0,0.0033783783783783786,0.0,0.0003339477972803291,7.554017998397095e-05,0.0,-3.662480135224749e-19,2.172324194726105e-19,0,1,1,258
UCF-XtXF2061kb9lm3blPDtQ,0.45454545454545453,0.0,0.0,0.00024044241404183698,0.0002030270425508489,0.0,0.0,1.8809413696328868e-20,5,0,1,259
UCWuwWJTxMF8m9YHCX8nccWA,0.0,0.0033783783783783786,0.0,0.00016029494269455797,7.554017998397095e-05,0.0,1.188379501940817e-20,-1.0132493703361283e-20,0,1,1,259
UCCtoVa7ZTyV8tjRl4XrqV4w,0.0,0.013513513513513514,0.0,0.00016029494269455797,7.554017998397095e-05,0.0,4.753518007763268e-20,4.0537569327128987e-20,0,4,4,259
UCwqnxnYue5GK8QWLFyGUD-A,0.09090909090909091,0.0,0.0,0.00012022120702091849,0.00013928361126740993,0.0,0.0,3.971629820703491e-20,1,0,1,260
UCus_QtLoPGsAPi1q4f4-mrA,0.0,0.0033783783783783786,0.0,0.00012022120702091849,7.554017998397095e-05,0.0,2.5092772929663938e-20,-9.765480808533508e-22,0,1,1,260
UCPgZ9MTye-9cBs1V0zlCMIQ,0.18181818181818182,0.0,0.0,0.00024044241404183698,0.0002030270425508489,0.0,0.0,-3.489771156724392e-20,2,0,1,261
UCPl_qyOrFYAJFMAYWRq2EAA,0.0,0.0033783783783783786,0.0,0.00016029494269455797,7.554017998397095e-05,0.0,-2.2048387983113944e-20,4.350249834800523e-20,0,1,1,261
UCxUrXvBHXjhNjnYz4YKTt3g,0.0,0.0033783783783783786,0.0,0.00016029494269455797,7.554017998397095e-05,0.0,-2.2048387983113944e-20,-6.974141724334176e-20,0,1,1,261
UCvovGM2jI3bAXnWtzZR_HEw,0.18181818181818182,0.0,0.0,0.00024044241404183698,0.0002030270425508489,0.0,0.0,-7.611569740246748e-21,2,0,1,262
UCUzQmj4lUtfg4KdrdRaX5Eg,0.0,0.0033783783783783786,0.0,0.00016029494269455797,7.554017998397095e-05,0.0,-4.8089927750739355e-21,-6.103982548451096e-20,0,1,1,262
UCIb7Qy4zgATL8_pyoNn4I_Q,0.0,0.0033783783783783786,0.0,0.00016029494269455797,7.554017998397095e-05,0.0,-4.8089927750739355e-21,1.7894133369490593e-20,0,1,1,262
UC1R58mFa3SPiOo64TFb7gcA,0.36363636363636365,0.0,0.0,0.0005409954315941332,0.00028801828426210086,0.0,0.0,-2.0950503213051196e-19,4,0,2,263
UCKsQpPpNr2pP0uoCp-jKBOA,0.09090909090909091,0.0,0.0,0.00030914024662521896,9.678799041178392e-05,0.0,0.0,1.249641444856677e-19,1,0,1,263
UC0KEsUKzZ8GI_fp2DGCIMaA,0.09090909090909091,0.0,0.0,0.00030914024662521896,9.678799041178392e-05,0.0,0.0,-1.279566441198068e-19,1,0,1,263
UC2EtLUxKF1MQ4C1RNKHr6XQ,0.0,0.010135135135135136,0.0,0.00048088482808367395,7.554017998397095e-05,0.0,-1.3425602469013489e-19,1.6163888300214077e-20,0,3,3,263
UCdwn7wBhakjflyK-4AWZpEw,0.0,0.0033783783783783786,0.0,0.00033292026559638967,7.554017998397095e-05,0.0,-1.3236536223664737e-19,-2.5414520393897156e-20,0,1,1,263
UCASVE5Oi4s3AMonU7labQUA,0.18181818181818182,0.0,0.0,0.00024044241404183698,0.0002030270425508489,0.0,0.0,-1.5766452023501486e-20,2,0,1,264
UCr6K0sgnxeSqRGwtNgFfOSw,0.0,0.0033783783783783786,0.0,0.00016029494269455797,7.554017998397095e-05,0.0,-9.96125062990102e-21,1.1516840275850225e-20,0,1,1,264
UCAhUk8AsXBfz2qsqdknL1YA,0.0,0.0033783783783783786,0.0,0.00016029494269455797,7.554017998397095e-05,0.0,-9.96125062990102e-21,-5.303179843669275e-20,0,1,1,264
UCgQYpT9joqW0c0XmaWUtwrA,0.2727272727272727,0.0,0.0,0.0003606636210627555,0.00026677047383428783,0.0,0.0,-8.183710261697525e-21,3,0,1,265
UCUohTycjwteQJuD3fXDUEww,0.0,0.0033783783783783786,0.0,0.00021639817263765327,7.554017998397095e-05,0.0,-5.170471383019347e-21,-1.4830272000922823e-19,0,1,1,265
UCHpVEBjZg3-74NeWH8x3hag,0.0,0.0033783783783783786,0.0,0.00021639817263765327,7.554017998397095e-05,0.0,-5.170471383019347e-21,-2.4406414730256554e-20,0,1,1,265
UCLSh_EaAQ3aP-rdpiRVyLeQ,0.0,0.0033783783783783786,0.0,0.00021639817263765327,7.554017998397095e-05,0.0,-5.170471383019347e-21,-4.762653933426805e-21,0,1,1,265
UCY3egOsMfro9v7qP4a4bKBg,0.09090909090909091,0.0,0.0,0.00012022120702091849,0.00013928361126740993,0.0,0.0,-1.4336216150590863e-21,1,0,2,266
UCSVUkprpMobWtASl7WhPNYQ,0.0,0.0033783783783783786,0.0,0.00012022120702091849,7.554017998397095e-05,0.0,-9.057627039209756e-22,-1.7455515150205618e-20,0,1,1,266
UCbO3qO8gApgE5iGXgfWGKFQ,0.09090909090909091,0.0,0.0,0.00012022120702091849,0.00013928361126740993,0.0,0.0,-2.181554230558855e-19,1,0,1,267
UCO34J0tfaisSaxDS_odnrwA,0.0,0.0033783783783783786,0.0,0.00012022120702091849,7.554017998397095e-05,0.0,-1.378306826477217e-19,-9.940706208631593e-20,0,1,1,267
UCejF-xJ2bX2SL3H5gYhrwSg,0.09090909090909091,0.0,0.0,0.00012022120702091849,0.00013928361126740993,0.0,0.0,4.0818625545174634e-20,1,0,1,268
UCts1hRyAd1DiVvkzo8UWUfQ,0.0,0.0033783783783783786,0.0,0.00012022120702091849,7.554017998397095e-05,0.0,2.5789223778278056e-20,-1.7213555754450298e-19,0,1,1,268
UCcd6H2H80kgLUoV_nG5T0rg,0.09090909090909091,0.0,0.0,0.00012022120702091849,0.00013928361126740993,0.0,0.0,-3.711146025755632e-19,1,0,1,269
UCSjsDPd1LXm2bMVNnWCZo8A,0.0,0.0033783783783783786,0.0,0.00012022120702091849,7.554017998397095e-05,0.0,-2.3447035282008245e-19,2.3019480386083024e-21,0,1,1,269
UC4YkLD8wS2YtSC9aXleEARQ,0.09090909090909091,0.0,0.0,0.00012022120702091849,0.00013928361126740993,0.0,0.0,-1.329792685174392e-19,1,0,1,270
UCmvwwgeFUHLrL9fb354Tq4Q,0.0,0.0033783783783783786,0.0,0.00012022120702091849,7.554017998397095e-05,0.0,-8.401635449171501e-20,1.4962811797682928e-20,0,1,1,270
UCYk-NpLu1u7ooqg1cKE4f4w,0.09090909090909091,0.0,0.0,0.00016029494269455797,0.00010741189562569042,0.0,0.0,-5.0048784445872886e-20,1,0,1,271
UCbIARc-v5w9ckj7pz0lxkEw,0.09090909090909091,0.0,0.0,0.00016029494269455797,0.00010741189562569042,0.0,0.0,-1.4840642755642225e-19,1,0,1,271
UCeaAecEsb7OzMZA1zkbNR8g,0.0,0.006756756756756757,0.0,0.00024044241404183698,7.554017998397095e-05,0.0,-1.2538408150535648e-19,1.0175661136537276e-20,0,2,2,271
UCc1Z_sncYVR9m6Oi4viS_wg,0.45454545454545453,0.0,0.0,0.0003606636210627555,0.00026677047383428783,0.0,0.0,4.3198805712402964e-19,5,0,1,272
UCKsCW_rpm-WBTs9jlL_IEhg,0.0,0.010135135135135136,0.0,0.00021639817263765327,7.554017998397095e-05,0.0,8.187906765051882e-19,-1.708991205662562e-20,0,3,3,272
UCxFylE1ZkHKwM3pCkTBzUpA,0.0,0.0033783783783783786,0.0,0.00021639817263765327,7.554017998397095e-05,0.0,2.729302255017294e-19,-1.8160038428730654e-21,0,1,1,272
UC_7W_ADz43_IcyAqA8E0oYg,0.0,0.0033783783783783786,0.0,0.00021639817263765327,7.554017998397095e-05,0.0,2.729302255017294e-19,3.013182957235842e-20,0,1,1,272
UCgL1qNo9mkHkx-H-4_zfoWA,0.09090909090909091,0.0,0.0,0.00012022120702091849,0.00013928361126740993,0.0,0.0,7.291340181174623e-20,1,0,1,273
UCzqBHKGjhyU27Pp7LbH8WoQ,0.0,0.0033783783783783786,0.0,0.00012022120702091849,7.554017998397095e-05,0.0,4.6066716128831463e-20,2.0892108843745443e-20,0,1,1,273
UCZYY58KAX3tQ0vlnXrlPuGA,0.2727272727272727,0.0,0.0,0.0003606636210627555,0.00026677047383428783,0.0,0.0,-1.307784197629117e-20,3,0,1,274
UCltZ2lD5bE5qFwBX_PxKlnQ,0.0,0.0033783783783783786,0.0,0.00021639817263765327,7.554017998397095e-05,0.0,-8.26258573773563e-21,1.2729515369772045e-20,0,1,1,274
UC6eHbzV69bRFvd3cduKrXTg,0.0,0.0033783783783783786,0.0,0.00021639817263765327,7.554017998397095e-05,0.0,-8.26258573773563e-21,1.90127991579078e-19,0,1,1,274
UCJgvZe15oN2wzVATM8mPnsA,0.0,0.0033783783783783786,0.0,0.00021639817263765327,7.554017998397095e-05,0.0,-8.26258573773563e-21,-4.728813599414189e-21,0,1,1,274
UCzbq9lMKgqPDq_iRDh38BNg,0.09090909090909091,0.0,0.0,0.00012022120702091849,0.00013928361126740993,0.0,0.0,-4.967257576994183e-20,1,0,1,275
UCIeKox30t6JHdv_CjITzKtA,0.0,0.0033783783783783786,0.0,0.00012022120702091849,7.554017998397095e-05,0.0,-3.1383153035292183e-20,1.5671056232350664e-21,0,1,1,275
UC3Sya7CfMmtO6LE4FX4U7ng,0.18181818181818182,0.0,0.0,0.00024044241404183698,0.0002030270425508489,0.0,0.0,-5.554358649170509e-20,2,0,1,276
UCHj8gzf4ApQ4oTC8EUTKtDQ,0.0,0.0033783783783783786,0.0,0.00016029494269455797,7.554017998397095e-05,0.0,-3.509245993345454e-20,-3.591884031937052e-20,0,1,1,276
UCQeKAOU0ugIYcQxkZVG8w7w,0.0,0.0033783783783783786,0.0,0.00016029494269455797,7.554017998397095e-05,0.0,-3.509245993345454e-20,-2.3246590255549364e-20,0,1,1,276
UCZieIbQFx3SJy1EJ_nFUuHA,0.09090909090909091,0.0,0.0,0.00012022120702091849,0.00013928361126740993,0.0,0.0,-2.7029005339422076e-19,1,0,1,277
UCmQCE4oEy-k8Ri_53e1lcrw,0.0,0.0033783783783783786,0.0,0.00012022120702091849,7.554017998397095e-05,0.0,-1.7076936273397645e-19,-1.65070075520721e-20,0,1,1,277
UCNjsoaLHhxEUUpOIEbo2l_Q,0.45454545454545453,0.0,0.0,0.00048088482808367395,0.0003305139051177268,0.0,0.0,-9.611598291920377e-20,5,0,1,278
UCnGcbbqBW5tfOxICnykRULQ,0.0,0.0033783783783783786,0.0,0.000274791330333528,7.554017998397095e-05,0.0,-6.072611605771041e-20,-1.862611472356275e-21,0,1,1,278
UCo2AeSJptdC7wBvEa3aES-w,0.0,0.0033783783783783786,0.0,0.000274791330333528,7.554017998397095e-05,0.0,-6.072611605771041e-20,4.846172980382048e-20,0,1,1,278
UC94Wwkh2liCSX4U6T-MYGyA,0.0,0.0033783783783783786,0.0,0.000274791330333528,7.554017998397095e-05,0.0,-6.072611605771041e-20,-9.437403600636523e-21,0,1,1,278
UC0WFR7eIHmJV0jbovJ-CEiw,0.0,0.006756756756756757,0.0,0.000274791330333528,7.554017998397095e-05,0.0,-1.2145223211542082e-19,1.0367275421408677e-21,0,2,2,278
UCGa6Kwcu3mJdFIP-NBj6Y9Q,0.45454545454545453,0.0,0.0,0.0006011060351045924,0.0003942573364011658,0.0,0.0,-2.0879633693517583e-19,5,0,1,279
UCuTt3vnOxm4jmfxB9IG1tFA,0.0,0.0033783783783783786,0.0,0.0003339477972803291,7.554017998397095e-05,0.0,-1.319176083316834e-19,9.843712408089403e-20,0,1,1,279
UCWOB1RwhlfLJnhwxfBXpU6g,0.0,0.0033783783783783786,0.0,0.0003339477972803291,7.554017998397095e-05,0.0,-1.319176083316834e-19,-1.8029700079525588e-21,0,1,1,279
UC6AlUEvcDvbp8ZCYNpfddfw,0.0,0.0033783783783783786,0.0,0.0003339477972803291,7.554017998397095e-05,0.0,-1.319176083316834e-19,-3.666038151731377e-20,0,1,1,279
UCen6YsgjAZRN1zFBCwIsr5Q,0.0,0.0033783783783783786,0.0,0.0003339477972803291,7.554017998397095e-05,0.0,-1.319176083316834e-19,-1.532529358489454e-19,0,1,1,279
UC6gv2v_GkvmKESEyNNKKftg,0.45454545454545453,0.0,0.0,0.0006011060351045924,0.0003942573364011658,0.0,0.0,3.550971712357364e-19,5,0,1,280
UCey4pW_pWR2eYylRxoEf8Ig,0.0,0.0033783783783783786,0.0,0.0003339477972803291,7.554017998397095e-05,0.0,2.243505333587721e-19,-9.923351223060237e-21,0,1,1,280
UCR1Etvdl8_GJw-y_1rxdMgg,0.0,0.0033783783783783786,0.0,0.0003339477972803291,7.554017998397095e-05,0.0,2.243505333587721e-19,-2.781456715477705e-20,0,1,1,280
UCppFEKce8J47cM0G8S1KYlA,0.0,0.0033783783783783786,0.0,0.0003339477972803291,7.554017998397095e-05,0.0,2.243505333587721e-19,1.032566081410142e-20,0,1,1,280
UCK3bYTTNO7LzOP9RtzhiFfQ,0.0,0.0033783783783783786,0.0,0.0003339477972803291,7.554017998397095e-05,0.0,2.243505333587721e-19,1.526868054551291e-20,0,1,1,280
UC4m_RNan3ojaDC5rRpIPiyw,0.45454545454545453,0.0,0.0,0.0006011060351045924,0.0003942573364011658,0.0,0.0,-5.707039139586862e-19,5,0,1,281
UCih4om2mue-12Hpdx_FnwXw,0.0,0.0033783783783783786,0.0,0.0003339477972803291,7.554017998397095e-05,0.0,-3.60570958763201e-19,-3.2187881999183568e-21,0,1,1,281
UC8hXATtTrobTlVlAdDyOokA,0.0,0.0033783783783783786,0.0,0.0003339477972803291,7.554017998397095e-05,0.0,-3.60570958763201e-19,5.034653239530798e-20,0,1,1,281
UCjcyBnWhB9u0dL04uTrhY6Q,0.0,0.0033783783783783786,0.0,0.0003339477972803291,7.554017998397095e-05,0.0,-3.60570958763201e-19,-1.3298524828478239e-20,0,1,1,281
UC_KjbV1uJQxAScQ7lcz5FeQ,0.0,0.0033783783783783786,0.0,0.0003339477972803291,7.554017998397095e-05,0.0,-3.60570958763201e-19,-1.8579152763505333e-19,0,1,1,281
UCxR7gR7Zg5n9rcMaxRGOYIw,0.18181818181818182,0.0,0.0,0.00024044241404183698,0.0002030270425508489,0.0,0.0,1.16147338345325e-19,2,0,1,282
UCtbCJ6pAhEvWZxyHRlkK0sQ,0.0,0.0033783783783783786,0.0,0.00016029494269455797,7.554017998397095e-05,0.0,7.338193434573049e-20,1.2841732849341945e-20,0,1,1,282
UCnF_g-mYHJzJC9ohaKRMdsw,0.0,0.0033783783783783786,0.0,0.00016029494269455797,7.554017998397095e-05,0.0,7.338193434573049e-20,1.7458474489032788e-19,0,1,1,282
UCuLt_EbPTe6Otjkm1gnagqQ,0.45454545454545453,0.0,0.0,0.0006327431948469393,0.00036238562075944635,0.0,0.0,1.5914916666451983e-19,5,0,1,283
UCKvdRNBOWHCq3HViGZFfGhg,0.45454545454545453,0.0,0.0,0.0006327431948469393,0.00036238562075944635,0.0,0.0,-8.198554012864578e-19,5,0,1,283
UCAT1yeZTD8L-v40lS0HBYhw,0.0,0.0033783783783783786,0.0,0.00042936145364613743,7.554017998397095e-05,0.0,1.0055050650089724e-19,-5.332745614796811e-21,0,1,1,283
UCF0WJujOQgKd4i7QqPAhXIg,0.0,0.0033783783783783786,0.0,0.00042936145364613743,7.554017998397095e-05,0.0,1.0055050650089724e-19,9.850289700741405e-20,0,1,1,283
UCL5g_F5u4FdcMbiAxIBd_Wg,0.0,0.0033783783783783786,0.0,0.00042936145364613743,7.554017998397095e-05,0.0,1.0055050650089724e-19,1.4511573956415383e-19,0,1,1,283
UCcuAqUYga06zLv3r1RSPhYQ,0.45454545454545453,0.0,0.0,0.0006011060351045924,0.0003942573364011658,0.0,0.0,-2.900619869126925e-20,5,0,1,284
UCs6pjatjuljPbejicyf2mBw,0.0,0.0033783783783783786,0.0,0.0003339477972803291,7.554017998397095e-05,0.0,-1.8326127815804643e-20,-2.9704664899117024e-22,0,1,1,284
UCEzBcpfEW-iQKJcd1TBn-lQ,0.0,0.0033783783783783786,0.0,0.0003339477972803291,7.554017998397095e-05,0.0,-1.8326127815804643e-20,3.2498091533186044e-19,0,1,1,284
UCNvFD6HPBEmZAdnLZB8POdQ,0.0,0.0033783783783783786,0.0,0.0003339477972803291,7.554017998397095e-05,0.0,-1.8326127815804643e-20,5.7057306838344685e-21,0,1,1,284
UCY7vw_8mvGf49Zwz246iuaQ,0.0,0.0033783783783783786,0.0,0.0003339477972803291,7.554017998397095e-05,0.0,-1.8326127815804643e-20,2.0041740298028613e-20,0,1,1,284
UCcs5L_bi6wl4urf3uGWcjwQ,0.45454545454545453,0.0,0.0,0.0006011060351045924,0.0003942573364011658,0.0,0.0,2.3038358498044425e-20,5,0,1,285
UCe6t759dKGhRoCxXB4bAaqw,0.0,0.0033783783783783786,0.0,0.0003339477972803291,7.554017998397095e-05,0.0,1.4555644019241063e-20,1.403899918115449e-19,0,1,1,285
UC2Qs0D-78jtm3Unef8QF17g,0.0,0.0033783783783783786,0.0,0.0003339477972803291,7.554017998397095e-05,0.0,1.4555644019241063e-20,3.1885168641488464e-20,0,1,1,285
UCVwwLvX1ERz63gKixk4F2vw,0.0,0.0033783783783783786,0.0,0.0003339477972803291,7.554017998397095e-05,0.0,1.4555644019241063e-20,-5.863147565655013e-20,0,1,1,285
UCNKShKReCA_PzTPsxoULz7w,0.0,0.0033783783783783786,0.0,0.0003339477972803291,7.554017998397095e-05,0.0,1.4555644019241063e-20,-4.938186067043704e-20,0,1,1,285
UCHbWN001RgIvNLZBlNUpuXg,0.45454545454545453,0.0,0.0,0.0007656192657647968,0.0003432625913744147,0.0,0.0,1.0077315917335557e-19,5,0,1,286
UC2joK7TtgCEH6teIKUxvU6Q,0.18181818181818182,0.0,0.0,0.0005818706419812456,0.0001520322975240977,0.0,0.0,6.229292706803789e-20,2,0,1,286
UCiefDZ6YxXC9opsOhLYMJ4g,0.18181818181818182,0.0,0.0,0.0005818706419812456,0.0001520322975240977,0.0,0.0,-1.5625114344101607e-19,2,0,1,286
UChtDloGEKFoizOaN4jiXSwQ,0.09090909090909091,0.0,0.0,0.0005387691129455977,8.828886624065873e-05,0.0,0.0,1.7164340994507194e-19,1,0,1,286
UC2Rz2s7Yj0fFFp8F2Wnk8bA,0.09090909090909091,0.0,0.0,0.0005387691129455977,8.828886624065873e-05,0.0,0.0,1.3552977179415686e-19,1,0,1,286
UCMkWc3bCw3O5BBosmodlJ1w,0.36363636363636365,0.0,0.0,0.00048088482808367395,0.0003305139051177268,0.0,0.0,-2.2375308335038154e-19,4,0,2,287
UCYCb-UQZ88rUdNcJ7DSOtVA,0.0,0.0033783783783783786,0.0,0.000274791330333528,7.554017998397095e-05,0.0,-1.4136728663772562e-19,-4.278680909379189e-20,0,1,1,287
UCQcHKMixs3tSGL2WikW-ytg,0.0,0.0033783783783783786,0.0,0.000274791330333528,7.554017998397095e-05,0.0,-1.4136728663772562e-19,-3.3571341829075877e-21,0,1,1,287
UCCILKdF_jnCwLmzzp69D4kQ,0.0,0.0033783783783783786,0.0,0.000274791330333528,7.554017998397095e-05,0.0,-1.4136728663772562e-19,1.0776356917508606e-19,0,1,1,287
UC1GcnV57-PSOM3DozF-UAIg,0.0,0.0033783783783783786,0.0,0.000274791330333528,7.554017998397095e-05,0.0,-1.4136728663772562e-19,5.513947858198037e-20,0,1,1,287
UCQrhrwD96b1tUcSqIv8_fwg,0.45454545454545453,0.0,0.0,0.0006011060351045924,0.0003942573364011658,0.0,0.0,5.733738093336107e-19,5,0,1,288
UC72KLQUsrwfPvrauoEfyvtg,0.0,0.0033783783783783786,0.0,0.0003339477972803291,7.554017998397095e-05,0.0,3.622577997180076e-19,1.414087657086554e-19,0,1,1,288
UCVnotUAd0BQLNZLSbtPKAbQ,0.0,0.0033783783783783786,0.0,0.0003339477972803291,7.554017998397095e-05,0.0,3.622577997180076e-19,6.386522995422956e-20,0,1,1,288
UCvfuuIBRCaOrDxjUrk99euw,0.0,0.0033783783783783786,0.0,0.0003339477972803291,7.554017998397095e-05,0.0,3.622577997180076e-19,-4.663038060015207e-20,0,1,1,288
UCcGRss9eT5rTz3Ns8M0LKEg,0.0,0.0033783783783783786,0.0,0.0003339477972803291,7.554017998397095e-05,0.0,3.622577997180076e-19,-3.841052836951363e-20,0,1,1,288
UCh1pb8LQQuvK9RLVlAPTwYA,0.45454545454545453,0.0,0.0,0.0006411797707782319,0.00035176171554553983,0.0,0.0,-1.8745167889113827e-19,5,0,1,289
UC5Z_CWm6i5_6pa5ly4VdjlA,0.18181818181818182,0.0,0.0,0.00042745318051882125,0.00016053142169522293,0.0,0.0,1.8492949638171865e-19,2,0,1,289
UCL_0TOm1NwQUoHKvqJw2eqQ,0.09090909090909091,0.0,0.0,0.0003847078624669392,9.678799041178392e-05,0.0,0.0,-4.058653808164341e-20,1,0,1,289
UCsB_srfyLlSAukZYlYbbmjw,0.0,0.0033783783783783786,0.0,0.0004049556447020412,7.554017998397095e-05,0.0,-1.184320449297677e-19,8.741263496097365e-20,0,1,1,289
UCtlFSC0wKI3ptgaUobT4xdQ,0.0,0.010135135135135136,0.0,0.0005918582499491372,7.554017998397095e-05,0.0,-2.7236106734848445e-20,-5.1711306769422754e-20,0,3,3,289
UC_4UO9CntCk6fqQF2slxAyA,0.45454545454545453,0.0,0.0,0.00048088482808367395,0.0003305139051177268,0.0,0.0,-1.3851823987293084e-20,5,0,1,290
UCLNrABa161KFiMCc_Uh41cQ,0.0,0.006756756756756757,0.0,0.000274791330333528,7.554017998397095e-05,0.0,-1.750317575736456e-20,-2.5796652040706433e-20,0,2,2,290
UCaHJSYivJA14Z_kZqLeFaxw,0.0,0.0033783783783783786,0.0,0.000274791330333528,7.554017998397095e-05,0.0,-8.75158787868228e-21,-3.651855770269049e-20,0,1,1,290
UCYT9UVsSuNqh2IkJ4Jj_Uvg,0.0,0.0033783783783783786,0.0,0.000274791330333528,7.554017998397095e-05,0.0,-8.75158787868228e-21,-2.8552948969169763e-20,0,1,1,290
UCU-3Q58PXdFdGlcaKDwOyKQ,0.0,0.0033783783783783786,0.0,0.000274791330333528,7.554017998397095e-05,0.0,-8.75158787868228e-21,-7.110831052252165e-20,0,1,1,290
UCo56SFPhqd8PxyswKRXS-Nw,0.36363636363636365,0.0,0.0,0.00048088482808367395,0.0003305139051177268,0.0,0.0,-7.805440796363167e-20,4,0,2,291
UCtB6hWeRpCboonhnEIbPHAA,0.0,0.0033783783783783786,0.0,0.000274791330333528,7.554017998397095e-05,0.0,-4.931480585075869e-20,7.509853462000967e-22,0,1,1,291
UCGvNcreq1eUG5SlZKr_iSTQ,0.0,0.0033783783783783786,0.0,0.000274791330333528,7.554017998397095e-05,0.0,-4.931480585075869e-20,1.5669100164966506e-20,0,1,1,291
UC_yAEOSgBWwX94ygddm2coQ,0.0,0.0033783783783783786,0.0,0.000274791330333528,7.554017998397095e-05,0.0,-4.931480585075869e-20,3.0045374585907445e-20,0,1,1,291
UChaJtoOlu1E03NoYbRLyGaw,0.0,0.0033783783783783786,0.0,0.000274791330333528,7.554017998397095e-05,0.0,-4.931480585075869e-20,-6.03677882113466e-20,0,1,1,291
UCmFbUoUxnKEm_nnC4JmR9wg,0.09090909090909091,0.0,0.0,0.00012022120702091849,0.00013928361126740993,0.0,0.0,-3.548084164385111e-19,1,0,1,292
UCcNO7QbPCSMD_ESw3Qm9jnA,0.0,0.0033783783783783786,0.0,0.00012022120702091849,7.554017998397095e-05,0.0,-2.24168097963576e-19,3.0202437649950994e-19,0,1,1,292
UCaUDE9owrzJ8jg7whrs6oOQ,0.45454545454545453,0.0,0.0,0.0007524957032050083,0.00035176171554553983,0.0,0.0,1.4743337763185317e-20,5,0,1,293
UCxX38uqGkvwZi443JCNKU8w,0.45454545454545453,0.0,0.0,0.0007524957032050083,0.00035176171554553983,0.0,0.0,4.3922746541085865e-21,5,0,1,293
UC4u2-WtlxLOovQCjoE8YaWw,0.2727272727272727,0.0,0.0,0.0006553994834366201,0.00022427485297866185,0.0,0.0,1.8524071122829405e-19,3,0,1,293
UCCeREviD8osaX5_U_cFwFvA,0.0,0.0033783783783783786,0.0,0.0005209585637573134,7.554017998397095e-05,0.0,9.31484663521384e-21,2.834212738606494e-21,0,1,1,293
UCTVmMVswTDC6HHcw_0bVvgA,0.0,0.010135135135135136,0.0,0.0008833645211537053,7.554017998397095e-05,0.0,1.2912504218557463e-19,1.949434570480099e-20,0,3,3,293
UCd0pejfmW9vAJkXnflOVhfg,0.2727272727272727,0.0,0.0,0.0003606636210627555,0.00026677047383428783,0.0,0.0,-6.789520108352585e-20,3,0,1,294
UCqyVah4z4cHH6czeRgRdQSA,0.0,0.0033783783783783786,0.0,0.00021639817263765327,7.554017998397095e-05,0.0,-4.289621492219071e-20,-2.731111991278855e-20,0,1,1,294
UC4jv4YiPVCdCanOhPBfWZWA,0.0,0.0033783783783783786,0.0,0.00021639817263765327,7.554017998397095e-05,0.0,-4.289621492219071e-20,1.7854854023138537e-20,0,1,1,294
UC1IQvDmEyhVixe8f_cY-4gQ,0.0,0.0033783783783783786,0.0,0.00021639817263765327,7.554017998397095e-05,0.0,-4.289621492219071e-20,2.6523322353675396e-20,0,1,1,294
UCmK43O3dyJEsNA-k7l1KiAQ,0.45454545454545453,0.0,0.0,0.0006011060351045924,0.0003942573364011658,0.0,0.0,6.344454984845184e-19,5,0,1,295
UCB-XDnSrX74aL1KN8FpzQKw,0.0,0.0033783783783783786,0.0,0.0003339477972803291,7.554017998397095e-05,0.0,4.0084291709995193e-19,-1.724419090999126e-21,0,1,1,295
UCNHj3AoJQVeHkbsf_x6GRxg,0.0,0.0033783783783783786,0.0,0.0003339477972803291,7.554017998397095e-05,0.0,4.0084291709995193e-19,-3.980879505912062e-20,0,1,1,295
UClAdPCweAJ4K9afPyPTq36A,0.0,0.0033783783783783786,0.0,0.0003339477972803291,7.554017998397095e-05,0.0,4.0084291709995193e-19,-2.1138144315454857e-20,0,1,1,295
UCxGIhp5wHAju0eKXN3AFGFg,0.0,0.0033783783783783786,0.0,0.0003339477972803291,7.554017998397095e-05,0.0,4.0084291709995193e-19,2.4792127518120024e-21,0,1,1,295
UCoCEFAomP38q--e87Q-RNiw,0.45454545454545453,0.0,0.0,0.0006011060351045924,0.0003942573364011658,0.0,0.0,3.575106900397649e-19,5,0,1,296
UCezAusdSrKgyoQpSWb3WItg,0.0,0.0033783783783783786,0.0,0.0003339477972803291,7.554017998397095e-05,0.0,2.2587539549459507e-19,5.468317388282568e-20,0,1,1,296
UC1KRt4RnqwBygDoJftBu9Ow,0.0,0.0033783783783783786,0.0,0.0003339477972803291,7.554017998397095e-05,0.0,2.2587539549459507e-19,4.7872408923645526e-20,0,1,1,296
UCV4Sho775-gr3h6xlTgZsPQ,0.0,0.0033783783783783786,0.0,0.0003339477972803291,7.554017998397095e-05,0.0,2.2587539549459507e-19,-1.602803424282439e-20,0,1,1,296
UCKZzyzTO27JcDaP8ywnVZgg,0.0,0.0033783783783783786,0.0,0.0003339477972803291,7.554017998397095e-05,0.0,2.2587539549459507e-19,-5.172058058904882e-20,0,1,1,296
UCulD6HzWiZp30XSzYZ_hirg,0.09090909090909091,0.0,0.0,0.00012022120702091849,0.00013928361126740993,0.0,0.0,2.1929829049846455e-19,1,0,1,297
UCKK9Qp2AiRUkbVV1goEnrQQ,0.0,0.0033783783783783786,0.0,0.00012022120702091849,7.554017998397095e-05,0.0,1.3855274675036917e-19,-3.3798556062923415e-20,0,1,1,297
UC62L4GKNO3NrCxXNgDzKIGA,0.09090909090909091,0.0,0.0,0.00012022120702091849,0.00013928361126740993,0.0,0.0,-3.759500344289297e-20,1,0,1,298
UCebHBUdyykRl71GLbqodSDQ,0.0,0.0033783783783783786,0.0,0.00012022120702091849,7.554017998397095e-05,0.0,-2.3752538057923792e-20,-2.5667478161431225e-20,0,1,1,298
UCXoEqSxK8u2jPINJrC2oEpQ,0.09090909090909091,0.0,0.0,0.00012022120702091849,0.00013928361126740993,0.0,0.0,-7.988754743789711e-20,1,0,2,299
UCL9nwfeN0UxhBYkWdhv4OPg,0.0,0.0033783783783783786,0.0,0.00012022120702091849,7.554017998397095e-05,0.0,-5.047298409628306e-20,-1.697920421221816e-19,0,1,1,299
UCPMut1PWLwRZZFVWU6kAmtg,0.09090909090909091,0.0,0.0,0.00012022120702091849,0.00013928361126740993,0.0,0.0,-1.2496828069992522e-20,1,0,1,300
UChT6FX2_k0-PWhfIsq7B7Gg,0.0,0.0033783783783783786,0.0,0.00012022120702091849,7.554017998397095e-05,0.0,-7.895500921730632e-21,3.2201242322502946e-20,0,1,1,300
UCFXTy_IgJbez44u4P2Uc6dg,0.09090909090909091,0.0,0.0,0.00012022120702091849,0.00013928361126740993,0.0,0.0,-9.663389621829891e-22,1,0,1,301
UCVuE7BqWzRKGd9rQBTAZCwA,0.0,0.0033783783783783786,0.0,0.00012022120702091849,7.554017998397095e-05,0.0,-6.105333388510464e-22,-2.4622128230324125e-19,0,1,1,301
UCoIA3NUVQQ82cdmEAsg6Uhg,0.18181818181818182,0.0,0.0,0.00024044241404183698,0.0002030270425508489,0.0,0.0,-1.6877387140156593e-19,2,0,1,302
UCo5KEI59dis-sPF81ykPotw,0.0,0.0033783783783783786,0.0,0.00016029494269455797,7.554017998397095e-05,0.0,-1.0663139876388716e-19,1.7843378733225405e-20,0,1,1,302
UCiniA0n6R8LjWqOO-VI6qCw,0.0,0.0033783783783783786,0.0,0.00016029494269455797,7.554017998397095e-05,0.0,-1.0663139876388716e-19,2.295418498689407e-20,0,1,1,302
UCMKFg_4imog7o1B3z7sZA2A,0.09090909090909091,0.0,0.0,0.00012022120702091849,0.00013928361126740993,0.0,0.0,-5.685846394463412e-22,1,0,1,303
UCOG0BIDQtgI8UuDT-4oksYQ,0.0,0.0033783783783783786,0.0,0.00012022120702091849,7.554017998397095e-05,0.0,-3.592320002873459e-22,-4.8952158789446286e-20,0,1,1,303
UC11R-TVv_1V0nit68WLvz4A,0.09090909090909091,0.0,0.0,0.00012022120702091849,0.00013928361126740993,0.0,0.0,1.1642831381438292e-20,1,0,1,304
UCzlh7l9Jo4hJn4YYF0WpdNg,0.0,0.0033783783783783786,0.0,0.00012022120702091849,7.554017998397095e-05,0.0,7.355945475831082e-21,1.8047262656367143e-19,0,1,1,304
UCH2Z5-rDinikDk5Sg3H5IpA,0.2727272727272727,0.0,0.0,0.00043279634527530655,0.00022427485297866185,0.0,0.0,1.2771022207747635e-19,3,0,1,305
UCOKTQBC7vLBfrgypa1XXhAA,0.18181818181818182,0.0,0.0,0.0003606636210627555,0.00016053142169522293,0.0,0.0,2.0576249670813143e-19,2,0,1,305
UCT6naa5wGu-3zA9LHWQh6Zw,0.09090909090909091,0.0,0.0,0.00030914024662521896,9.678799041178392e-05,0.0,0.0,-2.2529276578800296e-20,1,0,1,305
UCTeYy7Ztzt40nDiiU5TM-iw,0.0,0.0033783783783783786,0.0,0.0002885308968502044,7.554017998397095e-05,0.0,8.068736886509327e-20,-5.609942470607642e-20,0,1,1,305
UCqPQjSKKD0GIUP6opLGLcpA,0.0,0.010135135135135136,0.0,0.00048088482808367395,7.554017998397095e-05,0.0,1.964541898791933e-19,-8.570875538414576e-20,0,3,3,305
UC56WHajAZ58y0-KkLxY7THg,0.2727272727272727,0.0,0.0,0.0003606636210627555,0.00026677047383428783,0.0,0.0,-2.1766179302606536e-20,3,0,1,306
UCbsT8pj278aVEVAHJocAArg,0.0,0.0033783783783783786,0.0,0.00021639817263765327,7.554017998397095e-05,0.0,-1.3751880699946843e-20,1.5977646872752694e-20,0,1,1,306
UCo1XXhxUdgLf7waZqwXqMHA,0.0,0.0033783783783783786,0.0,0.00021639817263765327,7.554017998397095e-05,0.0,-1.3751880699946843e-20,3.2574438959301225e-19,0,1,1,306
UCpjz5G5UW5M2UTX_Ki-dsQg,0.0,0.0033783783783783786,0.0,0.00021639817263765327,7.554017998397095e-05,0.0,-1.3751880699946843e-20,3.706015146022377e-20,0,1,1,306
UCgYbsQSdds2wbXqgMH0kCSA,0.18181818181818182,0.0,0.0,0.00024044241404183698,0.0002030270425508489,0.0,0.0,1.6961222174592576e-19,2,0,2,307
UCwYTOj2XOxUldXpq8rHFLaQ,0.0,0.0033783783783783786,0.0,0.00016029494269455797,7.554017998397095e-05,0.0,1.0716106884333078e-19,7.296789396419841e-20,0,1,1,307
UCS8LgP4tju6OrO3hVWCn9Eg,0.0,0.0033783783783783786,0.0,0.00016029494269455797,7.554017998397095e-05,0.0,1.0716106884333078e-19,7.5217432815281695e-19,0,1,1,307
UCfYZDuctofoG-Pc8w14b4TA,0.45454545454545453,0.0,0.0,0.0006011060351045924,0.0003942573364011658,0.0,0.0,-4.429824985703825e-19,5,0,1,308
UC6CacAJpFtxZOYe29hUlv-A,0.0,0.0033783783783783786,0.0,0.0003339477972803291,7.554017998397095e-05,0.0,-2.7987651795989595e-19,-1.0657715543788421e-20,0,1,1,308
UCwhVbyt5HBH1ItWtzZ4YnQQ,0.0,0.0033783783783783786,0.0,0.0003339477972803291,7.554017998397095e-05,0.0,-2.7987651795989595e-19,-7.010405962754232e-20,0,1,1,308
UC62wA3S4J-dw484nfYkDfWQ,0.0,0.0033783783783783786,0.0,0.0003339477972803291,7.554017998397095e-05,0.0,-2.7987651795989595e-19,-8.207484454493113e-21,0,1,1,308
UCPNG6aQnCsFCUt6ZVw3kYAA,0.0,0.0033783783783783786,0.0,0.0003339477972803291,7.554017998397095e-05,0.0,-2.7987651795989595e-19,-2.324788247623035e-21,0,1,1,308
UCNLJRucQin9Us6cR_SZHYrA,0.09090909090909091,0.0,0.0,0.00012022120702091849,0.00013928361126740993,0.0,0.0,2.4335807372937654e-19,1,0,1,309
UCyI1GWfiO87Th1JtQ4fsouA,0.0,0.0033783783783783786,0.0,0.00012022120702091849,7.554017998397095e-05,0.0,1.5375372732018655e-19,-1.089521570963433e-20,0,1,1,309
UC3seRwY2C8_KbroVAkEfCXg,0.09090909090909091,0.0,0.0,0.00012022120702091849,0.00013928361126740993,0.0,0.0,-1.6118557265798192e-20,1,0,1,310
UC30hBl_hswJ_BaqOwXip9Vg,0.0,0.0033783783783783786,0.0,0.00012022120702091849,7.554017998397095e-05,0.0,-1.01837108613717e-20,1.761938097305303e-19,0,1,1,310
UCKTUoY6piInWWXdkHaILHEg,0.36363636363636365,0.0,0.0,0.00048088482808367395,0.0003305139051177268,0.0,0.0,5.152064767853088e-19,4,0,1,311
UCgDCdTsh8sjqqMbplcJznMg,0.0,0.0033783783783783786,0.0,0.000274791330333528,7.554017998397095e-05,0.0,3.2550765598733497e-19,1.4676098756349808e-20,0,1,1,311
UCyEjRy4Nn_bHT8l33S43QaA,0.0,0.0033783783783783786,0.0,0.000274791330333528,7.554017998397095e-05,0.0,3.2550765598733497e-19,-1.3293294022669385e-19,0,1,1,311
UC599KqotfWLueTEBi-XRD8w,0.0,0.0033783783783783786,0.0,0.000274791330333528,7.554017998397095e-05,0.0,3.2550765598733497e-19,-6.516839610353832e-20,0,1,2,311
UChHlKhrOD3U0csPSIs7KRcw,0.0,0.0033783783783783786,0.0,0.000274791330333528,7.554017998397095e-05,0.0,3.2550765598733497e-19,6.785136605520248e-20,0,1,1,311
UCwJnMWgAoYzlt_q3blenBvQ,0.09090909090909091,0.0,0.0,0.00012022120702091849,0.00013928361126740993,0.0,0.0,4.898723362650821e-20,1,0,1,312
UCBBpMJxaMPOxNwhYEcUUf4Q,0.0,0.0033783783783783786,0.0,0.00012022120702091849,7.554017998397095e-05,0.0,3.0950153597764974e-20,3.1984795955055947e-21,0,1,1,312
UCE2d1opx_g5iObTZbhrf2Sw,0.18181818181818182,0.0,0.0,0.00024044241404183698,0.0002030270425508489,0.0,0.0,3.1395101038036677e-20,2,0,1,313
UCx0eshfxCa_Dwd5NUmO6Y1A,0.0,0.0033783783783783786,0.0,0.00016029494269455797,7.554017998397095e-05,0.0,1.9835437264185173e-20,-7.290516772223854e-21,0,1,1,313
UCj1pWH2Zm9sZunE1WgmeOSA,0.0,0.0033783783783783786,0.0,0.00016029494269455797,7.554017998397095e-05,0.0,1.9835437264185173e-20,2.179576034469152e-19,0,1,1,313
UCU_zVpRlFFWLleakGaWZJLw,0.09090909090909091,0.0,0.0,0.00012022120702091849,0.00013928361126740993,0.0,0.0,-4.8471298497507974e-20,1,0,1,314
UCabDEkRGjuASlOyufQv4uVg,0.0,0.0033783783783783786,0.0,0.00012022120702091849,7.554017998397095e-05,0.0,-3.0624185579019797e-20,1.1782695418429334e-20,0,1,1,314
UCk60tV02epoWKIpW6Y9_pBA,0.09090909090909091,0.0,0.0,0.00012022120702091849,0.00013928361126740993,0.0,0.0,-4.589127717892747e-19,1,0,1,315
UC45JVW5phtidUxCc2hWOexw,0.0,0.0033783783783783786,0.0,0.00012022120702091849,7.554017998397095e-05,0.0,-2.899412708858966e-19,1.626021445256282e-20,0,1,1,315
UCmShcQNe2az-Y-UFQ2fKk4Q,0.09090909090909091,0.0,0.0,0.00012022120702091849,0.00013928361126740993,0.0,0.0,1.8398216545276332e-19,1,0,1,316
UC13Y-D4m6UAVFc6z6inXLNQ,0.0,0.0033783783783783786,0.0,0.00012022120702091849,7.554017998397095e-05,0.0,1.162400049659289e-19,8.383577561061957e-21,0,1,1,316
UCCtvkb3okHEHZ_TCEq-80lg,0.09090909090909091,0.0,0.0,0.00012022120702091849,0.00013928361126740993,0.0,0.0,6.715591304554587e-20,1,0,1,317
UCUBSL2CE4yUlu1jGW_TGFgg,0.0,0.0033783783783783786,0.0,0.00012022120702091849,7.554017998397095e-05,0.0,4.242913244713359e-20,-3.621993013888532e-19,0,1,1,317
UCY4S_b9UmZ4RBpk6Zl5inzQ,0.45454545454545453,0.0,0.0,0.00048088482808367395,0.0003305139051177268,0.0,0.0,1.62257514479416e-19,5,0,1,318
UCt_doyDtMfhxMRroYXLrLRw,0.0,0.0033783783783783786,0.0,0.000274791330333528,7.554017998397095e-05,0.0,1.0251436188084781e-19,-3.826474819276341e-19,0,1,1,318
UCjpdEIi_NlqPqwU9qSuAQNw,0.0,0.0033783783783783786,0.0,0.000274791330333528,7.554017998397095e-05,0.0,1.0251436188084781e-19,-2.922862748011505e-20,0,1,1,318
UC1LpXYPCIi6g27CgxYTjcGA,0.0,0.006756756756756757,0.0,0.000274791330333528,7.554017998397095e-05,0.0,2.0502872376169562e-19,-1.048148381398363e-19,0,2,2,318
UC0mZ21QkY2zncI2tq4e0Ohg,0.0,0.0033783783783783786,0.0,0.000274791330333528,7.554017998397095e-05,0.0,1.0251436188084781e-19,-3.4630061459297015e-21,0,1,1,318
UCSgMMB7P0I7yB4XK8seZPbQ,0.45454545454545453,0.0,0.0,0.0006011060351045924,0.0003942573364011658,0.0,0.0,-3.57054054860112e-20,5,0,1,319
UCoHIEiyCD76BI3w4OYvs0KQ,0.0,0.0033783783783783786,0.0,0.0003339477972803291,7.554017998397095e-05,0.0,-2.2558689320732258e-20,-9.17896660849781e-20,0,1,1,319
UCHDYDob3FXJFYZvyEbFP3XQ,0.0,0.0033783783783783786,0.0,0.0003339477972803291,7.554017998397095e-05,0.0,-2.2558689320732258e-20,2.726753543256529e-20,0,1,1,319
UCD20C3f9O9Rw51Skkp6w6rQ,0.0,0.0033783783783783786,0.0,0.0003339477972803291,7.554017998397095e-05,0.0,-2.2558689320732258e-20,4.0918550520769497e-20,0,1,1,319
UCDe5BCzEaDRTOCJE5FPwB2Q,0.0,0.0033783783783783786,0.0,0.0003339477972803291,7.554017998397095e-05,0.0,-2.2558689320732258e-20,-2.3934810897008544e-19,0,1,1,319
UCc8q4B1bj-668LMHyNXnTxQ,0.9090909090909091,0.0,0.0,0.04655422897254893,0.0009711628160786177,0.0,0.0,3.6934233223789246e-10,10,0,2,320
UCT8eAIzLq-7wKlExSRkZKYQ,0.9090909090909091,0.0033783783783783786,0.0,0.04995637222213151,0.0005351004265442212,0.0,2.3335063171915484e-10,1.1616546644008234e-05,10,1,3,320
UCkCR0C4GESfA-FeeSK4ghmQ,0.45454545454545453,0.0,0.0,0.03421159845639499,0.00036238562075944635,0.0,0.0,1.197898915551073e-10,5,0,1,320
UCFBJNd3kBLW65tUVgTN3qRA,0.45454545454545453,0.0,0.0,0.039870870102969976,0.00035176171554553983,0.0,0.0,1.241696767327669e-10,5,0,1,320
UCmlE9BeaQ1nT2FVEt0-zItA,0.45454545454545453,0.0,0.0,0.04355599081833446,0.0003484262254321626,0.0,0.0,3.785952523386792e-08,5,0,1,320
UCVGbjvKzejXdQX6sIkvvWDg,0.45454545454545453,0.0,0.0,0.0006011060351045924,0.0003942573364011658,0.0,0.0,4.250035393654237e-19,5,0,1,321
UC99vFNTOu0CEHEc72znSKHA,0.0,0.0033783783783783786,0.0,0.0003339477972803291,7.554017998397095e-05,0.0,2.685174044168867e-19,-2.3203121163639797e-20,0,1,1,321
UCNVjBQkbRy-ScoU7px4EEcw,0.0,0.0033783783783783786,0.0,0.0003339477972803291,7.554017998397095e-05,0.0,2.685174044168867e-19,-1.5693881676057844e-19,0,1,1,321
UCFnulxgx3VllIXD7gyldhcw,0.0,0.0033783783783783786,0.0,0.0003339477972803291,7.554017998397095e-05,0.0,2.685174044168867e-19,5.681926878642384e-20,0,1,1,321
UCO9zXraJgil3DkFVgRM6Ehg,0.0,0.0033783783783783786,0.0,0.0003339477972803291,7.554017998397095e-05,0.0,2.685174044168867e-19,-2.8039705868746177e-20,0,1,1,321
UCTx74iLY90_QSfO6XXG4HWQ,0.36363636363636365,0.0,0.0,0.00048088482808367395,0.0003305139051177268,0.0,0.0,1.9382054259911843e-19,4,0,2,322
UCNsDL9161lw_T27ijX_sBCA,0.0,0.0033783783783783786,0.0,0.000274791330333528,7.554017998397095e-05,0.0,1.2245589554170656e-19,-1.4507246048904015e-20,0,1,1,322
UCOykJWPWFctRojBgcVoRAkA,0.0,0.0033783783783783786,0.0,0.000274791330333528,7.554017998397095e-05,0.0,1.2245589554170656e-19,-6.086240292394398e-20,0,1,1,322
UCMMBSZmCxU3SYdLr8KX6QlA,0.0,0.0033783783783783786,0.0,0.000274791330333528,7.554017998397095e-05,0.0,1.2245589554170656e-19,4.1108798045638275e-19,0,1,1,322
UCQIACrge1Tpj4Coo2lVvygw,0.0,0.0033783783783783786,0.0,0.000274791330333528,7.554017998397095e-05,0.0,1.2245589554170656e-19,2.3358124682249457e-20,0,1,1,322
UCNxhIY9002PQGqXUsijiFrA,0.36363636363636365,0.0,0.0,0.00048088482808367395,0.0003305139051177268,0.0,0.0,-4.779840283620072e-19,4,0,3,323
UCGlPzpvXiYhU16vyr_RvHqQ,0.0,0.0033783783783783786,0.0,0.000274791330333528,7.554017998397095e-05,0.0,-3.0199049833827204e-19,-1.487471954104029e-20,0,1,1,323
UC99SxWlui6hIp9VZe64x4IA,0.0,0.0033783783783783786,0.0,0.000274791330333528,7.554017998397095e-05,0.0,-3.0199049833827204e-19,2.2443095419209607e-20,0,1,1,323
UC81MI5Z9AV16pGXYjYb0Crg,0.0,0.0033783783783783786,0.0,0.000274791330333528,7.554017998397095e-05,0.0,-3.0199049833827204e-19,-1.2617717290414594e-21,0,1,1,323
UC1WxyuIlltDFjA2TUwbCU6A,0.0,0.0033783783783783786,0.0,0.000274791330333528,7.554017998397095e-05,0.0,-3.0199049833827204e-19,-1.684033608163191e-20,0,1,1,323
UCmXMaeZJwe4c7ODV_I9aWbA,0.45454545454545453,0.0,0.0,0.0006011060351045924,0.0003942573364011658,0.0,0.0,5.953150002074289e-19,5,0,1,324
UClSx6vlTkcVsepdJ0zb-1Kg,0.0,0.0033783783783783786,0.0,0.0003339477972803291,7.554017998397095e-05,0.0,3.7612025279792776e-19,-1.187410516199943e-20,0,1,1,324
UCYp-3OU8pF-I1tT6NWGVh1g,0.0,0.0033783783783783786,0.0,0.0003339477972803291,7.554017998397095e-05,0.0,3.7612025279792776e-19,-2.4045845756401717e-19,0,1,1,324
UClk8MdwDAz-hEghX5gRYzYw,0.0,0.0033783783783783786,0.0,0.0003339477972803291,7.554017998397095e-05,0.0,3.7612025279792776e-19,-1.3148723059924894e-19,0,1,1,324
UCIR1Y9mRi5hvK637xRUubQg,0.0,0.0033783783783783786,0.0,0.0003339477972803291,7.554017998397095e-05,0.0,3.7612025279792776e-19,-3.0145210225172426e-20,0,1,1,324
UC8RCz6Ouzk0vvSQQQUtTx-g,0.45454545454545453,0.0,0.0,0.0003606636210627555,0.00026677047383428783,0.0,0.0,-8.582879963352486e-20,5,0,1,325
UCuw6i8_3NXFlLUFadZpXIYQ,0.0,0.0033783783783783786,0.0,0.00021639817263765327,7.554017998397095e-05,0.0,-5.422666958543943e-20,-1.5429886923046472e-19,0,1,1,325
UCd8kSf-mBTRp6lthAEBj-bg,0.0,0.006756756756756757,0.0,0.00021639817263765327,7.554017998397095e-05,0.0,-1.0845333917087887e-19,-2.309733959179634e-19,0,2,2,325
UCFMh7NVvK3IuWafIDiI_W7w,0.0,0.006756756756756757,0.0,0.00021639817263765327,7.554017998397095e-05,0.0,-1.0845333917087887e-19,4.809174502467968e-20,0,2,2,325
UCr2hgNDoLs7TnaeXtL1cBRw,0.45454545454545453,0.0,0.0,0.0006011060351045924,0.0003942573364011658,0.0,0.0,-6.311650881931783e-19,5,0,1,326
UC6XrsaRfksVrxzRBIdNkKiw,0.0,0.0033783783783783786,0.0,0.0003339477972803291,7.554017998397095e-05,0.0,-3.9877035257926986e-19,-1.1739062960114703e-19,0,1,1,326
UCBwxDJ9cQxvxXZG9WbFDT4g,0.0,0.0033783783783783786,0.0,0.0003339477972803291,7.554017998397095e-05,0.0,-3.9877035257926986e-19,-9.103590016637617e-20,0,1,1,326
UCPVJk4OJSebUneSFYGZts9A,0.0,0.0033783783783783786,0.0,0.0003339477972803291,7.554017998397095e-05,0.0,-3.9877035257926986e-19,-1.1979269220375007e-20,0,1,1,326
UCgvXgUr9PZO5G16QfV_izmA,0.0,0.0033783783783783786,0.0,0.0003339477972803291,7.554017998397095e-05,0.0,-3.9877035257926986e-19,1.3028420261628113e-19,0,1,1,326
UCGqSmBDo6wS5kzmx7GIlwTA,0.45454545454545453,0.0,0.0,0.0005918582499491372,0.00036238562075944635,0.0,0.0,-2.1956246656567073e-19,5,0,1,327
UCya6e5Ndik1TwkKDieyzozA,0.2727272727272727,0.0,0.0,0.0004525974852552225,0.00023489875819256837,0.0,0.0,3.32134427216093e-20,3,0,1,327
UCjQm7e25vGqTRy5U30v_JWg,0.0,0.0033783783783783786,0.0,0.0003847078624669392,7.554017998397095e-05,0.0,-1.387196532942092e-19,6.247025506574738e-20,0,1,1,327
UCdaWLRYKxbh_h7XjsebLHXw,0.0,0.006756756756756757,0.0,0.000549582660667056,7.554017998397095e-05,0.0,-1.1773538703451737e-19,4.355702253205703e-20,0,2,2,327
UCLh_wq5YM8Z1MHKQwpPj3_g,0.0,0.0033783783783783786,0.0,0.0003847078624669392,7.554017998397095e-05,0.0,-1.387196532942092e-19,5.48204169551082e-20,0,1,1,327
UC1-aIUug_3ibtPAwncpBH9g,0.45454545454545453,0.0,0.0,0.00048088482808367395,0.0003305139051177268,0.0,0.0,-5.058069713290686e-19,5,0,1,328
UCCTBJZ6ZXr3b7ZDIYQFpeeQ,0.0,0.0033783783783783786,0.0,0.000274791330333528,7.554017998397095e-05,0.0,-3.195690447191077e-19,-1.0727218649871987e-19,0,1,1,328
UCebX3EfbhGjESj9mf2EjvtQ,0.0,0.0033783783783783786,0.0,0.000274791330333528,7.554017998397095e-05,0.0,-3.195690447191077e-19,-2.1568625554709343e-19,0,1,1,328
UCKP295wxM4a8E1XwvYDPwhA,0.0,0.0033783783783783786,0.0,0.000274791330333528,7.554017998397095e-05,0.0,-3.195690447191077e-19,3.392796667211555e-19,0,1,1,328
UCZUOnGs8HiDZzLNVDLG7r_g,0.0,0.006756756756756757,0.0,0.000274791330333528,7.554017998397095e-05,0.0,-6.391380894382154e-19,3.8723553947024617e-20,0,2,2,328
UCxw0tvS9NaO2GfQDnyPsruA,0.45454545454545453,0.0,0.0,0.0006011060351045924,0.0003942573364011658,0.0,0.0,-7.79537628690115e-21,5,0,1,329
UCEGIEz13vJUz-jkSS5izqCQ,0.0,0.0033783783783783786,0.0,0.0003339477972803291,7.554017998397095e-05,0.0,-4.925121824013537e-21,-1.5928791418952746e-19,0,1,1,329
UCVASJ6Cd4DSzI6Q5Gg9L0UA,0.0,0.0033783783783783786,0.0,0.0003339477972803291,7.554017998397095e-05,0.0,-4.925121824013537e-21,-1.1188093659728978e-20,0,1,1,329
UC4Cy4E4NF2xM9NBsLFCoZKA,0.0,0.0033783783783783786,0.0,0.0003339477972803291,7.554017998397095e-05,0.0,-4.925121824013537e-21,5.436879302642341e-20,0,1,1,329
UC1NYD-zl-E5TH47kL5xe6nA,0.0,0.0033783783783783786,0.0,0.0003339477972803291,7.554017998397095e-05,0.0,-4.925121824013537e-21,2.304942242590559e-19,0,1,1,329
UC4PMTGHe8naayOsu02YZ0Fw,0.36363636363636365,0.0,0.0,0.00048088482808367395,0.0003305139051177268,0.0,0.0,1.4998473001316463e-19,4,0,1,330
UCyvGwFwUIes2vu8Bo3VXRdg,0.0,0.0033783783783783786,0.0,0.000274791330333528,7.554017998397095e-05,0.0,9.476041179665282e-20,4.300988905228047e-20,0,1,1,330
UC3w1n3iCWL5wrk-hpqUas8g,0.0,0.0033783783783783786,0.0,0.000274791330333528,7.554017998397095e-05,0.0,9.476041179665282e-20,1.0715537785081361e-19,0,1,1,330
UC2LWLXE5NTN-HurBeN_imzw,0.0,0.0033783783783783786,0.0,0.000274791330333528,7.554017998397095e-05,0.0,9.476041179665282e-20,1.7542558196830393e-19,0,1,1,330
UCMf3YREG7cVztSTlyAOf0Pg,0.0,0.0033783783783783786,0.0,0.000274791330333528,7.554017998397095e-05,0.0,9.476041179665282e-20,2.441546645192394e-20,0,1,1,330
UC9sC-an-vKYKvFuNpvC8QJw,0.09090909090909091,0.0,0.0,0.00012022120702091849,0.00013928361126740993,0.0,0.0,9.072044997071604e-20,1,0,2,331
UCEx467890s9fGbsufnqs5_A,0.0,0.0033783783783783786,0.0,0.00012022120702091849,7.554017998397095e-05,0.0,5.731721620493053e-20,1.879909076761186e-20,0,1,1,331
UCQLyiJ-p7XN5jTuWb-7zh_Q,0.09090909090909091,0.0,0.0,0.00012022120702091849,0.00013928361126740993,0.0,0.0,9.059299641564996e-20,1,0,1,332
UCPCfOXa_7enL-OfMzDmRX5g,0.0,0.0033783783783783786,0.0,0.00012022120702091849,7.554017998397095e-05,0.0,5.723669099838485e-20,-2.809921017840182e-20,0,1,1,332
UCQonb6AWKp-AuXWdlamLBDw,0.36363636363636365,0.0,0.0,0.0003606636210627555,0.00026677047383428783,0.0,0.0,-5.275572859311294e-20,4,0,2,333
UCgMC35ZJGtepjSYQw_s0qrA,0.0,0.006756756756756757,0.0,0.00021639817263765327,7.554017998397095e-05,0.0,-6.666218041899389e-20,1.9730718186923545e-19,0,2,2,333
UC8EXtHIRoHqb2roMoySHRgA,0.0,0.0033783783783783786,0.0,0.00021639817263765327,7.554017998397095e-05,0.0,-3.3331090209496945e-20,1.0634917790784437e-20,0,1,1,333
UC0c5L4HmoZZmpFd7KfsMPnA,0.0,0.0033783783783783786,0.0,0.00021639817263765327,7.554017998397095e-05,0.0,-3.3331090209496945e-20,-8.897070749188238e-20,0,1,1,333
UCR4SQE9OJzzvkW777nrP3kA,0.45454545454545453,0.0,0.0,0.0006182804932504379,0.00036238562075944635,0.0,0.0,-4.522347343019843e-19,5,0,1,334
UCSOnrB887ku9lqaeLxE53SQ,0.09090909090909091,0.0,0.0,0.0002885308968502044,0.00010741189562569042,0.0,0.0,-1.137390258701429e-19,1,0,1,334
UCdB_CRGkand5u9hCinuhyXg,0.0,0.006756756756756757,0.0,0.00043279634527530655,7.554017998397095e-05,0.0,-3.5758244572833085e-19,7.317014918226355e-21,0,2,2,334
UCuSPZa_wp4ma6NyqGf40Sig,0.0,0.0033783783783783786,0.0,0.0003606636210627555,7.554017998397095e-05,0.0,-2.8572208415779714e-19,3.1108939471907643e-20,0,1,1,334
UCTXe-VldcEOhEkSKHLGU4JA,0.0,0.0033783783783783786,0.0,0.0003606636210627555,7.554017998397095e-05,0.0,-2.8572208415779714e-19,5.480153001621686e-22,0,1,1,334
UCawlcJBPkXuD0UBgTsodUoQ,0.45454545454545453,0.0,0.0,0.00048088482808367395,0.0003305139051177268,0.0,0.0,1.1823470775470795e-19,5,0,1,335
UCghB9B_cxaEZlCx67cdzB5w,0.0,0.0033783783783783786,0.0,0.000274791330333528,7.554017998397095e-05,0.0,7.47007351649039e-20,-3.264199081260546e-21,0,1,1,335
UCgMLz_OsB_RMtFJTx0MIXeg,0.0,0.006756756756756757,0.0,0.000274791330333528,7.554017998397095e-05,0.0,1.494014703298078e-19,3.3573471679782147e-20,0,2,2,335
UCKoJIFZyE88C6MFj9mkWvdg,0.0,0.0033783783783783786,0.0,0.000274791330333528,7.554017998397095e-05,0.0,7.47007351649039e-20,-2.689059698129232e-22,0,1,2,335
UCxEP6rKVVC985ns9fLo2-RQ,0.0,0.0033783783783783786,0.0,0.000274791330333528,7.554017998397095e-05,0.0,7.47007351649039e-20,-4.1578260000842004e-20,0,1,1,335
UCU2u1W3movwnLK2dq1oGaCw,0.45454545454545453,0.0,0.0,0.0006011060351045924,0.0003942573364011658,0.0,0.0,-4.004480357483815e-19,5,0,1,336
UCuy9hjUn9C9xLR49dNspjKA,0.0,0.0033783783783783786,0.0,0.0003339477972803291,7.554017998397095e-05,0.0,-2.530032275108718e-19,-1.2376380654186355e-20,0,1,1,336
UC0qpSiib5YEYGU5oft_-XbA,0.0,0.0033783783783783786,0.0,0.0003339477972803291,7.554017998397095e-05,0.0,-2.530032275108718e-19,-1.9421505150457373e-21,0,1,1,336
UCo77kB_q4SmHEAOEg_qCczw,0.0,0.0033783783783783786,0.0,0.0003339477972803291,7.554017998397095e-05,0.0,-2.530032275108718e-19,1.5066451015901587e-19,0,1,1,336
UC2il0sVCBI1gGtw6dxuegOQ,0.0,0.0033783783783783786,0.0,0.0003339477972803291,7.554017998397095e-05,0.0,-2.530032275108718e-19,1.3660779535306853e-19,0,1,1,336
UCKXc03j_M8TTm6_6c3CfUEw,0.36363636363636365,0.0,0.0,0.0003756912719403703,0.0002348987581925684,0.0,0.0,2.0643598516399938e-19,4,0,2,337
UCNhzBP5i1hyM7-Y0HKEKrHw,0.18181818181818182,0.0,0.0,0.0003005530175522962,0.00017115532690912942,0.0,0.0,4.03197549124961e-20,2,0,1,337
UCVg77cYgFfK_R2WVhhlbNBw,0.0,0.006756756756756757,0.0,0.00025046084796024687,7.554017998397095e-05,0.0,2.608526742965271e-19,2.172036322253845e-20,0,2,2,337
UC_49A1MiumgAMf1_ranbOZw,0.0,0.0033783783783783786,0.0,0.00025046084796024687,7.554017998397095e-05,0.0,1.3042633714826355e-19,5.999169612062641e-20,0,1,1,337
UCo3QUqO4dqyFkdTeN5VlgVA,0.0,0.006756756756756757,0.0,0.0003756912719403703,7.554017998397095e-05,0.0,1.5590037426332778e-19,9.395849464280039e-20,0,2,2,337
UC3rUucBM1L4yloA8G2MZkYA,0.2727272727272727,0.0,0.0,0.0003606636210627555,0.00026677047383428783,0.0,0.0,6.292738743467312e-20,3,0,2,338
UC9CFZpNb802-RejtPbPzm1Q,0.0,0.0033783783783783786,0.0,0.00021639817263765327,7.554017998397095e-05,0.0,3.9757548292241135e-20,-1.9369126104062202e-20,0,1,1,338
UC8H29ft5w289Llw8GtgZj4Q,0.0,0.0033783783783783786,0.0,0.00021639817263765327,7.554017998397095e-05,0.0,3.9757548292241135e-20,1.168023462313259e-20,0,1,1,338
UCfY1fml3U17BHjxTlTg57UA,0.0,0.0033783783783783786,0.0,0.00021639817263765327,7.554017998397095e-05,0.0,3.9757548292241135e-20,4.963425746135324e-22,0,1,1,338
UC21J7yMOPSqeFzU1-Y3wgJw,0.45454545454545453,0.0,0.0,0.0007273383024765569,0.0003198899999038203,0.0,0.0,-4.39322348247799e-19,5,0,1,339
UCNZXtrZmDW5wNOP7b0CGzrg,0.45454545454545453,0.0,0.0,0.0005594910019050438,0.00022427485297866185,0.0,0.0,9.642155100613304e-20,5,0,1,339
UCiATKqxu7uPctF4Sn1kSEng,0.18181818181818182,0.0,0.0,0.0005195273589118264,0.00016053142169522293,0.0,0.0,-8.632328643167166e-20,2,0,1,339
UCT4foEVQzSlT44d-IbrFsDQ,0.09090909090909091,0.0,0.0,0.0003828096328823984,0.00010741189562569042,0.0,0.0,2.6785763723219816e-19,1,0,1,339
UC0ihb340rH4cOn9QJVI7d_g,0.0,0.006756756756756757,0.0,0.0005195273589118264,7.554017998397095e-05,0.0,-1.0833147229725498e-19,1.0387476222477516e-19,0,2,2,339
UCGDJ3ggDV3EVvlF65zE7mrA,0.45454545454545453,0.0,0.0,0.0006011060351045924,0.0003942573364011658,0.0,0.0,2.7336335400702993e-19,5,0,1,340
UCeXQrH0K-NSmV44rfeRdiJA,0.0,0.0033783783783783786,0.0,0.0003339477972803291,7.554017998397095e-05,0.0,1.7271107527777435e-19,-8.480041234309566e-20,0,1,1,340
UCoX-1kKRU_D86PAdQlKlqEA,0.0,0.0033783783783783786,0.0,0.0003339477972803291,7.554017998397095e-05,0.0,1.7271107527777435e-19,-5.02910881671774e-20,0,1,1,340
UCUeABiYANrWBSgrtMBKoikw,0.0,0.0033783783783783786,0.0,0.0003339477972803291,7.554017998397095e-05,0.0,1.7271107527777435e-19,3.0034378347919086e-21,0,1,1,340
UCXZJZ6JWiTRc8Ft0nIRaDxQ,0.0,0.0033783783783783786,0.0,0.0003339477972803291,7.554017998397095e-05,0.0,1.7271107527777435e-19,5.810401725809444e-20,0,1,1,340
UC--AGbFDfhEnX2nuq8DWpZQ,0.36363636363636365,0.0,0.0,0.00048088482808367395,0.0003305139051177268,0.0,0.0,-1.0068577405221883e-19,4,0,2,341
UCJTJsCpsKNYoQbWuDrXf5Ow,0.0,0.0033783783783783786,0.0,0.000274791330333528,7.554017998397095e-05,0.0,-6.361331190458889e-20,2.376918333722507e-19,0,1,1,341
UCgMsBHRM1LW2E68AnrpllXg,0.0,0.0033783783783783786,0.0,0.000274791330333528,7.554017998397095e-05,0.0,-6.361331190458889e-20,9.709018684552115e-21,0,1,1,341
UCx-kJnWi3lp-VPMSakvvBvg,0.0,0.0033783783783783786,0.0,0.000274791330333528,7.554017998397095e-05,0.0,-6.361331190458889e-20,1.520849826013227e-19,0,1,1,341
UCY9N3PEUU7lyy9KSnebVZRg,0.0,0.0033783783783783786,0.0,0.000274791330333528,7.554017998397095e-05,0.0,-6.361331190458889e-20,-3.330328831314216e-20,0,1,1,341
UCsI7osiUiMMYMkeOi3ON0VA,0.2727272727272727,0.0,0.0,0.0003606636210627555,0.00026677047383428783,0.0,0.0,-7.536664054715028e-20,3,0,1,342
UCi04CyiDA-solGjihhWuFhg,0.0,0.0033783783783783786,0.0,0.00021639817263765327,7.554017998397095e-05,0.0,-4.76166733330214e-20,-4.935982681069764e-21,0,1,1,342
UCQRd8iIrCUUziLGL9eY5PvA,0.0,0.0033783783783783786,0.0,0.00021639817263765327,7.554017998397095e-05,0.0,-4.76166733330214e-20,1.5905996093803738e-20,0,1,1,342
UCo7L6UF0CYYzEzaeIvGtKMg,0.0,0.0033783783783783786,0.0,0.00021639817263765327,7.554017998397095e-05,0.0,-4.76166733330214e-20,-5.478867779969672e-20,0,1,1,342
UCTAsPHuxGE8CIJmVIxjpwCA,0.36363636363636365,0.0,0.0,0.0003606636210627555,0.00026677047383428783,0.0,0.0,-1.1280081065276815e-19,4,0,2,343
UC4ibzAMcGrUdpoJI8_Xw4vA,0.0,0.006756756756756757,0.0,0.00021639817263765327,7.554017998397095e-05,0.0,-1.4253519364957166e-19,-4.326277882672065e-22,0,2,2,343
UC98HmUn6upwXS4cBYKp5r_A,0.0,0.0033783783783783786,0.0,0.00021639817263765327,7.554017998397095e-05,0.0,-7.126759682478583e-20,9.430267263368006e-21,0,1,1,343
UCuvq0LqyrmRnR8KE1bV7tkA,0.0,0.0033783783783783786,0.0,0.00021639817263765327,7.554017998397095e-05,0.0,-7.126759682478583e-20,2.748624106647567e-20,0,1,1,343
UCA5xF_x-0xWuc9p1IROwZeg,0.36363636363636365,0.0,0.0,0.00048088482808367395,0.0003305139051177268,0.0,0.0,-1.0807632175118236e-20,4,0,1,344
UCYGo70VHLZMqsrNRnpKBJsg,0.0,0.0033783783783783786,0.0,0.000274791330333528,7.554017998397095e-05,0.0,-6.828266286648428e-21,-3.727968002190455e-21,0,1,1,344
UCsNW9UD8_wcpqaQuCD0VZBQ,0.0,0.0033783783783783786,0.0,0.000274791330333528,7.554017998397095e-05,0.0,-6.828266286648428e-21,-9.34060264012059e-21,0,1,1,344
UCzdy76ESpD_n7hVr_kBa5DA,0.0,0.0033783783783783786,0.0,0.000274791330333528,7.554017998397095e-05,0.0,-6.828266286648428e-21,2.0471727364871207e-20,0,1,1,344
UCVR82eMlO7eOOKdn_5q83KQ,0.0,0.0033783783783783786,0.0,0.000274791330333528,7.554017998397095e-05,0.0,-6.828266286648428e-21,-4.713524321682819e-21,0,1,1,344
UChR7jk4ctykhbXRDIh6Kd8Q,0.36363636363636365,0.0,0.0,0.0003847078624669392,0.00022427485297866185,0.0,0.0,7.879633532539526e-20,4,0,1,345
UCtPlhJaoaHi-YxLpPiIMW7w,0.2727272727272727,0.0,0.0,0.00048088482808367395,0.00013397165866045667,0.0,0.0,-1.0269763720010123e-19,3,0,3,345
UC6ytZ3wxRHSDLXqAcJpsJJA,0.09090909090909091,0.0,0.0,0.00032058988538911595,9.14760378048307e-05,0.0,0.0,-1.1516420985570296e-19,1,0,1,345
UCRULAEWSa4ImBKbC9IikbJQ,0.09090909090909091,0.0,0.0,0.00032058988538911595,9.14760378048307e-05,0.0,0.0,-9.494747330665062e-21,1,0,1,345
UCSs3aObNXCV138jnNpzV5JA,0.09090909090909091,0.0,0.0,0.00032058988538911595,9.14760378048307e-05,0.0,0.0,2.967326452608745e-20,1,0,1,345
UC_1bn2kJotL1sHRi6TEveNQ,0.18181818181818182,0.0,0.0,0.00024044241404183698,0.0002030270425508489,0.0,0.0,1.8830911470818474e-19,2,0,1,346
UCH15mApGffgJ_e-LKh8Fw2A,0.0,0.0033783783783783786,0.0,0.00016029494269455797,7.554017998397095e-05,0.0,1.1897377321841012e-19,-4.220647495972004e-20,0,1,1,346
UCy11CK0cMLV4NsXDJHPzzwg,0.0,0.0033783783783783786,0.0,0.00016029494269455797,7.554017998397095e-05,0.0,1.1897377321841012e-19,-5.1080892705627065e-20,0,1,1,346
UC3LK-4ictJLJ7P_AsU6iwWw,0.09090909090909091,0.0,0.0,0.00012022120702091849,0.00013928361126740993,0.0,0.0,1.3807792614357675e-20,1,0,1,347
UC8_Y6G1xIVyIhGmS96c8E3A,0.0,0.0033783783783783786,0.0,0.00012022120702091849,7.554017998397095e-05,0.0,8.723768839831025e-21,6.859668985098746e-21,0,1,1,347
UCKqxYxdRfAFPGsOh8PnVK6g,0.09090909090909091,0.0,0.0,0.00012022120702091849,0.00013928361126740993,0.0,0.0,1.092970197211814e-19,1,0,1,348
UCnZW1Uyw7LXPBoCKiA0WBLw,0.0,0.0033783783783783786,0.0,0.00012022120702091849,7.554017998397095e-05,0.0,6.90539003271664e-20,-2.896787917897223e-20,0,1,1,348
UCmnCVFpOMaFSGZn6wF0gGgw,0.45454545454545453,0.0,0.0,0.00048088482808367395,0.0003305139051177268,0.0,0.0,2.512121230800145e-20,5,0,1,349
UCZha-WGSKx_xS-P58GtZaLA,0.0,0.006756756756756757,0.0,0.000274791330333528,7.554017998397095e-05,0.0,3.174318376181918e-20,-5.372067893806557e-20,0,2,2,349
UCzveO5BXiGmb0XztUG12aXQ,0.0,0.0033783783783783786,0.0,0.000274791330333528,7.554017998397095e-05,0.0,1.587159188090959e-20,-4.5886990921924003e-20,0,1,1,349
UC1Nt_UGVQiBpZ7hJpScifQw,0.0,0.0033783783783783786,0.0,0.000274791330333528,7.554017998397095e-05,0.0,1.587159188090959e-20,-1.1424007482404276e-19,0,1,1,349
UCiSBA9xyYq8coGfamXFh7GQ,0.0,0.0033783783783783786,0.0,0.000274791330333528,7.554017998397095e-05,0.0,1.587159188090959e-20,-4.241593366609054e-20,0,1,1,349
UC1KXx2JIqaiCv_G1LH-biEw,0.18181818181818182,0.0,0.0,0.00024044241404183698,0.0002030270425508489,0.0,0.0,-7.475700293778026e-20,2,0,1,350
UC4TukzYbBTjLj1Cdv2aBKig,0.0,0.0033783783783783786,0.0,0.00016029494269455797,7.554017998397095e-05,0.0,-4.723150405008467e-20,-3.12362784468756e-20,0,1,1,350
UCn1x2nWPmCEGr534E9ol9ug,0.0,0.0033783783783783786,0.0,0.00016029494269455797,7.554017998397095e-05,0.0,-4.723150405008467e-20,-2.2846090737661938e-20,0,1,1,350
UCVqPFEZYbQJXrg5G6LVTHdg,0.09090909090909091,0.0,0.0,0.00012022120702091849,0.00013928361126740993,0.0,0.0,7.542121702445177e-20,1,0,1,351
UCkoTkTu8keFtPx5JZyicmKw,0.0,0.0033783783783783786,0.0,0.00012022120702091849,7.554017998397095e-05,0.0,4.765115477298563e-20,9.83986800715967e-21,0,1,1,351
UCTh7iE0rwfHPoXpTPANg91A,0.09090909090909091,0.0,0.0,0.00012022120702091849,0.00013928361126740993,0.0,0.0,2.763887143815926e-19,1,0,1,352
UCer_L2MoG6LQPO5-V_LrYHw,0.0,0.0033783783783783786,0.0,0.00012022120702091849,7.554017998397095e-05,0.0,1.7462249916007002e-19,2.243133326175865e-21,0,1,1,352
UC-er1wS-Yk5n3WpLxLu55cw,0.09090909090909091,0.0,0.0,0.00012022120702091849,0.00013928361126740993,0.0,0.0,-3.0034438830061246e-19,1,0,1,353
UC3urdOgpoMR7_5JD0L_3kDA,0.0,0.0033783783783783786,0.0,0.00012022120702091849,7.554017998397095e-05,0.0,-1.8975770342542029e-19,1.0764824494337056e-19,0,1,2,353
UCmkDbijw7DhDbxO5IKtVmlw,0.09090909090909091,0.0,0.0,0.00012022120702091849,0.00013928361126740993,0.0,0.0,-1.0619346241592951e-19,1,0,1,354
UCQppqb-x--am1F6A7EMrqxA,0.0,0.0033783783783783786,0.0,0.00012022120702091849,7.554017998397095e-05,0.0,-6.709307159310549e-20,-5.642384961652988e-21,0,1,1,354
UCjoDmHoPIL0pNGQ3mR4GomQ,0.2727272727272727,0.0,0.0,0.0003606636210627555,0.00026677047383428783,0.0,0.0,6.73683155403325e-20,3,0,1,355
UCgDuFgJQ4a0TJ8HCDnW8i3w,0.0,0.0033783783783783786,0.0,0.00021639817263765327,7.554017998397095e-05,0.0,4.256332842742339e-20,-4.156193873416272e-21,0,1,1,355
UCLsnviZEfEHBNg7jda2hxLg,0.0,0.0033783783783783786,0.0,0.00021639817263765327,7.554017998397095e-05,0.0,4.256332842742339e-20,2.8933013659896113e-20,0,1,1,355
UCwM1uLq4GE2g1xZl35YmjDQ,0.0,0.0033783783783783786,0.0,0.00021639817263765327,7.554017998397095e-05,0.0,4.256332842742339e-20,-7.859639287966774e-20,0,1,1,355
UCRIb5jMLoLhcEXnQSPmM54Q,0.18181818181818182,0.0,0.0,0.00024044241404183698,0.0002030270425508489,0.0,0.0,-5.968601915291449e-20,2,0,1,356
UCtflKz6Dts5qG8kBp1qiv4g,0.0,0.0033783783783783786,0.0,0.00016029494269455797,7.554017998397095e-05,0.0,-3.770965052866815e-20,-7.023599299607712e-20,0,1,1,356
UCnkePQVVgdVeG8LcJnErB7A,0.0,0.0033783783783783786,0.0,0.00016029494269455797,7.554017998397095e-05,0.0,-3.770965052866815e-20,4.360488089867337e-21,0,1,1,356
UC-sCBNN4UILwPP95M9ixHWA,0.09090909090909091,0.0,0.0,0.00016029494269455797,0.00010741189562569042,0.0,0.0,-5.609200830768093e-20,1,0,1,357
UCstmKFZCCi4EXQ4HbdXE8Ug,0.09090909090909091,0.0,0.0,0.00016029494269455797,0.00010741189562569042,0.0,0.0,-4.3793923144384113e-20,1,0,1,357
UCKb2U5Om-DVNouwz8mc7NKg,0.0,0.006756756756756757,0.0,0.00024044241404183698,7.554017998397095e-05,0.0,-6.310797103317868e-20,1.9860156720620555e-20,0,2,2,357
UC56VQpPZHkhlan1g-L0G4cA,0.09090909090909091,0.0,0.0,0.00012022120702091849,0.00013928361126740993,0.0,0.0,3.194485865044444e-20,1,0,1,358
UCSuA_9InprXUQ9vQNXy8pPg,0.0,0.0033783783783783786,0.0,0.00012022120702091849,7.554017998397095e-05,0.0,2.0182774341336502e-20,-5.2141933701625585e-20,0,1,1,358
UCkrrTJgVa11r3u0ONYUoalw,0.45454545454545453,0.0,0.0,0.0006011060351045924,0.0003942573364011658,0.0,0.0,-6.504795043582489e-20,5,0,1,359
UCZx4IivAi6QuaNkZ2w0Ewzw,0.0,0.0033783783783783786,0.0,0.0003339477972803291,7.554017998397095e-05,0.0,-4.10973208358344e-20,2.3881815839394784e-22,0,1,1,359
UCOQLDGCdRA7nbXgtF_rJdRA,0.0,0.0033783783783783786,0.0,0.0003339477972803291,7.554017998397095e-05,0.0,-4.10973208358344e-20,-5.945622689138823e-21,0,1,1,359
UCIixefX65Pc083FTjkdEu7g,0.0,0.0033783783783783786,0.0,0.0003339477972803291,7.554017998397095e-05,0.0,-4.10973208358344e-20,-7.840600486802426e-20,0,1,1,359
UC2hRCNJBEAqE33EbIME58xw,0.0,0.0033783783783783786,0.0,0.0003339477972803291,7.554017998397095e-05,0.0,-4.10973208358344e-20,-6.347112420103512e-21,0,1,1,359
UCoQc_GwTZl2J2bAVxud6WQA,0.45454545454545453,0.0,0.0,0.00048088482808367395,0.0003305139051177268,0.0,0.0,8.104935345591241e-20,5,0,1,360
UCHKG6AouHjHOYa0zspZgmDw,0.0,0.006756756756756757,0.0,0.000274791330333528,7.554017998397095e-05,0.0,1.0241402719677669e-19,3.7550606880257574e-20,0,2,2,360
UCzxbAuo11CdIWi-YpS0jLfA,0.0,0.0033783783783783786,0.0,0.000274791330333528,7.554017998397095e-05,0.0,5.1207013598388344e-20,-1.937020912091707e-20,0,1,1,360
UCGiG4HRGDEB7OU2aF_CrPvg,0.0,0.0033783783783783786,0.0,0.000274791330333528,7.554017998397095e-05,0.0,5.1207013598388344e-20,5.789312367419278e-21,0,1,1,360
UCwRTuY2Nw-gIn6lcM2H2obA,0.0,0.0033783783783783786,0.0,0.000274791330333528,7.554017998397095e-05,0.0,5.1207013598388344e-20,1.9083619201225054e-20,0,1,1,360
UCc14fdwyE226m3xLOhWgfKg,0.45454545454545453,0.0,0.0,0.0023004274768228406,0.0005035077991137081,0.0,0.0,2.388887927752284e-19,5,0,1,361
UC9cZuRaYO0lPtQxx37pqsPQ,0.45454545454545453,0.0,0.0,0.002499502931547894,0.0003668255515610275,0.0,0.0,1.4950912176905273e-19,5,0,1,361
UCWvCXD3qVgj3F2KWnWb3myQ,0.45454545454545453,0.0,0.0,0.00124675445986082,0.00036238562075944635,0.0,0.0,-2.6859942088652553e-19,5,0,1,361
UCXiCHGhUXeUa-OtI5_wTryQ,0.45454545454545453,0.0,0.0,0.0016934742988988993,0.00036238562075944635,0.0,0.0,1.2540197247552146e-19,5,0,1,361
UCXLvP28LLGXjU5iMY7Fr4pQ,0.45454545454545453,0.0,0.0,0.0016297699365578748,0.00036238562075944635,0.0,0.0,2.1845600433890305e-19,5,0,1,361
UCPBx9PMapxjIKnhl4Md7mgw,0.45454545454545453,0.0,0.0,0.0010925066661664554,0.00036238562075944635,0.0,0.0,-1.0340649869933896e-18,5,0,1,362
UC_dH6Vzq9W4IhwLAVB1z_wQ,0.45454545454545453,0.0,0.0,0.0017571495048988998,0.0003396201095867895,0.0,0.0,-8.045796571636841e-19,5,0,1,362
UCOkAi5cGZZk44EFmIWByBvA,0.45454545454545453,0.0,0.0,0.001798172450538563,0.0003384818340281567,0.0,0.0,-6.217179695116314e-20,5,0,1,362
UCY7iq0-xiiQteecU3m-ZmqA,0.45454545454545453,0.0,0.0,0.001798172450538563,0.0003384818340281567,0.0,0.0,-1.0867726290013581e-19,5,0,1,362
UCXq3J0Jg7XsNUd3wqT8Xg7w,0.45454545454545453,0.0,0.0,0.001448684388051444,0.0003305139051177268,0.0,0.0,2.006888206955451e-19,5,0,1,362
UChG20RpcYzEnwZflBPmetmA,0.45454545454545453,0.0,0.0,0.0006011060351045924,0.0003942573364011658,0.0,0.0,2.1150937631883798e-19,5,0,1,363
UCmM0LUMdk6bJXUJcgH7BxBw,0.0,0.0033783783783783786,0.0,0.0003339477972803291,7.554017998397095e-05,0.0,1.3363170768828987e-19,1.9067792446215904e-20,0,1,1,363
UCUTbyZjgnYHCDgdSFbnEL2Q,0.0,0.0033783783783783786,0.0,0.0003339477972803291,7.554017998397095e-05,0.0,1.3363170768828987e-19,9.344049607082689e-20,0,1,1,363
UCWg7p4Ley0AEO6bExhxoglA,0.0,0.0033783783783783786,0.0,0.0003339477972803291,7.554017998397095e-05,0.0,1.3363170768828987e-19,-2.7680549349030397e-19,0,1,1,363
UCwxCRoUCwERnF69d7wK5r3w,0.0,0.0033783783783783786,0.0,0.0003339477972803291,7.554017998397095e-05,0.0,1.3363170768828987e-19,1.0890529523056977e-19,0,1,1,363
UCfRgvTRHFqcHjDirsCXUSHg,0.45454545454545453,0.0,0.0,0.0006156783026222795,0.00036238562075944635,0.0,0.0,2.049405671517824e-19,5,0,1,364
UCxCS675UQlT_2xufwtU5dyw,0.45454545454545453,0.0,0.0,0.0007524957032050083,0.0003198899999038203,0.0,0.0,1.3100284403971389e-19,5,0,1,364
UCQTYKdRYOOSyZ8V_KGw5vMg,0.45454545454545453,0.0,0.0,0.0004955459508911031,0.00024552266340647485,0.0,0.0,-4.695156560655371e-20,5,0,1,364
UCR4AU_Yj1ckA_QceO4NEq5A,0.0,0.0033783783783783786,0.0,0.0005209585637573134,7.554017998397095e-05,0.0,8.276764872428257e-20,-1.240509138922382e-20,0,1,1,364
UC2gVqW0wv0JtIkPWmlvjZzQ,0.0,0.0033783783783783786,0.0,0.0005209585637573134,7.554017998397095e-05,0.0,8.276764872428257e-20,-1.1401993141934247e-19,0,1,1,364
UCmtgz3p_CPztUh3HFNKFoHg,0.18181818181818182,0.0,0.0,0.00024044241404183698,0.0002030270425508489,0.0,0.0,-1.7979319015572342e-19,2,0,1,365
UC6tL-UfCYyfDh3pLmv1g3bA,0.0,0.0033783783783783786,0.0,0.00016029494269455797,7.554017998397095e-05,0.0,-1.1359340871497278e-19,1.7263879776876095e-20,0,1,1,365
UCRmWoM_mTkxf-I2GS9imKiw,0.0,0.0033783783783783786,0.0,0.00016029494269455797,7.554017998397095e-05,0.0,-1.1359340871497278e-19,1.423942927731877e-19,0,1,1,365
UC0aXVsSohMGLMtuAhaE7Dag,0.36363636363636365,0.0,0.0,0.00048088482808367395,0.0003305139051177268,0.0,0.0,-4.743326204478025e-19,4,0,1,366
UCwHKhxUoEJtqB14stdmHBiQ,0.0,0.0033783783783783786,0.0,0.000274791330333528,7.554017998397095e-05,0.0,-2.9968353737259758e-19,-5.6492259910438825e-21,0,1,1,366
UCay07k_2BtWOpnRnIKn5Otw,0.0,0.0033783783783783786,0.0,0.000274791330333528,7.554017998397095e-05,0.0,-2.9968353737259758e-19,-8.54206280196347e-20,0,1,1,366
UCosAt1cmVd8Xyxu446rcgfA,0.0,0.0033783783783783786,0.0,0.000274791330333528,7.554017998397095e-05,0.0,-2.9968353737259758e-19,1.953685686610425e-20,0,1,1,366
UCPo4a2W3qOVhwEdjX7mfXsw,0.0,0.0033783783783783786,0.0,0.000274791330333528,7.554017998397095e-05,0.0,-2.9968353737259758e-19,-8.226458252726713e-20,0,1,1,366
UCkXdlsGE73KBV29UlACENzw,0.18181818181818182,0.0,0.0,0.00024044241404183698,0.0002030270425508489,0.0,0.0,7.845935577820993e-20,2,0,1,367
UCEiCLvQyfos05NZCGIVYP4Q,0.0,0.0033783783783783786,0.0,0.00016029494269455797,7.554017998397095e-05,0.0,4.9570652040315603e-20,2.898147047793701e-21,0,1,1,367
UCxVPu2FTFkzKMSutyg1FdwQ,0.0,0.0033783783783783786,0.0,0.00016029494269455797,7.554017998397095e-05,0.0,4.9570652040315603e-20,-1.4367064553502414e-19,0,1,2,367
UC5ok7d2yW5Qr5v7CC_ycR4Q,0.45454545454545453,0.0,0.0,0.00048088482808367395,0.0003305139051177268,0.0,0.0,1.1092741666671947e-19,5,0,1,368
UCVh4_ojVb4VfL6JvfnVBQ8A,0.0,0.006756756756756757,0.0,0.000274791330333528,7.554017998397095e-05,0.0,1.4016797152556258e-19,-6.14140296224003e-20,0,2,2,368
UCzOEVY-enESeE1u6zFIG6ew,0.0,0.0033783783783783786,0.0,0.000274791330333528,7.554017998397095e-05,0.0,7.008398576278129e-20,4.558810570137927e-20,0,1,1,368
UCwYv3KZIWp7NW-SNqMIL0rg,0.0,0.0033783783783783786,0.0,0.000274791330333528,7.554017998397095e-05,0.0,7.008398576278129e-20,-9.512353343460029e-22,0,1,1,368
UC42O3XmOOHkNqZvrsmhh4lw,0.0,0.0033783783783783786,0.0,0.000274791330333528,7.554017998397095e-05,0.0,7.008398576278129e-20,1.6466436013552204e-20,0,1,1,368
UCpky6Bqzkiy1Ov2_I5tgnbw,0.18181818181818182,0.0,0.0,0.00024044241404183698,0.0002030270425508489,0.0,0.0,3.9635814857064996e-19,2,0,1,369
UC1YqCI4LPw0t-dieLWldsXQ,0.0,0.0033783783783783786,0.0,0.00016029494269455797,7.554017998397095e-05,0.0,2.5041923517292063e-19,-2.8598796855758554e-20,0,1,1,369
UCeyET9j1mvzflPeyEovRT6Q,0.0,0.0033783783783783786,0.0,0.00016029494269455797,7.554017998397095e-05,0.0,2.5041923517292063e-19,-2.376869503242795e-20,0,1,1,369
UCicAhogSht8BnfmBJMs5mig,0.18181818181818182,0.0,0.0,0.000274791330333528,0.00017115532690912942,0.0,0.0,1.30019036185639e-20,2,0,2,370
UCkQxbHIxKXKKnYTANCCcQRA,0.18181818181818182,0.0,0.0,0.000274791330333528,0.00017115532690912942,0.0,0.0,-4.5257079113108394e-20,2,0,1,370
UCqYehxSqZcjRBiR5leHO8OQ,0.0,0.006756756756756757,0.0,0.00032058988538911595,7.554017998397095e-05,0.0,-2.03788326462838e-20,5.160384174875569e-21,0,2,2,370
UCcNsvxCXHiPYDtqEPNODckQ,0.0,0.0033783783783783786,0.0,0.0001923539312334696,7.554017998397095e-05,0.0,8.214607853261882e-21,3.27802883063731e-20,0,1,1,370
UCi55XfHGD0jRF5Oo1q4HIzw,0.0,0.0033783783783783786,0.0,0.0001923539312334696,7.554017998397095e-05,0.0,-2.8593440499545683e-20,4.9206115083868e-20,0,1,1,370
UCc5VerJ-jaX1A4F04AcOSdw,0.45454545454545453,0.0,0.0,0.0006011060351045924,0.0003942573364011658,0.0,0.0,-5.345089607771668e-19,5,0,1,371
UCVPC9q3JpzA5DpS3HAmuQmw,0.0,0.0033783783783783786,0.0,0.0003339477972803291,7.554017998397095e-05,0.0,-3.3770297301464983e-19,3.395898685536377e-20,0,1,1,371
UCH1jqavzBmktYoYgvHdi9Ww,0.0,0.0033783783783783786,0.0,0.0003339477972803291,7.554017998397095e-05,0.0,-3.3770297301464983e-19,2.8548898274392125e-20,0,1,1,371
UCDvNxbHLr5Huhd669uSB8WQ,0.0,0.0033783783783783786,0.0,0.0003339477972803291,7.554017998397095e-05,0.0,-3.3770297301464983e-19,-2.525052976484373e-20,0,1,1,371
UCwvIWkh1Op6aRovvqZC4e1g,0.0,0.0033783783783783786,0.0,0.0003339477972803291,7.554017998397095e-05,0.0,-3.3770297301464983e-19,2.0908276999055213e-20,0,1,1,371
UC9IBMUelj4A5sTAdprrTp4Q,0.9090909090909091,0.0,0.0,0.03645845359351512,0.0006301080321498902,0.0,0.0,3.3907494969480186e-12,10,0,2,372
UCT2hQ2mQGdx7xy6p0_UhraQ,0.45454545454545453,0.0,0.0,0.04465923066182804,0.0003625713273889458,0.0,0.0,7.218277995528078e-08,5,0,1,372
UCm0nq2dY9JTa9pf5HfQPSNA,0.45454545454545453,0.0,0.0,0.03107544212615505,0.00036238562075944635,0.0,0.0,1.1760689645250803e-10,5,0,1,372
UCafhG7fPkxuKCw5DmSnVP3Q,0.45454545454545453,0.006756756756756757,0.0,0.03848207955505416,0.000361763854586896,0.0,2.5052396843803024e-08,1.2880282068900742e-10,5,2,3,372
UCEcnSgwuiBG0EmRqL2o_-5A,0.45454545454545453,0.0,0.0,0.03570374909847632,0.0003305139051177268,0.0,0.0,3.62083448269527e-08,5,0,1,372
UCSpSwDe84QV4Gbwhgoj6tzg,0.2727272727272727,0.0,0.0,0.0003606636210627555,0.00026677047383428783,0.0,0.0,-1.7665455379538027e-20,3,0,2,373
UC518CuDSgYnwbU3WWaY-anQ,0.0,0.0033783783783783786,0.0,0.00021639817263765327,7.554017998397095e-05,0.0,-1.116104170200185e-20,9.329540671748092e-20,0,1,1,373
UCKZqcLP7ws-oD7-poXv6F1Q,0.0,0.0033783783783783786,0.0,0.00021639817263765327,7.554017998397095e-05,0.0,-1.116104170200185e-20,6.291486029191722e-20,0,1,1,373
UCMgpvbbIFA43Pmuy6qtY1Kw,0.0,0.0033783783783783786,0.0,0.00021639817263765327,7.554017998397095e-05,0.0,-1.116104170200185e-20,9.060670419745044e-20,0,1,1,373
UCJQLseg4AwM4xZZqWHPlLVA,0.09090909090909091,0.0,0.0,0.00012022120702091849,0.00013928361126740993,0.0,0.0,-8.162992787048835e-20,1,0,1,374
UCDa5pMnKkGwCd_4VqV-3dyw,0.0,0.0033783783783783786,0.0,0.00012022120702091849,7.554017998397095e-05,0.0,-5.157382074334896e-20,7.982535003685795e-20,0,1,1,374
UCTLacICvm8R-MS3h01WlnMA,0.09090909090909091,0.0,0.0,0.00012022120702091849,0.00013928361126740993,0.0,0.0,6.043064375485709e-20,1,0,1,375
UCFCCPOZBV-UmlR67k6H5hWQ,0.0,0.0033783783783783786,0.0,0.00012022120702091849,7.554017998397095e-05,0.0,3.818010464694943e-20,-1.2943693290709376e-20,0,1,1,375
UCsZRzPxuWBDqa7WD8olFEfw,0.18181818181818182,0.0,0.0,0.00024044241404183698,0.0002030270425508489,0.0,0.0,-2.9081687654461874e-20,2,0,1,376
UCfkqUPYPcvgraAZC4OMTmug,0.0,0.0033783783783783786,0.0,0.00016029494269455797,7.554017998397095e-05,0.0,-1.8373821772633502e-20,-4.799407642088952e-21,0,1,1,376
UCwstbFoIdCcbJ4Gu_J7NrBA,0.0,0.0033783783783783786,0.0,0.00016029494269455797,7.554017998397095e-05,0.0,-1.8373821772633502e-20,-2.6923276463596377e-21,0,1,1,376
UCamax0Zg24cy95rFGT3xPZA,0.18181818181818182,0.0,0.0,0.00024044241404183698,0.0002030270425508489,0.0,0.0,3.037906417956255e-20,2,0,1,377
UCFBZNFUyo415uB0ihMDCV2w,0.0,0.0033783783783783786,0.0,0.00016029494269455797,7.554017998397095e-05,0.0,1.9193504774783514e-20,7.482119298390562e-22,0,1,1,377
UCSuL5_Tt_f6vlPs_iSaLQag,0.0,0.0033783783783783786,0.0,0.00016029494269455797,7.554017998397095e-05,0.0,1.9193504774783514e-20,-1.1710722054965462e-20,0,1,1,377
UCcC-KaZZHlfW3ThcNPHUhJg,0.09090909090909091,0.0,0.0,0.00012022120702091849,0.00013928361126740993,0.0,0.0,2.1892884836132386e-20,1,0,1,378
UCkwNnI4a9XMkyxvcZiREf7A,0.0,0.0033783783783783786,0.0,0.00012022120702091849,7.554017998397095e-05,0.0,1.3831933306187293e-20,-5.714193032052897e-21,0,1,1,378
UC7dC2P8S5V-cUgdMRh7fcrQ,0.45454545454545453,0.0,0.0,0.0006011060351045924,0.0003942573364011658,0.0,0.0,-2.799145077050569e-19,5,0,1,379
UC3pMnj7N0KIJoNyD9hAFLCA,0.0,0.0033783783783783786,0.0,0.0003339477972803291,7.554017998397095e-05,0.0,-1.7685009677758778e-19,-2.4863799260746636e-20,0,1,1,379
UCvGvAbQGMjQ0wcv1M6ZkuCw,0.0,0.0033783783783783786,0.0,0.0003339477972803291,7.554017998397095e-05,0.0,-1.7685009677758778e-19,-2.581517455473835e-19,0,1,1,379
UCBNjD6KGoC6lwt4Jnxox4XQ,0.0,0.0033783783783783786,0.0,0.0003339477972803291,7.554017998397095e-05,0.0,-1.7685009677758778e-19,-1.2998072161671474e-21,0,1,1,379
UCo2Enf9dkHceccToYQ4yQcQ,0.0,0.0033783783783783786,0.0,0.0003339477972803291,7.554017998397095e-05,0.0,-1.7685009677758778e-19,9.558827724798448e-20,0,1,1,379
UCuK4UxOF_E6skmNfuMaNY8w,0.18181818181818182,0.0,0.0,0.00024044241404183698,0.0002030270425508489,0.0,0.0,-7.158935716005434e-20,2,0,1,380
UC5rr2eCJkVzeHujUWdxbWpg,0.0,0.0033783783783783786,0.0,0.00016029494269455797,7.554017998397095e-05,0.0,-4.523018419374403e-20,-8.912843140347705e-21,0,1,1,380
UCfcinyK7TwjyT2n78ogregw,0.0,0.0033783783783783786,0.0,0.00016029494269455797,7.554017998397095e-05,0.0,-4.523018419374403e-20,-1.7118308057198368e-19,0,1,1,380
UCGRZFkThSqN5LWW9lHRev7Q,0.09090909090909091,0.0,0.0,0.00012022120702091849,0.00013928361126740993,0.0,0.0,1.375334276234694e-19,1,0,1,381
UCCypBvQIw-R9fyQgI4yE26A,0.0,0.0033783783783783786,0.0,0.00012022120702091849,7.554017998397095e-05,0.0,8.689367401775622e-20,2.0095878192996877e-20,0,1,1,381
UCtr_u7NKrSubAr9RdnuZZFQ,0.45454545454545453,0.0,0.0,0.045830849601619185,0.0004383220349343384,0.0,0.0,4.936564905771498e-17,5,0,1,382
UC_COzslP-y2KzpBcndym8fw,0.45454545454545453,0.0,0.0,0.03902117912300965,0.0004289067930919111,0.0,0.0,3.75792625079071e-10,5,0,1,382
UC_eF-uSD0AT0LDyXKYsGZJg,0.7272727272727273,0.006756756756756757,0.0,0.05048666649761723,0.0004244346470846902,0.0,2.5840956314863097e-15,7.355507188528551e-05,8,2,7,382
UCbwlrgLNVjnejJT6NKWfzMQ,0.45454545454545453,0.0,0.0,0.04719168920604302,0.00040645031929261886,0.0,0.0,4.0406850194468995e-15,5,0,1,382
UCSkGq-v9QiNXa_jnEvSRDPg,0.45454545454545453,0.0,0.0,0.03847507517217191,0.00036238562075944635,0.0,0.0,3.641171262305133e-19,5,0,1,382
UClzAYCP2Jg9787Xkc1BhisQ,0.45454545454545453,0.0,0.0,0.04328150533416477,0.0006971841263630514,0.0,0.0,2.6817025081978e-19,5,0,1,383
UCDS_PVaI3tbb2-guWsGcbBg,0.45454545454545453,0.0033783783783783786,0.0,0.03970527543021272,0.000421741917567091,0.0,1.6943007062828022e-19,2.7735148077909387e-19,5,1,2,383
UCNGBA99IodSdNRlG-RI4JIA,0.45454545454545453,0.0,0.0,0.03888956370660096,0.0004189462472844681,0.0,0.0,2.3138346053107558e-07,5,0,1,383
UCS9vQ2n8zL95ZicMIe1LD_A,0.2727272727272727,0.0,0.0,0.046203729616592894,0.0003494542004120622,0.0,0.0,1.7812439145522314e-07,3,0,1,383
UCP-UBu3ozc6J_s9c1cZp6_w,0.5454545454545454,0.0,0.0,0.038841130399412255,0.0003382130540144371,0.0,0.0,2.312223478115629e-07,6,0,2,383
UC6QAIlMXxr7pTe7oprV-iCg,0.45454545454545453,0.0,0.0,0.0006011060351045924,0.0003942573364011658,0.0,0.0,-3.703113460659938e-19,5,0,1,384
UCwG86jnYYjWKr9soXPjL1jQ,0.0,0.0033783783783783786,0.0,0.0003339477972803291,7.554017998397095e-05,0.0,-2.3396285503935197e-19,4.910937389318585e-21,0,1,1,384
UCIgV5o-x9-Q-UU8HcgoFMMw,0.0,0.0033783783783783786,0.0,0.0003339477972803291,7.554017998397095e-05,0.0,-2.3396285503935197e-19,-1.3313302192733616e-19,0,1,1,384
UCPNl25xWpeM7mcPRZ6goHrg,0.0,0.0033783783783783786,0.0,0.0003339477972803291,7.554017998397095e-05,0.0,-2.3396285503935197e-19,4.54203163347237e-20,0,1,1,384
UCznRri-yWgh9s7CjQjcywHA,0.0,0.0033783783783783786,0.0,0.0003339477972803291,7.554017998397095e-05,0.0,-2.3396285503935197e-19,-4.580219207941085e-20,0,1,1,384
UC_pNWoBwLK2YP_J9uwC2bpg,0.09090909090909091,0.0,0.0,0.00012022120702091849,0.00013928361126740993,0.0,0.0,-2.7389803385563275e-21,1,0,1,385
UCK0QpqWt8fZQbTAugz_qliQ,0.0,0.0033783783783783786,0.0,0.00012022120702091849,7.554017998397095e-05,0.0,-1.730488862177849e-21,-1.066491937918618e-19,0,1,1,385
UCHIfJdtVK7OT0JNvCTm5zZA,0.18181818181818182,0.0,0.0,0.00024044241404183698,0.0002030270425508489,0.0,0.0,5.058259916202245e-20,2,0,1,386
UCzlast603YGFNWdYnOtcZGQ,0.0,0.0033783783783783786,0.0,0.00016029494269455797,7.554017998397095e-05,0.0,3.195810617465895e-20,1.1302032759819562e-21,0,1,1,386
UCewggUBZSrdnAb-3c-Y073w,0.0,0.0033783783783783786,0.0,0.00016029494269455797,7.554017998397095e-05,0.0,3.195810617465895e-20,-2.980331320535312e-20,0,1,1,386
UCDQh1lc4Fjjzuz6ndgLrUVw,0.45454545454545453,0.0,0.0,0.0006011060351045924,0.0003942573364011658,0.0,0.0,-7.9359614578953e-19,5,0,1,387
UCAdQ2tznNGSizfI8Lc95Gew,0.0,0.0033783783783783786,0.0,0.0003339477972803291,7.554017998397095e-05,0.0,-5.013943590700981e-19,6.549391059361608e-21,0,1,1,387
UCTXT3KI2hx7PBT4pN3zU54w,0.0,0.0033783783783783786,0.0,0.0003339477972803291,7.554017998397095e-05,0.0,-5.013943590700981e-19,-1.3726066961972662e-19,0,1,1,387
UC4zPudV5w4f-W2fbHW9Z4VA,0.0,0.0033783783783783786,0.0,0.0003339477972803291,7.554017998397095e-05,0.0,-5.013943590700981e-19,4.9402121897387666e-20,0,1,1,387
UCYOB3NJQsyUcROirU2UPS1w,0.0,0.0033783783783783786,0.0,0.0003339477972803291,7.554017998397095e-05,0.0,-5.013943590700981e-19,1.7547769011482423e-21,0,1,1,387
UCSeYWUk1JlDDNO92nxyEDMg,0.45454545454545453,0.0,0.0,0.0003606636210627555,0.00026677047383428783,0.0,0.0,8.609928827693393e-20,5,0,1,388
UCT73ehI9HAiG14-eHNAaLyg,0.0,0.010135135135135136,0.0,0.00021639817263765327,7.554017998397095e-05,0.0,1.631926932522702e-19,-3.951342487638062e-21,0,3,3,388
UCtMuMIIPIoeSD-1bV4F0HzA,0.0,0.0033783783783783786,0.0,0.00021639817263765327,7.554017998397095e-05,0.0,5.439756441742341e-20,-1.558079430417194e-19,0,1,1,388
UCY3zr_3fp-zvdzXgV6jOXVw,0.0,0.0033783783783783786,0.0,0.00021639817263765327,7.554017998397095e-05,0.0,5.439756441742341e-20,6.36489050298626e-20,0,1,1,388
UCcOaeHppuHixevJwElQpFHw,0.18181818181818182,0.0,0.0,0.00024044241404183698,0.0002030270425508489,0.0,0.0,1.9073383051293822e-19,2,0,1,389
UC9QyR3iC7UdQjSUXp9Zw8xQ,0.0,0.0033783783783783786,0.0,0.00016029494269455797,7.554017998397095e-05,0.0,1.2050570962372366e-19,-1.8797239179186453e-19,0,1,1,389
UCCXa1TaIXxODVlYT0wTYWdQ,0.0,0.0033783783783783786,0.0,0.00016029494269455797,7.554017998397095e-05,0.0,1.2050570962372366e-19,-2.0478337327040618e-20,0,1,1,389
UCviM9_OCPSFZmTL6TxgZV_w,0.09090909090909091,0.0,0.0,0.00012022120702091849,0.00013928361126740993,0.0,0.0,-5.428085235172248e-20,1,0,1,390
UCqFViUidMMqKBRJzo4bfOcA,0.0,0.0033783783783783786,0.0,0.00012022120702091849,7.554017998397095e-05,0.0,-3.4294664003935973e-20,6.48298346079865e-20,0,1,1,390
UCEV8sZeHHTnIsa78qEfqxCw,0.18181818181818182,0.0,0.0,0.00024044241404183698,0.0002030270425508489,0.0,0.0,-1.05413530944588e-20,2,0,1,391
UCupWIg-v7B-0KA2NXt_Z2TA,0.0,0.0033783783783783786,0.0,0.00016029494269455797,7.554017998397095e-05,0.0,-6.660031058076108e-21,-1.8293133351685381e-19,0,1,2,391
UCrzYet3nQVfYGtGuu61RRow,0.0,0.0033783783783783786,0.0,0.00016029494269455797,7.554017998397095e-05,0.0,-6.660031058076108e-21,2.388253547242835e-20,0,1,1,391
UCjnhtA58oDzkQMd2xym2zjQ,0.09090909090909091,0.0,0.0,0.00012022120702091849,0.00013928361126740993,0.0,0.0,-1.1197781732072818e-19,1,0,1,392
UCsJgl_YOzqhzqZPciNckIDw,0.0,0.0033783783783783786,0.0,0.00012022120702091849,7.554017998397095e-05,0.0,-7.074762931180527e-20,-6.2676852639978316e-21,0,1,1,392
UCITC3TzsLM5ppTWdxu3MNOA,0.09090909090909091,0.0,0.0,0.00012022120702091849,0.00013928361126740993,0.0,0.0,-4.374707518767962e-20,1,0,2,393
UCToB9kcOG2FoNrP0zT-2OlQ,0.0,0.0033783783783783786,0.0,0.00012022120702091849,7.554017998397095e-05,0.0,-2.763941942169573e-20,-3.3568013084906986e-20,0,1,1,393
UCG2pIO7pHrShStPIubq_SvA,0.09090909090909091,0.0,0.0,0.00021639817263765327,9.678799041178392e-05,0.0,0.0,-8.0612327227406e-20,1,0,1,394
UCVlmwXuvJzqUa3FSTmqrvHA,0.09090909090909091,0.0,0.0,0.00021639817263765327,9.678799041178392e-05,0.0,0.0,-2.3934049601943047e-19,1,0,1,394
UCk-9K2QUZbzzYMaGHvYzn8w,0.09090909090909091,0.0,0.0,0.00021639817263765327,9.678799041178392e-05,0.0,0.0,2.732241171678607e-20,1,0,1,394
UC8wSDHPgLI9j4JyzDAPqVbw,0.0,0.010135135135135136,0.0,0.0003606636210627555,7.554017998397095e-05,0.0,-1.848840098480534e-19,3.2804549748810574e-21,0,3,3,394
UCWTYs8CfO3wtIFEwZRwCYUw,0.09090909090909091,0.0,0.0,0.00012022120702091849,0.00013928361126740993,0.0,0.0,-4.585370872123489e-20,1,0,2,395
UCvJsVQTYB1-bv9zG336c9gw,0.0,0.0033783783783783786,0.0,0.00012022120702091849,7.554017998397095e-05,0.0,-2.897039132214728e-20,4.957322041443764e-20,0,1,1,395
UCoRh-uSoIj6c7xEbnGHGbjA,0.09090909090909091,0.0,0.0,0.00012022120702091849,0.00013928361126740993,0.0,0.0,3.675397089629236e-19,1,0,2,396
UC6RjWNEFSKslf-c9RZc2bpw,0.0,0.0033783783783783786,0.0,0.00012022120702091849,7.554017998397095e-05,0.0,2.3221173362042646e-19,6.301116548511847e-20,0,1,1,396
UCSNkrvro_7REsQEVcJdswYg,0.45454545454545453,0.0,0.0,0.0006011060351045924,0.0003942573364011658,0.0,0.0,-1.950981926074297e-19,5,0,1,397
UCN10Qwxv8beuGmHL351SlxA,0.0,0.0033783783783783786,0.0,0.0003339477972803291,7.554017998397095e-05,0.0,-1.2326311532273994e-19,-2.4171305854427637e-20,0,1,1,397
UCwa5Q5hxLOABdjAMQ3mqPxw,0.0,0.0033783783783783786,0.0,0.0003339477972803291,7.554017998397095e-05,0.0,-1.2326311532273994e-19,-9.312136484733751e-20,0,1,1,397
UCfLVSizVUvea6Lfg8WTpkwA,0.0,0.0033783783783783786,0.0,0.0003339477972803291,7.554017998397095e-05,0.0,-1.2326311532273994e-19,-7.429925796546666e-20,0,1,1,397
UCdk9uGhO1ou7wVKE16S1UtQ,0.0,0.0033783783783783786,0.0,0.0003339477972803291,7.554017998397095e-05,0.0,-1.2326311532273994e-19,-2.4633049640101163e-20,0,1,1,397
UC--QXdcCttsywp3cjA6LLrA,0.45454545454545453,0.0,0.0,0.0006182804932504379,0.0004492264987330162,0.0,0.0,2.987310764456211e-19,5,0,1,398
UC8QihgwFibRuetUKjV76x0A,0.09090909090909091,0.0033783783783783786,0.0,0.00043279634527530655,0.00013928361126740993,0.0,1.8873841235677628e-19,-2.1819318075854764e-21,1,1,2,398
UCpZvxZ2Uj3lbJVBJYHteAjw,0.0,0.0033783783783783786,0.0,0.0003606636210627555,7.554017998397095e-05,0.0,1.8873841235677628e-19,-4.0773330501943385e-20,0,1,1,398
UCAluLdkEMwxfKjSMn9BU-SA,0.0,0.0033783783783783786,0.0,0.0003606636210627555,7.554017998397095e-05,0.0,1.8873841235677628e-19,3.472692012914822e-19,0,1,1,398
UCYtfTL1gFITvwzXshTJ4raQ,0.0,0.0033783783783783786,0.0,0.0003606636210627555,7.554017998397095e-05,0.0,1.8873841235677628e-19,2.3769007247981015e-19,0,1,1,398
UCYwqUeZwiR2TK8wea_c5M5A,0.45454545454545453,0.0,0.0,0.000905194970510445,0.0003092660946899139,0.0,0.0,4.994337917363264e-19,5,0,1,399
UCmZzJFxjJ0-ykEAGc_siYvA,0.2727272727272727,0.0,0.0,0.0007327768808894078,0.00021365094776475542,0.0,0.0,9.616078837456533e-20,3,0,1,399
UC6Ar7W3DtYpBUOnzKP_756g,0.36363636363636365,0.0,0.0,0.0007694157249338784,0.00019240313733694242,0.0,0.0,-4.247149066958083e-20,4,0,2,399
UCRVHeGF45VFwWNwt_3FPJAw,0.18181818181818182,0.0,0.0,0.0005306315344371574,0.00017115532690912942,0.0,0.0,4.59860609812232e-20,2,0,1,399
UCDPopFbV1mHqk4vfhMWk0pw,0.09090909090909091,0.0,0.0,0.0004525974852552225,0.00010741189562569042,0.0,0.0,-2.0395673799159514e-19,1,0,1,399
UCxi9iDspkD4I2ihwzPrFYNA,0.45454545454545453,0.0,0.0,0.00048088482808367395,0.0003305139051177268,0.0,0.0,-6.306925608772686e-20,5,0,1,400
UCDstY3_uvAmV-o790GSzKHQ,0.0,0.0033783783783783786,0.0,0.000274791330333528,7.554017998397095e-05,0.0,-3.984718096340192e-20,2.1374963712370787e-19,0,1,1,400
UCbN67h7q94kiDAVUBL8Rz0g,0.0,0.006756756756756757,0.0,0.000274791330333528,7.554017998397095e-05,0.0,-7.969436192680383e-20,5.420100666360365e-20,0,2,2,400
UCbYUdLaYrny4dsAecNuEiZg,0.0,0.0033783783783783786,0.0,0.000274791330333528,7.554017998397095e-05,0.0,-3.984718096340192e-20,-1.1282638476003816e-19,0,1,1,400
UCyvkzX1FIfTtGi77heERYmg,0.0,0.0033783783783783786,0.0,0.000274791330333528,7.554017998397095e-05,0.0,-3.984718096340192e-20,-2.0145007444824446e-19,0,1,1,400
UCg0I6EMrHZmyPGM5utTYnQA,0.18181818181818182,0.0,0.0,0.00024044241404183698,0.0002030270425508489,0.0,0.0,-2.986722973704154e-19,2,0,1,401
UCYe4Vn9Jd_YLq4YvMN5zr5Q,0.0,0.0033783783783783786,0.0,0.00016029494269455797,7.554017998397095e-05,0.0,-1.887012757137925e-19,9.419014413269867e-21,0,1,1,401
UC57mk6F6AA0wLzphSs8XbUQ,0.0,0.0033783783783783786,0.0,0.00016029494269455797,7.554017998397095e-05,0.0,-1.887012757137925e-19,9.98529058491727e-20,0,1,1,401
UC8skhnHdlhxuIt24nr7GnRQ,0.45454545454545453,0.0,0.0,0.0006011060351045924,0.0003942573364011658,0.0,0.0,2.59664595278325e-19,5,0,1,402
UC4tDPh5MHdmDFwKLpjdGSpA,0.0,0.0033783783783783786,0.0,0.0003339477972803291,7.554017998397095e-05,0.0,1.6405619409006188e-19,-5.898887683450244e-21,0,1,1,402
UCaO_UoIMwr2XS-Bv7a51XuQ,0.0,0.0033783783783783786,0.0,0.0003339477972803291,7.554017998397095e-05,0.0,1.6405619409006188e-19,6.96862853839966e-20,0,1,1,402
UCgnIbnyc90F75erxyrP14ug,0.0,0.0033783783783783786,0.0,0.0003339477972803291,7.554017998397095e-05,0.0,1.6405619409006188e-19,3.538612978888445e-20,0,1,1,402
UCI_gy-gVV41lkSfSXLvUACA,0.0,0.0033783783783783786,0.0,0.0003339477972803291,7.554017998397095e-05,0.0,1.6405619409006188e-19,-2.5762940295815418e-20,0,1,1,402
UC41s2HEursF_VM_v7-3mzRw,0.36363636363636365,0.0,0.0,0.00048088482808367395,0.0003305139051177268,0.0,0.0,4.040247646128884e-20,4,0,1,403
UCgOqGlzyyhlh2lEaVp7vsUg,0.0,0.0033783783783783786,0.0,0.000274791330333528,7.554017998397095e-05,0.0,2.5526300622338407e-20,-1.8538693846601455e-20,0,1,1,403
UCiOdUlLH3EHRQR67dK_f5Tg,0.0,0.0033783783783783786,0.0,0.000274791330333528,7.554017998397095e-05,0.0,2.5526300622338407e-20,4.182068905411702e-20,0,1,1,403
UCrzDCzL-hcnh3f1GBVvMTWQ,0.0,0.0033783783783783786,0.0,0.000274791330333528,7.554017998397095e-05,0.0,2.5526300622338407e-20,6.155520298425978e-20,0,1,1,403
UCXolQlku1-qj3vXyPxzu8RQ,0.0,0.0033783783783783786,0.0,0.000274791330333528,7.554017998397095e-05,0.0,2.5526300622338407e-20,-6.731693905526527e-20,0,1,1,403
UC-hL2BVLfIvcTK0z6D0mF_Q,0.45454545454545453,0.0,0.0,0.0006011060351045924,0.0003942573364011658,0.0,0.0,2.457051432387696e-19,5,0,1,404
UCsoJTpEP9l615ujUGuoR6nA,0.0,0.0033783783783783786,0.0,0.0003339477972803291,7.554017998397095e-05,0.0,1.5523660676535365e-19,-7.250068713560131e-20,0,1,1,404
UCli6V9XcaFrxchBt19UaYVw,0.0,0.0033783783783783786,0.0,0.0003339477972803291,7.554017998397095e-05,0.0,1.5523660676535365e-19,-2.856353100742985e-20,0,1,1,404
UCsg1vMlTkDvPgHMdQR-Imzg,0.0,0.0033783783783783786,0.0,0.0003339477972803291,7.554017998397095e-05,0.0,1.5523660676535365e-19,-6.942353418467912e-20,0,1,1,404
UCqJJectpcBly7uDnjnQrxuw,0.0,0.0033783783783783786,0.0,0.0003339477972803291,7.554017998397095e-05,0.0,1.5523660676535365e-19,-5.247525165308657e-20,0,1,1,404
UC075l9K3CQrBpEILxyWyc5w,0.45454545454545453,0.0,0.0,0.0006011060351045924,0.0003942573364011658,0.0,0.0,5.384928134251976e-19,5,0,1,405
UCK8-1lG8kr1LAPLJXVVkcfQ,0.0,0.0033783783783783786,0.0,0.0003339477972803291,7.554017998397095e-05,0.0,3.4021997269476025e-19,-4.130974075903208e-21,0,1,1,405
UChCbwESnTGENrnVwRb2KNyA,0.0,0.0033783783783783786,0.0,0.0003339477972803291,7.554017998397095e-05,0.0,3.4021997269476025e-19,-2.228759436918125e-21,0,1,1,405
UC6FgIKgzih-21TISbU4u6xA,0.0,0.0033783783783783786,0.0,0.0003339477972803291,7.554017998397095e-05,0.0,3.4021997269476025e-19,4.522406540747838e-20,0,1,1,405
UCPrk_TA7eTjGXSLzxQFEOBw,0.0,0.0033783783783783786,0.0,0.0003339477972803291,7.554017998397095e-05,0.0,3.4021997269476025e-19,6.412879837612528e-20,0,1,1,405
UCpdE-6jSdYQG4xsKcy-7pLg,0.45454545454545453,0.0,0.0,0.0006011060351045924,0.0003942573364011658,0.0,0.0,4.778411619179781e-19,5,0,1,406
UCboodD3IyiznfPcet58_1LA,0.0,0.0033783783783783786,0.0,0.0003339477972803291,7.554017998397095e-05,0.0,3.0190023526237806e-19,4.6439945933290216e-20,0,1,1,406
UCpOwtgpFBvFx-D3OlADV-Tw,0.0,0.0033783783783783786,0.0,0.0003339477972803291,7.554017998397095e-05,0.0,3.0190023526237806e-19,3.366315292197421e-20,0,1,1,406
UCMLsFySdUe9Qvv5y9ZsKqmg,0.0,0.0033783783783783786,0.0,0.0003339477972803291,7.554017998397095e-05,0.0,3.0190023526237806e-19,1.0453895236542187e-19,0,1,1,406
UCgrrblJY3yp23FjsdB-TGDA,0.0,0.0033783783783783786,0.0,0.0003339477972803291,7.554017998397095e-05,0.0,3.0190023526237806e-19,-5.4018163612714677e-20,0,1,1,406
UCM1HrfRaJUomyjgfuckT6hw,0.2727272727272727,0.0,0.0,0.0003847078624669392,0.00023489875819256837,0.0,0.0,-5.649418704215466e-20,3,0,1,407
UCl0nZF6h1OfYls9dXPj08YQ,0.09090909090909091,0.0,0.0,0.00021372659025941062,0.00010741189562569042,0.0,0.0,-2.002262961771912e-20,1,0,1,407
UCUEVVBl8gqo0WLk9nX3619w,0.0,0.006756756756756757,0.0,0.00032058988538911595,7.554017998397095e-05,0.0,-4.834335505635942e-20,2.336090547053378e-19,0,2,2,407
UCjSjvHNt6canRBXZ3A61Jdg,0.0,0.0033783783783783786,0.0,0.00024044241404183698,7.554017998397095e-05,0.0,-3.569304973754207e-20,-8.657362703406788e-20,0,1,1,407
UCR__PvabfFP4vSUNPkPIrjA,0.0,0.0033783783783783786,0.0,0.00024044241404183698,7.554017998397095e-05,0.0,-3.569304973754207e-20,-7.2914466787485e-20,0,1,1,407
UCRHkjOgEN_WEW2TX9mjZydA,0.45454545454545453,0.0,0.0,0.000872573276764731,0.00028270633165514755,0.0,0.0,1.193094978922966e-18,5,0,1,408
UC4zURAatpdGi7qeApDoRP7A,0.2727272727272727,0.0,0.0,0.0008196900478698988,0.00021099497146127876,0.0,0.0,6.181816266358629e-19,3,0,1,408
UCPyt3C8z4bjIiU4lL2utfnw,0.2727272727272727,0.0,0.0,0.0008196900478698988,0.00021099497146127876,0.0,0.0,-4.1385593066385105e-19,3,0,2,408
UCJQ8lhymHX_TggHH4DpFTBA,0.18181818181818182,0.0,0.0,0.0007728506165630474,0.00014725154017783979,0.0,0.0,5.925090451650362e-19,2,0,1,408
UCr_loxaSYbucsghx8BIoe6w,0.09090909090909091,0.0,0.0,0.0007310749075596395,8.350810889440082e-05,0.0,0.0,2.790812916900749e-19,1,0,1,408
UCbuFZzmKt5U6wFIq0X2yIyg,0.18181818181818182,0.0,0.0,0.00024044241404183698,0.0002030270425508489,0.0,0.0,2.844093856885619e-20,2,0,1,409
UCIgi9qBr1SHiJbWGgNFyubQ,0.0,0.0033783783783783786,0.0,0.00016029494269455797,7.554017998397095e-05,0.0,1.7968996246694998e-20,8.994800786591432e-20,0,1,1,409
UCFLibPju9xSezBzV_8ulFzA,0.0,0.0033783783783783786,0.0,0.00016029494269455797,7.554017998397095e-05,0.0,1.7968996246694998e-20,1.7957912991905007e-19,0,1,1,409
UCEW_ghLv5ie71AwmLHdXxYw,0.36363636363636365,0.0,0.0,0.00048088482808367395,0.0003305139051177268,0.0,0.0,1.7784879133704896e-21,4,0,1,410
UCMydxcuZq1YEkHnoWVU6bRw,0.0,0.0033783783783783786,0.0,0.000274791330333528,7.554017998397095e-05,0.0,1.1236493677160665e-21,-3.4519393512193336e-20,0,1,1,410
UCoM7FIiHa-IzsfjErqohp3A,0.0,0.0033783783783783786,0.0,0.000274791330333528,7.554017998397095e-05,0.0,1.1236493677160665e-21,-5.479401238379013e-20,0,1,1,410
UCQ3M8UFVm0bz2i4sIQpmv7A,0.0,0.0033783783783783786,0.0,0.000274791330333528,7.554017998397095e-05,0.0,1.1236493677160665e-21,8.374951864913003e-20,0,1,1,410
UCrnD61XGx08oDBjf8F1I17w,0.0,0.0033783783783783786,0.0,0.000274791330333528,7.554017998397095e-05,0.0,1.1236493677160665e-21,6.164984023955752e-20,0,1,2,410
UCMGpDv6YV-DaiP6H8SVGQ7Q,0.36363636363636365,0.0,0.0,0.00048088482808367395,0.0003305139051177268,0.0,0.0,3.432256233404803e-19,4,0,1,411
UCISJHA2iKjurKKpHMJ4XkaA,0.0,0.0033783783783783786,0.0,0.000274791330333528,7.554017998397095e-05,0.0,2.168500846989691e-19,5.942705788125663e-20,0,1,1,411
UCRbogCionm-HRE_eauGUVZA,0.0,0.0033783783783783786,0.0,0.000274791330333528,7.554017998397095e-05,0.0,2.168500846989691e-19,5.030777781217878e-20,0,1,1,411
UC7bOzUD6k5T-2wn977mZsOw,0.0,0.0033783783783783786,0.0,0.000274791330333528,7.554017998397095e-05,0.0,2.168500846989691e-19,1.7493601576919895e-20,0,1,1,411
UC-N6gDzxeL3O9qgVrJSrGkQ,0.0,0.0033783783783783786,0.0,0.000274791330333528,7.554017998397095e-05,0.0,2.168500846989691e-19,-6.03145752138419e-20,0,1,1,411
UCkDs6YqLpY_SlBSLmUohMvw,0.36363636363636365,0.0,0.0,0.00048088482808367395,0.00029864218947600737,0.0,0.0,-2.78548158224293e-19,4,0,1,412
UC46he7usKlNAlUkFTUVrrVQ,0.18181818181818182,0.0,0.0,0.00033292026559638967,0.00017115532690912942,0.0,0.0,-2.785765023437984e-19,2,0,1,412
UCrP6mpqm9dPCKoNpe2RJ2yw,0.0,0.006756756756756757,0.0,0.00043279634527530655,7.554017998397095e-05,0.0,-3.51991581095415e-19,-4.486877676236901e-20,0,2,2,412
UCm4YVXVW0wIIOEVB-nRvpMw,0.0,0.0033783783783783786,0.0,0.00024044241404183698,7.554017998397095e-05,0.0,-1.7600474446066953e-19,-3.0096050752966444e-19,0,1,1,412
UCPW5uyLh1c58Ncgab_W_MQQ,0.0,0.0033783783783783786,0.0,0.00030914024662521896,7.554017998397095e-05,0.0,-1.7598683663474548e-19,1.0985913690448563e-20,0,1,1,412
UCHMv_rzCLB1RMBhNsokuDZA,0.45454545454545453,0.0,0.0,0.0006011060351045924,0.0003942573364011658,0.0,0.0,6.917942069812137e-20,5,0,1,413
UCaMbosjIB-BlYJ4g9_QymnA,0.0,0.0033783783783783786,0.0,0.0003339477972803291,7.554017998397095e-05,0.0,4.370758538307515e-20,-7.727161388316513e-20,0,1,1,413
UCH5cEcTcwuAhYnbRIzBukbg,0.0,0.0033783783783783786,0.0,0.0003339477972803291,7.554017998397095e-05,0.0,4.370758538307515e-20,8.548856882126074e-23,0,1,1,413
UCYw7gNDnVcYShjVvUEBgoVw,0.0,0.0033783783783783786,0.0,0.0003339477972803291,7.554017998397095e-05,0.0,4.370758538307515e-20,-2.2615498965571823e-20,0,1,1,413
UCImilyBqSuRxkmqE5iE6Ytw,0.0,0.0033783783783783786,0.0,0.0003339477972803291,7.554017998397095e-05,0.0,4.370758538307515e-20,-4.586955716866421e-22,0,1,1,413
UCu45kXo1Sn52hp5NTjKonnw,0.2727272727272727,0.0,0.0,0.0003606636210627555,0.00026677047383428783,0.0,0.0,-8.731061536198989e-20,3,0,1,414
UCNL0Peoxb14AXsjhoMpMw2g,0.0,0.0033783783783783786,0.0,0.00021639817263765327,7.554017998397095e-05,0.0,-5.516288134928885e-20,-5.721729609003295e-20,0,1,1,414
UCINtyCEsI_m5H5Ay5d_zxHg,0.0,0.0033783783783783786,0.0,0.00021639817263765327,7.554017998397095e-05,0.0,-5.516288134928885e-20,-2.4372943052514805e-20,0,1,1,414
UCpJg81SLrvu80QpxB7-65NA,0.0,0.0033783783783783786,0.0,0.00021639817263765327,7.554017998397095e-05,0.0,-5.516288134928885e-20,-2.1427653392363392e-21,0,1,2,414
UCBSIJX0ZN48yJkx7JqpnKWg,0.18181818181818182,0.0,0.0,0.00024044241404183698,0.0002030270425508489,0.0,0.0,-7.506404601103e-20,2,0,1,415
UCZhel8VwDTvkW7wPh412cfw,0.0,0.0033783783783783786,0.0,0.00016029494269455797,7.554017998397095e-05,0.0,-4.7425493985312755e-20,1.078270133442386e-19,0,1,1,415
UCEOnDPLyCuRhvu25ZnOADOg,0.0,0.0033783783783783786,0.0,0.00016029494269455797,7.554017998397095e-05,0.0,-4.7425493985312755e-20,1.0135476146635033e-19,0,1,1,415
UCJ1mD6n9_DJMUDYiSIv4uNg,0.18181818181818182,0.0,0.0,0.00012022120702091849,0.00013928361126740993,0.0,0.0,3.112647938513592e-20,2,0,2,416
UCs6v7sIfIn4X6gSCYepytIQ,0.0,0.006756756756756757,0.0,0.00012022120702091849,7.554017998397095e-05,0.0,3.9331443995086863e-20,9.388520122225774e-19,0,2,2,416
UCqSa4-dlphTgVJihzTcuPPQ,0.45454545454545453,0.0,0.0,0.0006011060351045924,0.0003942573364011658,0.0,0.0,-2.2432431429917348e-19,5,0,1,417
UCx-ZLkjCIW6vKxGMdvP6Mbg,0.0,0.0033783783783783786,0.0,0.0003339477972803291,7.554017998397095e-05,0.0,-1.4172819057730512e-19,8.146531587506235e-21,0,1,1,417
UCG_5s43KD03YssqFghP3cqA,0.0,0.0033783783783783786,0.0,0.0003339477972803291,7.554017998397095e-05,0.0,-1.4172819057730512e-19,-2.1625221562729825e-19,0,1,1,417
UCWJy-XHhXur-y4FuOBdxLVw,0.0,0.0033783783783783786,0.0,0.0003339477972803291,7.554017998397095e-05,0.0,-1.4172819057730512e-19,6.763788374558089e-21,0,1,1,417
UCtYViAGs3BC4Car6mLLC66w,0.0,0.0033783783783783786,0.0,0.0003339477972803291,7.554017998397095e-05,0.0,-1.4172819057730512e-19,5.423342627413165e-23,0,1,1,417
UCyG8wQq0MlLUbQFeRGSehWw,0.45454545454545453,0.0,0.0,0.0010046311299748058,0.0003198899999038203,0.0,0.0,-2.4949951068685305e-19,5,0,1,418
UCLdfK3YDzwMZhbflZNB6cew,0.45454545454545453,0.0,0.0,0.0010224122119212625,0.0003198899999038203,0.0,0.0,3.270123244193036e-19,5,0,1,418
UC7IMyK2bfpEz4Vtlv4r-Y5g,0.45454545454545453,0.0,0.0,0.0007266199996673124,0.00029864218947600737,0.0,0.0,-7.289881237676983e-19,5,0,1,418
UCovOD9LgGLNIoPJwlGB_VIg,0.36363636363636365,0.0,0.0,0.0011216755334670162,0.0002561465686203813,0.0,0.0,-1.4498171067154764e-19,4,0,2,418
UCyMvcxLM-WaFkreYHtCw_dw,0.36363636363636365,0.0,0.0,0.0009242606395768213,0.0002508346160134281,0.0,0.0,1.0314927625196551e-19,4,0,1,418
UCcIPVkhLU0Jh45dh7SDS3nQ,0.45454545454545453,0.0,0.0,0.0011428528492426065,0.0003366215898212658,0.0,0.0,3.90861060949972e-21,5,0,1,419
UCkBhm_DdlF5O81rAivOgpbg,0.45454545454545453,0.0,0.0,0.0010884312849929586,0.00029864218947600737,0.0,0.0,-4.031592738131016e-20,5,0,1,419
UC9BKP42rslxNBHmKFPJ6GnQ,0.36363636363636365,0.0,0.0,0.0009830992251549304,0.00029864218947600737,0.0,0.0,5.992368901556211e-19,4,0,1,419
UCdA20EDlSNM1P8i_6kKlWTg,0.36363636363636365,0.0,0.0,0.0010884312849929586,0.00028270633165514755,0.0,0.0,1.7148433702467582e-20,4,0,2,419
UCETr23TQ89MTML-et9qeyzA,0.2727272727272727,0.0,0.0,0.0009523773743688387,0.0002348987581925684,0.0,0.0,2.0728759436161267e-19,3,0,1,419
UCgU7Mjkoc8gzikQ7Ho7iLgg,0.09090909090909091,0.0,0.0,0.00012022120702091849,0.00013928361126740993,0.0,0.0,-1.9890782226563917e-19,1,0,1,420
UC1J8kLS6Bac1YoosKG3Dh2g,0.0,0.0033783783783783786,0.0,0.00012022120702091849,7.554017998397095e-05,0.0,-1.2567004084891171e-19,3.5823200745868817e-19,0,1,1,420
UCU1dh-GSaKO10Pt6GHXmhXw,0.6363636363636364,0.0,0.0,0.0010819908631882662,0.00036769757336639955,0.0,0.0,-2.857367375261336e-19,7,0,4,421
UCKo5duw3zzuvXxmQ2FlJX2Q,0.45454545454545453,0.0,0.0,0.0007895609001644106,0.00036238562075944635,0.0,0.0,-4.1672788601256884e-20,5,0,1,421
UCxgx4TCBJo7QZ0C0J-A9ADQ,0.45454545454545453,0.0,0.0,0.001138198180756488,0.0003145780472968671,0.0,0.0,3.05412847412737e-19,5,0,1,421
UC0cTpGZ8EKS0hIjVL1-bcSA,0.36363636363636365,0.0,0.0,0.000762097912332605,0.00029864218947600737,0.0,0.0,1.938964082680263e-19,4,0,1,421
UCuovhHRjU4KzLBk5LenrrzA,0.36363636363636365,0.0,0.0,0.001138198180756488,0.0002083389951578021,0.0,0.0,3.5910655212554733e-19,4,0,2,421
UClNakkrOvIk08a3mp8-zPNw,0.45454545454545453,0.0,0.0,0.0006011060351045924,0.0003942573364011658,0.0,0.0,2.9084764117728e-19,5,0,1,422
UCV7lyiZ-orvcAo01dNBOsvw,0.0,0.0033783783783783786,0.0,0.0003339477972803291,7.554017998397095e-05,0.0,1.8375765483342915e-19,5.0689712628552854e-21,0,1,1,422
UCJ-jsD2huZPUcFYqnxddWtg,0.0,0.0033783783783783786,0.0,0.0003339477972803291,7.554017998397095e-05,0.0,1.8375765483342915e-19,8.8859100469753e-21,0,1,1,422
UCFwcK7_gdezK4k_85wkeT2A,0.0,0.0033783783783783786,0.0,0.0003339477972803291,7.554017998397095e-05,0.0,1.8375765483342915e-19,6.380166984706596e-21,0,1,1,422
UCCPhpNjtyH5p9fQ4q7wlzVg,0.0,0.0033783783783783786,0.0,0.0003339477972803291,7.554017998397095e-05,0.0,1.8375765483342915e-19,1.419564957341483e-19,0,1,1,422
UCBXwgDOkAfXgIcwW1yzrPCg,0.45454545454545453,0.0,0.0,0.00048088482808367395,0.0003305139051177268,0.0,0.0,4.493932377467686e-20,5,0,1,423
UCcxm1mxCFexrfkSIY8a3A-g,0.0,0.0033783783783783786,0.0,0.000274791330333528,7.554017998397095e-05,0.0,2.839268255093509e-20,5.657038528584699e-21,0,1,1,423
UCXQmHY3YuXQlK3O-v8aKcVg,0.0,0.006756756756756757,0.0,0.000274791330333528,7.554017998397095e-05,0.0,5.678536510187018e-20,-4.732088168365159e-20,0,2,2,423
UCWC37k5QrMdjsCiMXM8DU_A,0.0,0.0033783783783783786,0.0,0.000274791330333528,7.554017998397095e-05,0.0,2.839268255093509e-20,-7.670682030398611e-20,0,1,1,423
UCMazu5gxojSABBZdDRRTaFA,0.0,0.0033783783783783786,0.0,0.000274791330333528,7.554017998397095e-05,0.0,2.839268255093509e-20,3.05394586447383e-21,0,1,1,423
UCnRvtUi1H_xMyx4LkkUevfw,0.18181818181818182,0.0,0.0,0.00024044241404183698,0.0002030270425508489,0.0,0.0,3.874371030953083e-19,2,0,1,424
UCisy6taOAeLfyaCqcMQDfig,0.0,0.0033783783783783786,0.0,0.00016029494269455797,7.554017998397095e-05,0.0,2.4478291511003267e-19,3.917362572561773e-20,0,1,1,424
UCODDp3TVJ7Hpwj_lQhoRchg,0.0,0.0033783783783783786,0.0,0.00016029494269455797,7.554017998397095e-05,0.0,2.4478291511003267e-19,-1.0190931871180857e-19,0,1,1,424
UC6Ukt5iUb5bHj6OaeNy6yhg,0.2727272727272727,0.0,0.0,0.0003606636210627555,0.00026677047383428783,0.0,0.0,-2.54350662812755e-19,3,0,3,425
UC1tlAOgfHHhx_8MEjqxx0Pw,0.0,0.0033783783783783786,0.0,0.00021639817263765327,7.554017998397095e-05,0.0,-1.6069884945469256e-19,-5.453040792953895e-20,0,1,1,425
UCN_Gtc5Vc-zEbBTKmeAceLQ,0.0,0.0033783783783783786,0.0,0.00021639817263765327,7.554017998397095e-05,0.0,-1.6069884945469256e-19,1.2585034200302209e-19,0,1,1,425
UC6VKN2eg52Df5uMJ1JsCWPA,0.0,0.0033783783783783786,0.0,0.00021639817263765327,7.554017998397095e-05,0.0,-1.6069884945469256e-19,1.3250040553542793e-20,0,1,1,425
UCWVhpyGFkmCKKGrGsPStjSw,0.45454545454545453,0.0,0.0,0.0006011060351045924,0.0003942573364011658,0.0,0.0,-3.778903700849509e-20,5,0,1,426
UCRd9jPNjWKcIg4ENpWxm2Jg,0.0,0.0033783783783783786,0.0,0.0003339477972803291,7.554017998397095e-05,0.0,-2.3875128541483128e-20,9.176895540710472e-21,0,1,1,426
UCXTWJdIFgOw8vNcnW9BePwA,0.0,0.0033783783783783786,0.0,0.0003339477972803291,7.554017998397095e-05,0.0,-2.3875128541483128e-20,1.4680059991856404e-19,0,1,1,426
UCNGAvcQmzBWBT-Z5LXQF4Sg,0.0,0.0033783783783783786,0.0,0.0003339477972803291,7.554017998397095e-05,0.0,-2.3875128541483128e-20,-1.1804856566251258e-20,0,1,1,426
UCYhdTCynLDuwMN-3MqD5-sA,0.0,0.0033783783783783786,0.0,0.0003339477972803291,7.554017998397095e-05,0.0,-2.3875128541483128e-20,2.6721700515634732e-20,0,1,1,426
UCBUvuoSe5Lf2vfs5p7cmAkw,0.45454545454545453,0.0,0.0,0.0006011060351045924,0.0003942573364011658,0.0,0.0,-3.2943619483218643e-19,5,0,1,427
UC4TCx7MDNoZK7HPEP2EXShQ,0.0,0.0033783783783783786,0.0,0.0003339477972803291,7.554017998397095e-05,0.0,-2.0813791830861897e-19,1.1406790881195888e-21,0,1,1,427
UCqdJSvrnRGHEmKJJLam9ofw,0.0,0.0033783783783783786,0.0,0.0003339477972803291,7.554017998397095e-05,0.0,-2.0813791830861897e-19,-2.1953289229829933e-19,0,1,1,427
UCBtvPi3rhf7n5sn_gdmRUkQ,0.0,0.0033783783783783786,0.0,0.0003339477972803291,7.554017998397095e-05,0.0,-2.0813791830861897e-19,9.688939165258064e-21,0,1,1,427
UC16T4vLekUXraJ8UtysGHEw,0.0,0.0033783783783783786,0.0,0.0003339477972803291,7.554017998397095e-05,0.0,-2.0813791830861897e-19,4.8045876740601435e-20,0,1,1,427
UCSxo7lfMdxUisL6WLqFFYvQ,0.45454545454545453,0.0,0.0,0.0006011060351045924,0.0003942573364011658,0.0,0.0,-3.135252869415833e-19,5,0,1,428
UCNZmmtjY9CD1xWycgy-UP-g,0.0,0.0033783783783783786,0.0,0.0003339477972803291,7.554017998397095e-05,0.0,-1.9808540040469751e-19,-3.106938123556702e-21,0,1,1,428
UC5u2cs8upfkvqNmA4I1fgcQ,0.0,0.0033783783783783786,0.0,0.0003339477972803291,7.554017998397095e-05,0.0,-1.9808540040469751e-19,-5.6237190601961845e-21,0,1,1,428
UCYsswiR5dAN9TdJKXzbjSoA,0.0,0.0033783783783783786,0.0,0.0003339477972803291,7.554017998397095e-05,0.0,-1.9808540040469751e-19,-2.3151914134818166e-20,0,1,1,428
UCVgvvDroBTAC2x0eVtBVG0A,0.0,0.0033783783783783786,0.0,0.0003339477972803291,7.554017998397095e-05,0.0,-1.9808540040469751e-19,-2.400678877756313e-19,0,1,1,428
UCGrZvubLVprAgSTuY8dQpPA,0.45454545454545453,0.0,0.0,0.0005762777423502722,0.00035176171554553983,0.0,0.0,-1.056323676115745e-19,5,0,1,429
UCWrvj9NDB-A7qvXEIhsfsxA,0.45454545454545453,0.0,0.0,0.0006975993723187507,0.00034644976293858663,0.0,0.0,1.2027437284565783e-19,5,0,1,429
UClkvBF1LYOYzwio3zNl39jg,0.36363636363636365,0.0,0.0,0.0006797122089259621,0.00028270633165514755,0.0,0.0,-2.262325708026382e-19,4,0,2,429
UCD1iSEgWl9tMScXJ5W-9qYw,0.45454545454545453,0.0,0.0,0.0007573936042317864,0.00027739437904819434,0.0,0.0,1.5834660858228553e-19,5,0,1,429
UCfsR0vEgxaQvAyt1CD3Wf-w,0.18181818181818182,0.0,0.0,0.0008283992546285165,0.00012334775344655016,0.0,0.0,-3.2847566751938673e-19,2,0,1,429
UCh87Ngs6VaS6Api0W8MnifQ,0.09090909090909091,0.0,0.0,0.00012022120702091849,0.00013928361126740993,0.0,0.0,-2.1008093603694648e-19,1,0,1,430
UCB4aaupzXZR6iKxX79A7lyA,0.0,0.0033783783783783786,0.0,0.00012022120702091849,7.554017998397095e-05,0.0,-1.327292185527153e-19,-3.736674314528277e-19,0,1,1,430
UCwgrgzE0f8XNjLRhJ6tyQtQ,0.45454545454545453,0.0,0.0,0.00048088482808367395,0.0003305139051177268,0.0,0.0,-1.8852894813764812e-20,5,0,1,431
UCK6ADiSxNiBQFtlpo4rBiSA,0.0,0.006756756756756757,0.0,0.000274791330333528,7.554017998397095e-05,0.0,-2.3822532813234073e-20,-4.5327360705491505e-20,0,2,2,431
UC7GtaZhF51rWd6-T-oynN8w,0.0,0.0033783783783783786,0.0,0.000274791330333528,7.554017998397095e-05,0.0,-1.1911266406617036e-20,3.337668236291563e-20,0,1,1,431
UCabpXTbjiVEhx1zXSPd6Ztg,0.0,0.0033783783783783786,0.0,0.000274791330333528,7.554017998397095e-05,0.0,-1.1911266406617036e-20,1.377789905359726e-19,0,1,1,431
UCudEuMxs1qqEqwB2SzEXYPQ,0.0,0.0033783783783783786,0.0,0.000274791330333528,7.554017998397095e-05,0.0,-1.1911266406617036e-20,-7.484740281382531e-20,0,1,1,431
UCtsDFLjBJGqZMB9NtHAKHVg,0.2727272727272727,0.0,0.0,0.0003606636210627555,0.00026677047383428783,0.0,0.0,4.379083128034084e-22,3,0,1,432
UCLFFTygI-pXFiRhxBc8zlEw,0.0,0.0033783783783783786,0.0,0.00021639817263765327,7.554017998397095e-05,0.0,2.7667064538360776e-22,-3.880697081928982e-21,0,1,1,432
UCk2g5dcfH-ixk-t7tvP-HtQ,0.0,0.0033783783783783786,0.0,0.00021639817263765327,7.554017998397095e-05,0.0,2.7667064538360776e-22,5.324948505632226e-20,0,1,1,432
UC4uzHoYxRLnE--idw8AOXSA,0.0,0.0033783783783783786,0.0,0.00021639817263765327,7.554017998397095e-05,0.0,2.7667064538360776e-22,-2.2435454888652798e-20,0,1,1,432
UCmzOrkL21wfOT14-nSMyRug,0.45454545454545453,0.0,0.0,0.0005918582499491372,0.00036238562075944635,0.0,0.0,1.0343874141682875e-18,5,0,1,433
UCmun0WgdHiVEGrim7uIINXQ,0.2727272727272727,0.0,0.0,0.0004525974852552225,0.0002348987581925684,0.0,0.0,1.1946186581923813e-19,3,0,1,433
UCYlDLhnnlBb115jetnujXIA,0.0,0.0033783783783783786,0.0,0.00032058988538911595,7.554017998397095e-05,0.0,7.547605411586816e-20,-1.7020133968867776e-21,0,1,2,433
UCbhMOKu_J21YzTldRMTBcXg,0.0,0.0033783783783783786,0.0,0.00032058988538911595,7.554017998397095e-05,0.0,7.547605411586816e-20,-1.0759410367203311e-19,0,1,1,433
UCG9xDxO9mLu2qM2oS7kScHA,0.0,0.006756756756756757,0.0,0.000549582660667056,7.554017998397095e-05,0.0,7.290024318695125e-19,-1.48447149669695e-20,0,2,2,433
UCdQ7Wqh4Qh9cAR1b3Cc9ByQ,0.36363636363636365,0.0,0.0,0.00048088482808367395,0.0003305139051177268,0.0,0.0,-3.9431345213877355e-19,4,0,1,434
UCgGSGxoKm1Z2i70bx5RAVmg,0.0,0.0033783783783783786,0.0,0.000274791330333528,7.554017998397095e-05,0.0,-2.4912739515782883e-19,-1.026779203609321e-20,0,1,1,434
UCg-0Aog1g9gLoY5RnECLSXg,0.0,0.0033783783783783786,0.0,0.000274791330333528,7.554017998397095e-05,0.0,-2.4912739515782883e-19,4.534477071465603e-20,0,1,1,434
UCp492KVRAPlL_VtlXcuxbpQ,0.0,0.0033783783783783786,0.0,0.000274791330333528,7.554017998397095e-05,0.0,-2.4912739515782883e-19,8.147771256690364e-21,0,1,1,434
UCQ7zylKJq4SRAmRZl1TqN0Q,0.0,0.0033783783783783786,0.0,0.000274791330333528,7.554017998397095e-05,0.0,-2.4912739515782883e-19,2.742556927067493e-20,0,1,1,434
UC95MAdVOQCiPRZScG3jbzNA,0.09090909090909091,0.0,0.0,0.00012022120702091849,0.00013928361126740993,0.0,0.0,4.277270633597133e-21,1,0,1,435
UCml2JG3SnB45yW-xgqltxxA,0.0,0.0033783783783783786,0.0,0.00012022120702091849,7.554017998397095e-05,0.0,2.7023812795463814e-21,2.632072406179969e-20,0,1,1,435
UCLiTFuH7ddegOttudC6mfTg,0.09090909090909091,0.0,0.0,0.00012022120702091849,0.00013928361126740993,0.0,0.0,-5.645116138331113e-20,1,0,1,436
UC-juFX03NtEhKr7vt-RiNHw,0.0,0.0033783783783783786,0.0,0.00012022120702091849,7.554017998397095e-05,0.0,-3.566586610925218e-20,6.347763269127077e-21,0,1,1,436
UCZfIXL7I_g7muWLMJPiyXvw,0.09090909090909091,0.0,0.0,0.00012022120702091849,0.00013928361126740993,0.0,0.0,-7.882304444685091e-20,1,0,1,437
UCrOai8NV1UH1l3T3LaTauYA,0.0,0.0033783783783783786,0.0,0.00012022120702091849,7.554017998397095e-05,0.0,-4.9800430685136116e-20,-2.122178322457667e-21,0,1,1,437
UCkEUw0zFXieEotUTiySromA,0.2727272727272727,0.0,0.0,0.0003606636210627555,0.00026677047383428783,0.0,0.0,-5.401534948942268e-21,3,0,1,438
UCjvZJZJq18Hn3hMyC5cJcPg,0.0,0.0033783783783783786,0.0,0.00021639817263765327,7.554017998397095e-05,0.0,-3.4126919190430555e-21,-4.352873419270914e-21,0,1,1,438
UC9VfeQ15ZLo5ULOzMH4iZrQ,0.0,0.0033783783783783786,0.0,0.00021639817263765327,7.554017998397095e-05,0.0,-3.4126919190430555e-21,-6.258554396711014e-21,0,1,1,438
UCmB0jLYIFYwA_FyEK8V-9lg,0.0,0.0033783783783783786,0.0,0.00021639817263765327,7.554017998397095e-05,0.0,-3.4126919190430555e-21,-2.892268571136963e-19,0,1,1,438
UClFDTPiMwDQpppSO-gnkFAQ,0.45454545454545453,0.0,0.0,0.0006011060351045924,0.0003942573364011658,0.0,0.0,1.8307334473982517e-19,5,0,1,439
UC_1mA4i2f8lNGje_0FcPcmw,0.0,0.0033783783783783786,0.0,0.0003339477972803291,7.554017998397095e-05,0.0,1.1566581167972046e-19,1.5317159533129528e-20,0,1,1,439
UCHCjzehjpCdaGMj8I5wMR6Q,0.0,0.0033783783783783786,0.0,0.0003339477972803291,7.554017998397095e-05,0.0,1.1566581167972046e-19,2.0104013685159194e-20,0,1,1,439
UCM63JdjRDJhszRLKJMs5wJQ,0.0,0.0033783783783783786,0.0,0.0003339477972803291,7.554017998397095e-05,0.0,1.1566581167972046e-19,-2.3774044901797383e-20,0,1,1,439
UCpjn4br9AL36b-aW0ZeD_zA,0.0,0.0033783783783783786,0.0,0.0003339477972803291,7.554017998397095e-05,0.0,1.1566581167972046e-19,2.326876387259525e-20,0,1,1,439
UClKN43R9Q4NlRje9CAdatHg,0.09090909090909091,0.0,0.0,0.00012022120702091849,0.00013928361126740993,0.0,0.0,8.540230753348527e-20,1,0,1,440
UCYAznO23i_uGgAEvn69OICg,0.0,0.0033783783783783786,0.0,0.00012022120702091849,7.554017998397095e-05,0.0,5.395721170779933e-20,1.6482609128080266e-20,0,1,1,440
UCXdTOW9J44UASLCpC4rxLBw,0.09090909090909091,0.0,0.0,0.00012022120702091849,0.00013928361126740993,0.0,0.0,-6.680802188790181e-20,1,0,1,441
UCljfW7WbSW7D9gaA2Yh3eBA,0.0,0.0033783783783783786,0.0,0.00012022120702091849,7.554017998397095e-05,0.0,-4.220933467601468e-20,-2.0406322419979436e-20,0,1,1,441
UCaCMqnDUgM5FopjKeKoKHKQ,0.09090909090909091,0.0,0.0,0.00012022120702091849,0.00013928361126740993,0.0,0.0,-3.7832931183126034e-19,1,0,1,442
UC5qCYjEJCIH6ItL1cveWh-A,0.0,0.0033783783783783786,0.0,0.00012022120702091849,7.554017998397095e-05,0.0,-2.3902860898391307e-19,4.571463764358631e-20,0,1,1,442
UCzC12Q8p92RzFxibYAmN6Fw,0.09090909090909091,0.0,0.0,0.00012022120702091849,0.00013928361126740993,0.0,0.0,1.3531718878504426e-19,1,0,1,443
UCwPuRbWvkQ2pTSnYIxkGalQ,0.0,0.0033783783783783786,0.0,0.00012022120702091849,7.554017998397095e-05,0.0,8.549345344229852e-20,2.0459584517608488e-19,0,1,1,443
UCBZPY7GJhlTghkC9wPpxNew,0.09090909090909091,0.0,0.0,0.00012022120702091849,0.00013928361126740993,0.0,0.0,-1.0954094704115171e-21,1,0,1,444
UCIW-WTi-A8utE53J2SCyjOA,0.0,0.0033783783783783786,0.0,0.00012022120702091849,7.554017998397095e-05,0.0,-6.920801370448695e-22,7.314271659292061e-20,0,1,1,444
UCw8TAo8tNhvuiT3opo6BKig,0.09090909090909091,0.0,0.0,0.00012022120702091849,0.00013928361126740993,0.0,0.0,-2.5530584450349543e-19,1,0,1,445
UCowlwvYrgfzUv7sxDS-v5xA,0.0,0.0033783783783783786,0.0,0.00012022120702091849,7.554017998397095e-05,0.0,-1.6130233362502938e-19,-1.2859181721732394e-20,0,1,1,445
UCQCFjgX167Oeljv2c4GL8Tw,0.09090909090909091,0.0,0.0,0.00012022120702091849,0.00013928361126740993,0.0,0.0,-8.266080860710216e-20,1,0,1,446
UCZXHk8Y0VSPjhwPEXbax7Eg,0.0,0.0033783783783783786,0.0,0.00012022120702091849,7.554017998397095e-05,0.0,-5.222513160083549e-20,8.450424594250788e-21,0,1,1,446
UC_2l_H6h-jYsxNA5h6QdVPg,0.18181818181818182,0.0,0.0,0.0002704977157970666,0.00017115532690912942,0.0,0.0,7.255756530170853e-20,2,0,1,447
UC3mV5xnMzB_zeGeaHoqhGEw,0.09090909090909091,0.0,0.0,0.00018033181053137774,0.00010741189562569042,0.0,0.0,-1.112451949815556e-19,1,0,1,447
UC-4YBo35TD9Gg7epzNPhDtQ,0.0,0.006756756756756757,0.0,0.0002704977157970666,7.554017998397095e-05,0.0,-2.4442859746968468e-20,-2.0353449462436874e-20,0,2,2,447
UCF8EYAm78E31dJqunOOpJXQ,0.0,0.0033783783783783786,0.0,0.00018033181053137774,7.554017998397095e-05,0.0,4.584189848092493e-20,1.1508122202906833e-19,0,1,1,447
UCaqmT8PjgwUYYGWBTzUq5fA,0.09090909090909091,0.0,0.0,0.00012022120702091849,0.00013928361126740993,0.0,0.0,-1.7102500629185544e-19,1,0,1,448
UCiQ86N57V0o1srFPF7fNaTA,0.0,0.0033783783783783786,0.0,0.00012022120702091849,7.554017998397095e-05,0.0,-1.0805366667872704e-19,-9.795945886103414e-20,0,1,1,448
UCw4gMi5zQJNZYTeOS1fA9bQ,0.18181818181818182,0.0,0.0,0.000274791330333528,0.00017115532690912942,0.0,0.0,7.644944924837889e-20,2,0,1,449
UCT4S_mr77x6Kdi_qLKhxa3Q,0.18181818181818182,0.0,0.0,0.000274791330333528,0.00017115532690912942,0.0,0.0,-2.7106299736718314e-19,2,0,1,449
UC88s838ja9sroTb1tzwVD6w,0.0,0.0033783783783783786,0.0,0.0001923539312334696,7.554017998397095e-05,0.0,4.830079229910825e-20,4.8718605348030854e-20,0,1,1,449
UCsD4tIZoCBfV885lY90rHVA,0.0,0.006756756756756757,0.0,0.00032058988538911595,7.554017998397095e-05,0.0,-1.2295691674297053e-19,-2.955770561953494e-19,0,2,2,449
UC1iYhfp4-6CN--7u9NQWxPQ,0.0,0.0033783783783783786,0.0,0.0001923539312334696,7.554017998397095e-05,0.0,-1.712577090420788e-19,1.0109659025510257e-19,0,1,1,449
UCzjQ2x02jM1KHWwX5dBeMKQ,0.45454545454545453,0.006756756756756757,1.2023566189731874e-06,0.0007363548930031258,0.0003305139051177268,0.0,2.642430099405545e-20,7.32914132297041e-20,5,2,3,450
UCILMPiGLNMuOUrhXzNoZ7tQ,0.18181818181818182,0.0,0.0,0.0004909032620020839,0.00028109365157283014,0.0,0.0,-1.0618873579959508e-19,2,0,2,450
UCPpm9NrfLqDJJMZfcgHs88g,0.09090909090909091,0.0,0.0,0.00042077422457321474,0.00021735022028939114,0.0,0.0,1.4801254782443894e-19,1,0,1,450
UCNei1-bEYxnS6_j33QT0KMA,0.0,0.0033783783783783786,0.0,0.00042077422457321474,7.554017998397095e-05,0.0,4.6305543892340326e-20,-7.243771947877816e-21,0,1,1,450
UCSEWcikLmAfhJS8dPU58gyw,0.0,0.006756756756756757,0.0,0.00042077422457321474,7.554017998397095e-05,0.0,9.261108778468065e-20,9.8097640224617e-21,0,2,2,450
UCuIfnrlChycqNbbWUYhTiTA,0.45454545454545453,0.0,0.0,0.0006011060351045924,0.0003942573364011658,0.0,0.0,-5.9166383016980715e-21,5,0,1,451
UCaOMQgf8F_ZGuJm1FS_btfQ,0.0,0.0033783783783783786,0.0,0.0003339477972803291,7.554017998397095e-05,0.0,-3.738134421227725e-21,3.8746406495962025e-20,0,1,1,451
UC1JoY8W8dRauvyMmOsWl-Yw,0.0,0.0033783783783783786,0.0,0.0003339477972803291,7.554017998397095e-05,0.0,-3.738134421227725e-21,-4.7152471711952805e-20,0,1,1,451
UCTFLGG9Kjh8nWdkBeYzZAWg,0.0,0.0033783783783783786,0.0,0.0003339477972803291,7.554017998397095e-05,0.0,-3.738134421227725e-21,2.2747687910894717e-20,0,1,1,451
UCVNxBvP5o2MfNrB1WSzRV7w,0.0,0.0033783783783783786,0.0,0.0003339477972803291,7.554017998397095e-05,0.0,-3.738134421227725e-21,1.204128096821514e-19,0,1,1,451
UC9m0n7phGS-dgWdvQogv2Xg,0.45454545454545453,0.0,0.0,0.00048088482808367395,0.0003305139051177268,0.0,0.0,-4.628557172094313e-19,5,0,1,452
UCZDUFShSf-HEV_wXvmvpCsQ,0.0,0.0033783783783783786,0.0,0.000274791330333528,7.554017998397095e-05,0.0,-2.924324253632421e-19,-5.60706368301127e-20,0,1,1,452
UCMtEBHbm3weLBZu_FY2RWig,0.0,0.006756756756756757,0.0,0.000274791330333528,7.554017998397095e-05,0.0,-5.848648507264842e-19,2.42352415757243e-20,0,2,2,452
UCWk0DqIV0Z4vlRbt9QxBU8Q,0.0,0.0033783783783783786,0.0,0.000274791330333528,7.554017998397095e-05,0.0,-2.924324253632421e-19,1.6070275354616372e-19,0,1,1,452
UChlw1-JWx6Bg7DCB0oYvLaw,0.0,0.0033783783783783786,0.0,0.000274791330333528,7.554017998397095e-05,0.0,-2.924324253632421e-19,4.2894482368647206e-20,0,1,1,452
UCTGmRcLHroX0aqSJYAY3Enw,0.45454545454545453,0.0,0.0,0.0006011060351045924,0.0003942573364011658,0.0,0.0,-1.2559993184393092e-18,5,0,1,453
UC7w8EzDwK3yvcxifLBEI3nw,0.0,0.0033783783783783786,0.0,0.0003339477972803291,7.554017998397095e-05,0.0,-7.935408666014036e-19,5.1522879619289813e-20,0,1,1,453
UCUSOFO9Z67B5X5h-aClAWkQ,0.0,0.0033783783783783786,0.0,0.0003339477972803291,7.554017998397095e-05,0.0,-7.935408666014036e-19,1.001425134260105e-19,0,1,1,453
UCvnd934AYzwNQMg61RSe7pg,0.0,0.0033783783783783786,0.0,0.0003339477972803291,7.554017998397095e-05,0.0,-7.935408666014036e-19,-1.192710062541236e-19,0,1,1,453
UCEQ4l5Bo9XIO1M7yVpIJrtQ,0.0,0.0033783783783783786,0.0,0.0003339477972803291,7.554017998397095e-05,0.0,-7.935408666014036e-19,-1.442433061241377e-20,0,1,1,453
UCH-8b3SIpl_woEgtCg8zN-Q,0.09090909090909091,0.0,0.0,0.00012022120702091849,0.00013928361126740993,0.0,0.0,-2.0008084481237406e-20,1,0,1,454
UCmoc1raf2KelQ3v2niBxP4w,0.0,0.0033783783783783786,0.0,0.00012022120702091849,7.554017998397095e-05,0.0,-1.2641115695830231e-20,5.2586558086883844e-20,0,1,1,454
UCe_HDcZf4Q0GKsk1_taqkWA,0.2727272727272727,0.0,0.0,0.026907846552618207,0.0006138004412657729,0.0,0.0,8.968614214531254e-18,3,0,1,455
UCODvGIsNgS1d5wXvtMphzYA,0.45454545454545453,0.0033783783783783786,0.0,0.02842557662771695,0.0005928551794863782,0.0,5.666374011138999e-18,5.9408588927948425e-19,5,1,2,455
UCPCckwDcm9eZw1zGRz9EDnw,0.45454545454545453,0.0,0.0,0.02423766504393131,0.0003616977588082878,0.0,0.0,3.129710010866613e-20,5,0,1,455
UCHUwc-yCCTMSEvotVojDzVQ,0.45454545454545453,0.0,0.0,0.02683875863330529,0.0003388754568986204,0.0,0.0,4.442044891768369e-18,5,0,1,455
UCzymNwedpxiDsZ9xcjtl8qw,0.5454545454545454,0.0,0.0,0.026960851536403107,0.0003165266375810265,0.0,0.0,6.1666724117524825e-18,6,0,6,455
UCAbgxASDzupy65LJeDTYeaQ,0.45454545454545453,0.0,0.0,0.00048088482808367395,0.00029864218947600737,0.0,0.0,-8.085322420646924e-20,5,0,1,456
UCMxxFlwp5U538SqOkwGfbfA,0.18181818181818182,0.0,0.0,0.00033292026559638967,0.00017115532690912942,0.0,0.0,1.9997129951467707e-19,2,0,2,456
UC19QFsKUXaP7JGB3SRWHpiw,0.0,0.006756756756756757,0.0,0.00043279634527530655,7.554017998397095e-05,0.0,7.525884713490314e-20,-1.2537519646486055e-19,0,2,2,456
UCFbYtm_ouatSz9Kbhh_6vrg,0.0,0.0033783783783783786,0.0,0.00024044241404183698,7.554017998397095e-05,0.0,1.2634194619585175e-19,-1.498264384050039e-20,0,1,1,456
UCibsdgdmI8UF4yjT6qDMHZg,0.0,0.0033783783783783786,0.0,0.00030914024662521896,7.554017998397095e-05,0.0,-5.1083099060948617e-20,-3.388412006385316e-20,0,1,2,456
UCPchsFzNrQi4vzwhp-cY03w,0.36363636363636365,0.0,0.0,0.0003847078624669392,0.00024552266340647485,0.0,0.0,-8.039625337591055e-20,4,0,1,457
UCYpfiMijwAEWG_4vZHRezdA,0.09090909090909091,0.0,0.0,0.00021372659025941062,9.678799041178392e-05,0.0,0.0,2.890026893944406e-19,1,0,3,457
UCJZzXwXGEMldgvcc7vyeD1A,0.0,0.010135135135135136,0.0,0.00032058988538911595,7.554017998397095e-05,0.0,8.10032441480697e-20,-8.267005559015193e-20,0,3,3,457
UCWbsQvJV1TYxmkkU4AA3dDg,0.0,0.0033783783783783786,0.0,0.00024044241404183698,7.554017998397095e-05,0.0,-5.0794384709300963e-20,-1.345930794272778e-19,0,1,1,457
UCZgHH0bihXQavpiZBPP1bQw,0.0,0.0033783783783783786,0.0,0.00024044241404183698,7.554017998397095e-05,0.0,-5.0794384709300963e-20,-2.1524275465841838e-19,0,1,1,457
UC0yD-nkW8hrYAN2--ma1QMA,0.45454545454545453,0.0,0.0,0.04813010263777197,0.0003827266869106243,0.0,0.0,-1.3429947427703722e-19,5,0,1,458
UCEJwyDJI0ihBqgu6iAC3F7A,0.45454545454545453,0.0,0.0,0.04028712394568659,0.00031139087573269517,0.0,0.0,3.748134670572281e-08,5,0,1,458
UCyX5NCumDdDB24u5dHVFJnw,0.45454545454545453,0.0,0.0,0.048075370639927534,0.0002881742035305536,0.0,0.0,1.1428125014901261e-05,5,0,1,458
UCgfpTZe44yOBv_LhWlVrCkQ,0.2727272727272727,0.0,0.0,0.04803288729172148,0.00026043036936262954,0.0,0.0,7.236107258907626e-05,3,0,2,458
UCLli0M4BNZ6l_o6x-bNRmhA,0.2727272727272727,0.0,0.0,0.04803288729172148,0.00020434607136879656,0.0,0.0,7.236107258907621e-05,3,0,1,458
UC9n1HYrCfr1t3QDfCPmlSfA,0.45454545454545453,0.0,0.0,0.00048088482808367395,0.0003305139051177268,0.0,0.0,-1.3589805364823386e-19,5,0,1,459
UC2nGJWAekoXAeT2kmlAExRQ,0.0,0.0033783783783783786,0.0,0.000274791330333528,7.554017998397095e-05,0.0,-8.586044409280822e-20,-1.4676937826997387e-19,0,1,1,459
UCNcaaTU2GSaw9zp1oCi2pEg,0.0,0.006756756756756757,0.0,0.000274791330333528,7.554017998397095e-05,0.0,-1.7172088818561644e-19,2.0123972357358734e-19,0,2,2,459
UCToSiy7bYqBVmwqOzpfK_cw,0.0,0.0033783783783783786,0.0,0.000274791330333528,7.554017998397095e-05,0.0,-8.586044409280822e-20,4.057007607991338e-20,0,1,1,459
UCEDRtRxR_WGgNtbOtMzK4Xw,0.0,0.0033783783783783786,0.0,0.000274791330333528,7.554017998397095e-05,0.0,-8.586044409280822e-20,-1.7768863080325284e-20,0,1,1,459
UCre86beif-ETw1wpM9UpOqQ,0.09090909090909091,0.0,0.0,0.00012022120702091849,0.00013928361126740993,0.0,0.0,3.2990916947910657e-20,1,0,1,460
UCWVc7LjByIH7Q06aTtVq6Kg,0.0,0.0033783783783783786,0.0,0.00012022120702091849,7.554017998397095e-05,0.0,2.0843674387777923e-20,1.1092145236357658e-20,0,1,1,460
UC4GnnkHgbBD9iND31F05LGA,0.2727272727272727,0.0,0.0,0.0003847078624669392,0.00023489875819256837,0.0,0.0,2.4705903231416997e-20,3,0,3,461
UCafaekTZMlpfLcWgnLg3SVA,0.09090909090909091,0.0,0.0,0.00021372659025941062,0.00010741189562569042,0.0,0.0,8.432272516896784e-20,1,0,1,461
UCHJ3NKSLxRi-QiLsz4tZGJA,0.0,0.0033783783783783786,0.0,0.00024044241404183698,7.554017998397095e-05,0.0,1.5609199441915458e-20,3.1311498750295923e-19,0,1,1,461
UCDA-xduXPfTe1G3ZUy6ySpw,0.0,0.006756756756756757,0.0,0.00032058988538911595,7.554017998397095e-05,0.0,6.888433058443927e-20,1.3893159510144312e-20,0,2,2,461
UCqSv_ub2oUWwbwVlSFASdNw,0.0,0.0033783783783783786,0.0,0.00024044241404183698,7.554017998397095e-05,0.0,1.5609199441915458e-20,1.2534460609728066e-19,0,1,1,461
UCpsz65EUVy1V9uG6L22_dlg,0.36363636363636365,0.0,0.0,0.00024044241404183698,0.0002030270425508489,0.0,0.0,2.085334736577718e-19,4,0,1,462
UCCkir_XZnBydI6DBB98Iqyg,0.0,0.006756756756756757,0.0,0.00016029494269455797,7.554017998397095e-05,0.0,2.635030624179201e-19,9.248933383066463e-20,0,2,2,462
UCGEXFedSGlte6qNRCWOzA4g,0.0,0.006756756756756757,0.0,0.00016029494269455797,7.554017998397095e-05,0.0,2.635030624179201e-19,3.574005158815889e-20,0,2,2,462
UCdxyn4H7hapxaHty3wwcnfw,0.09090909090909091,0.0,0.0,0.00012022120702091849,0.00013928361126740993,0.0,0.0,-8.919634573594486e-20,1,0,1,463
UCKYv_7pvWWpNaJnFjAYKx7A,0.0,0.0033783783783783786,0.0,0.00012022120702091849,7.554017998397095e-05,0.0,-5.635428654605618e-20,-4.836862747424192e-22,0,1,1,463
UCn4oXFzAYyK5Wu-q01f916Q,0.18181818181818182,0.0,0.0,0.0002704977157970666,0.00017115532690912942,0.0,0.0,4.604614496194296e-20,2,0,1,464
UCsC-l8N5-mtiZR9_bya8t1g,0.09090909090909091,0.0,0.0,0.00018033181053137774,0.00010741189562569042,0.0,0.0,-1.8247359131472644e-19,1,0,1,464
UC-JvUXNo4tffbUj8i8Y9zTg,0.0,0.0033783783783783786,0.0,0.00018033181053137774,7.554017998397095e-05,0.0,2.909197261520623e-20,1.5885058302311474e-19,0,1,1,464
UC0IdbiK3iFfiz0xE-mb83fg,0.0,0.006756756756756757,0.0,0.0002704977157970666,7.554017998397095e-05,0.0,-8.619491461311294e-20,-4.794346159882072e-20,0,2,2,464
UCNACSNlTl9g5T1pDeejuAYQ,0.09090909090909091,0.0,0.0,0.00012022120702091849,0.00013928361126740993,0.0,0.0,-3.2131512392995877e-19,1,0,1,465
UCRgfX_fsQsILitRP46xnNJg,0.0,0.0033783783783783786,0.0,0.00012022120702091849,7.554017998397095e-05,0.0,-2.0300702249770967e-19,-2.38744602360434e-20,0,1,1,465
UCg6iBtDpeuRdbFplK5SkYGw,0.09090909090909091,0.0,0.0,0.00012022120702091849,0.00013928361126740993,0.0,0.0,1.172122984169497e-22,1,0,1,466
UCdhuHQbBijQGwsy6S_f6yrw,0.0,0.0033783783783783786,0.0,0.00012022120702091849,7.554017998397095e-05,0.0,7.405477654056786e-23,3.443070512501348e-20,0,1,2,466
UCpyJfYSG-0KdONwwpnygCqw,0.36363636363636365,0.0,0.0,0.00048088482808367395,0.0003305139051177268,0.0,0.0,-4.416797696647238e-19,4,0,3,467
UCpQj_f9atLcNm0xeZipGbOA,0.0,0.0033783783783783786,0.0,0.000274791330333528,7.554017998397095e-05,0.0,-2.7905345332159045e-19,-4.653859577923556e-20,0,1,1,467
UCtq-iwNtZG8ngd54cfAmS7g,0.0,0.0033783783783783786,0.0,0.000274791330333528,7.554017998397095e-05,0.0,-2.7905345332159045e-19,3.966908843501961e-21,0,1,1,467
UCDfhSyE4Sa7zYfVhs9xWdbA,0.0,0.0033783783783783786,0.0,0.000274791330333528,7.554017998397095e-05,0.0,-2.7905345332159045e-19,-2.6705699567125386e-19,0,1,3,467
UC4Jas1KGRYAZVPyRxyasPZQ,0.0,0.0033783783783783786,0.0,0.000274791330333528,7.554017998397095e-05,0.0,-2.7905345332159045e-19,-8.59969296294498e-21,0,1,1,467
UCoNbuhZE8PpnYIQvgFvEiYg,0.45454545454545453,0.0,0.0,0.0003606636210627555,0.00026677047383428783,0.0,0.0,1.6898729906269025e-20,5,0,1,468
UCQMW6HWPFMZbfofbz9SFPug,0.0,0.010135135135135136,0.0,0.00021639817263765327,7.554017998397095e-05,0.0,3.2029872733402486e-20,-1.3263599501841663e-20,0,3,3,468
UCFKGtTGLhkH8dS1tHLv5Lpw,0.0,0.0033783783783783786,0.0,0.00021639817263765327,7.554017998397095e-05,0.0,1.0676624244467495e-20,-3.435540864155251e-20,0,1,1,468
UCS0knu9x_qE6omdYsJhY6wg,0.0,0.0033783783783783786,0.0,0.00021639817263765327,7.554017998397095e-05,0.0,1.0676624244467495e-20,1.0960542050255416e-19,0,1,1,468
UCz4w0nR37UMCrIlzCMf761g,0.09090909090909091,0.0,0.0,0.00012022120702091849,0.00013928361126740993,0.0,0.0,1.0019658567512474e-19,1,0,1,469
UCB0tN2u3YAVEIrLwJwLnvPA,0.0,0.0033783783783783786,0.0,0.00012022120702091849,7.554017998397095e-05,0.0,6.330424249428624e-20,-5.8314142958074595e-21,0,1,1,469
UCzaN9WXLEgnWKdiemLE7mTw,0.36363636363636365,0.0,0.0,0.00048088482808367395,0.0003305139051177268,0.0,0.0,1.8551343587945108e-19,4,0,2,470
UCEzGZBgcAWw1D3LhcfAMn0Q,0.0,0.0033783783783783786,0.0,0.000274791330333528,7.554017998397095e-05,0.0,1.1720746222769303e-19,-9.355354964835705e-21,0,1,1,470
UChbVZ-LNfkI012vbQBFBjEQ,0.0,0.0033783783783783786,0.0,0.000274791330333528,7.554017998397095e-05,0.0,1.1720746222769303e-19,1.0127021633634081e-19,0,1,1,470
UC2CPFF--Dj3H7LHwijci8xw,0.0,0.0033783783783783786,0.0,0.000274791330333528,7.554017998397095e-05,0.0,1.1720746222769303e-19,-2.010079641596434e-22,0,1,1,470
UCbDWWoX3dWK2z_4rlLas05g,0.0,0.0033783783783783786,0.0,0.000274791330333528,7.554017998397095e-05,0.0,1.1720746222769303e-19,-6.090084809393441e-20,0,1,1,470
UCxypOqRJETMWoS4S6JHr6QQ,0.45454545454545453,0.0,0.0,0.0006011060351045924,0.0003942573364011658,0.0,0.0,8.624189508143202e-19,5,0,1,471
UCnm_xgoiFRY30FUuqRw4NFA,0.0,0.0033783783783783786,0.0,0.0003339477972803291,7.554017998397095e-05,0.0,5.448766345295894e-19,-1.8035423250788947e-19,0,1,1,471
UC8pCTVaebu9Kb3L8yaWVdsw,0.0,0.0033783783783783786,0.0,0.0003339477972803291,7.554017998397095e-05,0.0,5.448766345295894e-19,1.4820576737003315e-20,0,1,1,471
UCAJTBLAb9UGUXhEyUQqGQrQ,0.0,0.0033783783783783786,0.0,0.0003339477972803291,7.554017998397095e-05,0.0,5.448766345295894e-19,5.2212293075971466e-20,0,1,1,471
UC_aINdVzwgY5_vEVyrMZx6Q,0.0,0.0033783783783783786,0.0,0.0003339477972803291,7.554017998397095e-05,0.0,5.448766345295894e-19,5.2676971659551176e-20,0,1,1,471
UCMLMmvdMJXjpdrJMb1lH3Ww,0.09090909090909091,0.0,0.0,0.00012022120702091849,0.00013928361126740993,0.0,0.0,1.5932643474752526e-19,1,0,1,472
UCPug0vm8INiQgU1jWxGnQNw,0.0,0.0033783783783783786,0.0,0.00012022120702091849,7.554017998397095e-05,0.0,1.0066250454591506e-19,6.97094316358783e-20,0,1,1,472
UCjAW029qEsZKdiS4ws9h9Gg,0.45454545454545453,0.0,0.0,0.04468230657310784,0.00043440116567281493,0.0,0.0,-4.2855038432982035e-19,5,0,1,473
UCDu3UHUOOxrHdB88u7WCyQQ,0.45454545454545453,0.0,0.0,0.0492324043000676,0.000298857538906019,0.0,0.0,0.003398255798701426,5,0,1,473
UCqSNYPawhw-m5QxwklxxSjg,0.45454545454545453,0.0,0.0,0.03766533819642465,0.00026677047383428783,0.0,0.0,2.2111876329287076e-19,5,0,1,473
UCD0EXzV13MRBY3oKjYWhl9g,0.2727272727272727,0.0033783783783783786,0.0,0.0492578987873029,0.000171370676339141,0.0,-2.707583024694792e-19,0.003376463449000713,3,1,2,473
UCNVLoZzGmoUih1qxOslrXVg,0.18181818181818182,0.0,0.0,0.0376608644355778,0.00016053142169522293,0.0,0.0,-2.4447824380188434e-19,2,0,1,473
UCkV78IABdS4zD1eVgUpCmaw,0.45454545454545453,0.04054054054054054,0.0,0.04093026176771111,0.0003942573364011658,0.0,1.0842444094685243e-18,1.0385872498632303e-18,5,12,13,474
UCgFGn7JJU3XcZJiST2uIYXw,0.45454545454545453,0.0,0.0,0.049280866411854016,0.0003405427640558329,0.0,0.0,0.0034093661652572606,5,0,1,474
UCCs47uX_VGmb_kQWDZ4e9fw,0.45454545454545453,0.0,0.0,0.04927831339592841,0.00027679933277239394,0.0,0.0,0.003431513820729821,5,0,1,474
UC_CXBWrr8ItxaH7l4mOlycQ,0.36363636363636365,0.010135135135135136,0.0,0.044726426871122896,0.0002594585830412974,0.0,0.006455455655789095,3.5567552721040833e-19,4,3,5,474
UCdHHspELoQ89ulme-Mw1wiw,0.18181818181818182,0.0,0.0,0.03770564992494723,0.00016749938151263414,0.0,0.0,1.1397985655824444e-19,2,0,2,474
UCVO7zUvORTxCrk5mXlaSTMA,0.45454545454545453,0.0,0.0,0.0006011060351045924,0.0003942573364011658,0.0,0.0,-6.160745781341333e-19,5,0,1,475
UCbn_6zxeBeY2pskJ-veReMA,0.0,0.0033783783783783786,0.0,0.0003339477972803291,7.554017998397095e-05,0.0,-3.892361623500971e-19,7.504692777122688e-20,0,1,1,475
UCG4XIlIF6S7oyR2xhkf0giQ,0.0,0.0033783783783783786,0.0,0.0003339477972803291,7.554017998397095e-05,0.0,-3.892361623500971e-19,6.565911800287632e-20,0,1,1,475
UCG1ORpZTn1MtgkU4YjCvYWA,0.0,0.0033783783783783786,0.0,0.0003339477972803291,7.554017998397095e-05,0.0,-3.892361623500971e-19,8.882535556947593e-21,0,1,1,475
UCm66xSoejl6d24q4KrpjQVg,0.0,0.0033783783783783786,0.0,0.0003339477972803291,7.554017998397095e-05,0.0,-3.892361623500971e-19,-3.7841699040214365e-19,0,1,2,475
UCFyXZL3ul9JTZ3HCtkH73pg,0.36363636363636365,0.0,0.0,0.00048088482808367395,0.0003305139051177268,0.0,0.0,4.2435463839707697e-19,4,0,2,476
UCeNu9aNmOZyYx1vYtivmX8g,0.0,0.0033783783783783786,0.0,0.000274791330333528,7.554017998397095e-05,0.0,2.6810742852820536e-19,1.2247379834932919e-20,0,1,1,476
UCLYcr8BgyfC4ETwUHil4uJQ,0.0,0.0033783783783783786,0.0,0.000274791330333528,7.554017998397095e-05,0.0,2.6810742852820536e-19,2.742482107209356e-20,0,1,1,476
UCT_v0iOVU5a99O5y_Mz49eA,0.0,0.0033783783783783786,0.0,0.000274791330333528,7.554017998397095e-05,0.0,2.6810742852820536e-19,8.483534828819613e-20,0,1,1,476
UCMSkvjLlW3hLuIx47mf87Rg,0.0,0.0033783783783783786,0.0,0.000274791330333528,7.554017998397095e-05,0.0,2.6810742852820536e-19,-3.896830683030231e-21,0,1,1,476
UC5OqIXewaNti1YD1HK7jZgg,0.45454545454545453,0.0,0.0,0.00048088482808367395,0.0003305139051177268,0.0,0.0,8.755908931793127e-21,5,0,1,477
UChnsJStAf-bg1LfmtouHysg,0.0,0.006756756756756757,0.0,0.000274791330333528,7.554017998397095e-05,0.0,1.106397345860316e-20,-2.1402527019024044e-19,0,2,2,477
UCCILNRHv25-HbbbHAIw16Pw,0.0,0.0033783783783783786,0.0,0.000274791330333528,7.554017998397095e-05,0.0,5.53198672930158e-21,-7.076405207515678e-20,0,1,1,477
UCXPESPzXCzeY_9tBetB5r5Q,0.0,0.0033783783783783786,0.0,0.000274791330333528,7.554017998397095e-05,0.0,5.53198672930158e-21,-1.3610618405981432e-21,0,1,1,477
UCmsyLGTgqjWdW5SyRe7qELQ,0.0,0.0033783783783783786,0.0,0.000274791330333528,7.554017998397095e-05,0.0,5.53198672930158e-21,-5.537256354133204e-19,0,1,1,477
UCJby_-HUcgPWUSNFkWZao_Q,0.09090909090909091,0.0,0.0,0.00012022120702091849,0.00013928361126740993,0.0,0.0,-8.967390174845317e-20,1,0,1,478
UCsiyX8U4xCRnB3edzIjbDgw,0.0,0.0033783783783783786,0.0,0.00012022120702091849,7.554017998397095e-05,0.0,-5.665600662380864e-20,2.832309144042422e-20,0,1,1,478
UCJqGwRw2yjjV7B59m0tp6hA,0.45454545454545453,0.0,0.0,0.0006011060351045924,0.0003942573364011658,0.0,0.0,1.849398768528389e-19,5,0,1,479
UClrdP5GKR9kKaQ6GllUm5zg,0.0,0.0033783783783783786,0.0,0.0003339477972803291,7.554017998397095e-05,0.0,1.168450874076251e-19,-5.163256477702962e-20,0,1,1,479
UCsoR9KJ4QNObHSOYcNpTYaQ,0.0,0.0033783783783783786,0.0,0.0003339477972803291,7.554017998397095e-05,0.0,1.168450874076251e-19,1.5905887613995774e-20,0,1,1,479
UCZJeQn7Sa3EAzLgQ8R-66LA,0.0,0.0033783783783783786,0.0,0.0003339477972803291,7.554017998397095e-05,0.0,1.168450874076251e-19,5.347873790544508e-21,0,1,1,479
UCjZv1NVCBpM9J4HnszTBXGw,0.0,0.0033783783783783786,0.0,0.0003339477972803291,7.554017998397095e-05,0.0,1.168450874076251e-19,-1.9377325976596603e-19,0,1,1,479
UC3JXVazOT_DkN6V1fF2L2HQ,0.45454545454545453,0.0,0.0,0.0006011060351045924,0.0003942573364011658,0.0,0.0,5.042116975710552e-19,5,0,1,480
UCWTGOZ_BBIvn97CzMqI7jXQ,0.0,0.0033783783783783786,0.0,0.0003339477972803291,7.554017998397095e-05,0.0,3.1856115012727513e-19,-3.897046457379078e-20,0,1,1,480
UCrXe_rxzaCyx1-iWZWayQaA,0.0,0.0033783783783783786,0.0,0.0003339477972803291,7.554017998397095e-05,0.0,3.1856115012727513e-19,6.456677838285566e-20,0,1,1,480
UCErDYSGaJADG20IP_KKMUAA,0.0,0.0033783783783783786,0.0,0.0003339477972803291,7.554017998397095e-05,0.0,3.1856115012727513e-19,1.703583489309145e-19,0,1,1,480
UCBLUvdKMLTlMsrFNQ7197Vg,0.0,0.0033783783783783786,0.0,0.0003339477972803291,7.554017998397095e-05,0.0,3.1856115012727513e-19,-3.482348873700727e-21,0,1,1,480
UCX0HBfF2mhelY-yhSFkKGOg,0.09090909090909091,0.0,0.0,0.00012022120702091849,0.00013928361126740993,0.0,0.0,1.290397218549335e-19,1,0,1,481
UCSfRERAqv5TFhUFRN0BMc4Q,0.0,0.0033783783783783786,0.0,0.00012022120702091849,7.554017998397095e-05,0.0,8.15273473507987e-20,3.4080243193508217e-20,0,1,1,481
UCyFrq7l1fcuKjQodJhRUNSw,0.36363636363636365,0.0,0.0,0.00048088482808367395,0.0003305139051177268,0.0,0.0,-1.182847232212714e-19,4,0,2,482
UCL-7oPOxbM8-ZwlY274nGCA,0.0,0.0033783783783783786,0.0,0.000274791330333528,7.554017998397095e-05,0.0,-7.473233495647829e-20,-1.6965555626074573e-20,0,1,2,482
UCzaT-AkRsJko6Xj36_JjZyA,0.0,0.0033783783783783786,0.0,0.000274791330333528,7.554017998397095e-05,0.0,-7.473233495647829e-20,3.77111643541515e-20,0,1,1,482
UC4IH_XcH-RWtn66kIOuzHIQ,0.0,0.0033783783783783786,0.0,0.000274791330333528,7.554017998397095e-05,0.0,-7.473233495647829e-20,2.0343757567908414e-20,0,1,1,482
UCfnRli9NC3jvdVXKXl80hXA,0.0,0.0033783783783783786,0.0,0.000274791330333528,7.554017998397095e-05,0.0,-7.473233495647829e-20,-5.614517551728906e-21,0,1,1,482
UCmAe90C2ukUUBpdopj8YRZA,0.2727272727272727,0.0,0.0,0.0003606636210627555,0.00026677047383428783,0.0,0.0,1.0238072118577276e-19,3,0,1,483
UC2E1KrhbS1M8djF_wsdWlDw,0.0,0.0033783783783783786,0.0,0.00021639817263765327,7.554017998397095e-05,0.0,6.468418017454563e-20,9.487273042417945e-21,0,1,1,483
UC-b_H6Jb8Hbt5ue-K1gXS_Q,0.0,0.0033783783783783786,0.0,0.00021639817263765327,7.554017998397095e-05,0.0,6.468418017454563e-20,-2.3463842692512538e-21,0,1,1,483
UCtWOrgZFLroDxpWJiRH4yXg,0.0,0.0033783783783783786,0.0,0.00021639817263765327,7.554017998397095e-05,0.0,6.468418017454563e-20,-3.4041491761246865e-20,0,1,1,483
UC7eiRTf6rYYkJj35T-0yw6Q,0.45454545454545453,0.0,0.0,0.0006011060351045924,0.0003942573364011658,0.0,0.0,7.331943302898226e-19,5,0,1,484
UC3J5tw7KijHiOUi65OxdnOw,0.0,0.0033783783783783786,0.0,0.0003339477972803291,7.554017998397095e-05,0.0,4.632324681261644e-19,-4.251953351387823e-20,0,1,1,484
UCfoFoIMFnl7YLI7ZIKuYTzA,0.0,0.0033783783783783786,0.0,0.0003339477972803291,7.554017998397095e-05,0.0,4.632324681261644e-19,-4.876456547696397e-20,0,1,2,484
UCpMRqXqYnOvqmau5rgc6rjQ,0.0,0.0033783783783783786,0.0,0.0003339477972803291,7.554017998397095e-05,0.0,4.632324681261644e-19,-7.4795174999278e-21,0,1,1,484
UCezMYmx9nn97-E0y7OTOp0g,0.0,0.0033783783783783786,0.0,0.0003339477972803291,7.554017998397095e-05,0.0,4.632324681261644e-19,-1.657273055685648e-19,0,1,1,484
UCYMqL_nFv2bBz1XpdM9N9Sw,0.09090909090909091,0.0,0.0,0.00012022120702091849,0.00013928361126740993,0.0,0.0,-1.3410194081410542e-20,1,0,1,485
UCUGEoS46hYjWTwD53bGQGlQ,0.0,0.0033783783783783786,0.0,0.00012022120702091849,7.554017998397095e-05,0.0,-8.472565929318012e-21,3.478593464270186e-22,0,1,1,485
UCXNhO4KDjncgVdr2UGyNO5Q,0.45454545454545453,0.0,0.0,0.0006011060351045924,0.0003942573364011658,0.0,0.0,-2.423247470403288e-19,5,0,1,486
UChUimtB3zwqQ0A2evUsBt6w,0.0,0.0033783783783783786,0.0,0.0003339477972803291,7.554017998397095e-05,0.0,-1.53100871108984e-19,7.055477466713602e-20,0,1,1,486
UCDAzVIUeCvNoZPIRW6C483g,0.0,0.0033783783783783786,0.0,0.0003339477972803291,7.554017998397095e-05,0.0,-1.53100871108984e-19,-2.9351809927619596e-20,0,1,1,486
UCumyZPnsq3cNZtfLv7bsSfA,0.0,0.0033783783783783786,0.0,0.0003339477972803291,7.554017998397095e-05,0.0,-1.53100871108984e-19,1.36074777685838e-20,0,1,1,486
UC7a9KJ4oqVG24vEsvfhFFjg,0.0,0.0033783783783783786,0.0,0.0003339477972803291,7.554017998397095e-05,0.0,-1.53100871108984e-19,1.4530426976472557e-20,0,1,1,486
UC4WYwkDx0vOkSh6d_tAzy2Q,0.45454545454545453,0.0,0.0,0.0006411797707782319,0.00035176171554553983,0.0,0.0,-1.23703685345054e-19,5,0,1,487
UCwGemtbvhJU7CgYcjfirJxg,0.18181818181818182,0.0,0.0,0.00042745318051882125,0.00016053142169522293,0.0,0.0,-1.8682961631362117e-19,2,0,1,487
UCRp-xS2c0p2MrV-Uj_K0syw,0.09090909090909091,0.0,0.0,0.0003847078624669392,9.678799041178392e-05,0.0,0.0,1.2890846305505212e-19,1,0,1,487
UCgPqpx_XCNzObrT-zYm5Mcg,0.0,0.0033783783783783786,0.0,0.0004049556447020412,7.554017998397095e-05,0.0,-7.815603737148432e-20,-7.624927244160588e-20,0,1,1,487
UCZ-_zker9clLs8ok19S6WvQ,0.0,0.0033783783783783786,0.0,0.0004049556447020412,7.554017998397095e-05,0.0,-7.815603737148432e-20,-1.578617404553462e-19,0,1,1,487
UCXyl6-cmotOJZfWkAW-7aNA,0.45454545454545453,0.0,0.0,0.0006011060351045924,0.0003942573364011658,0.0,0.0,1.9349996696998242e-19,5,0,1,488
UC9PDMOcB_kbGnrz6YlkO6nA,0.0,0.0033783783783783786,0.0,0.0003339477972803291,7.554017998397095e-05,0.0,1.2225335573231241e-19,3.297715128258616e-20,0,1,1,488
UCqWMmAsq8W797igtTkf7_pw,0.0,0.0033783783783783786,0.0,0.0003339477972803291,7.554017998397095e-05,0.0,1.2225335573231241e-19,1.086678567154926e-19,0,1,1,488
UC5BUtGRWDaa8BPgZCvaueCQ,0.0,0.0033783783783783786,0.0,0.0003339477972803291,7.554017998397095e-05,0.0,1.2225335573231241e-19,-5.97508455933995e-20,0,1,1,488
UCT5EaQCAzb6leEoTFxDLW_Q,0.0,0.0033783783783783786,0.0,0.0003339477972803291,7.554017998397095e-05,0.0,1.2225335573231241e-19,-3.2448770714673413e-19,0,1,1,488
UC_46Svlb3pQpAMVbOhCD_5Q,0.45454545454545453,0.0,0.0,0.0006011060351045924,0.0003942573364011658,0.0,0.0,-4.290083416894928e-19,5,0,1,489
UCEGobnpaQVgjXYo2M8_ePxg,0.0,0.0033783783783783786,0.0,0.0003339477972803291,7.554017998397095e-05,0.0,-2.7104764011061147e-19,7.187687770688592e-20,0,1,1,489
UCGAu_lybQJUolWEcdGIF0Dg,0.0,0.0033783783783783786,0.0,0.0003339477972803291,7.554017998397095e-05,0.0,-2.7104764011061147e-19,1.3482456978697118e-20,0,1,1,489
UCrvcH6HXz6g-gg48wTvwhwQ,0.0,0.0033783783783783786,0.0,0.0003339477972803291,7.554017998397095e-05,0.0,-2.7104764011061147e-19,-3.5811012810005923e-19,0,1,1,489
UCOCXcZE5bwE1sXZ3erzF-Iw,0.0,0.0033783783783783786,0.0,0.0003339477972803291,7.554017998397095e-05,0.0,-2.7104764011061147e-19,9.992295384127737e-20,0,1,1,489
UCYCfDl3HZuYtoFbpgoYTvhA,0.18181818181818182,0.0,0.0,0.00012022120702091849,0.00013928361126740993,0.0,0.0,-5.86257776002714e-21,2,0,1,490
UCvi7xplxVehSVv0aOol3wwA,0.0,0.006756756756756757,0.0,0.00012022120702091849,7.554017998397095e-05,0.0,-7.407957899198255e-21,2.187149252054733e-19,0,2,2,490
UC49t1J1b9ws_VwYMZ-_6kLg,0.09090909090909091,0.0,0.0,0.00012022120702091849,0.00013928361126740993,0.0,0.0,7.067102686550685e-20,1,0,1,491
UCdo8gFJCCzg_9e2Y4IGjxnA,0.0,0.0033783783783783786,0.0,0.00012022120702091849,7.554017998397095e-05,0.0,4.464998275011024e-20,-2.1292274980799326e-20,0,1,1,491
UC0Jc_4GjUYy0Zee0JAajjqg,0.45454545454545453,0.0,0.0,0.0007363548930031257,0.0003198899999038203,0.0,0.0,-1.0930800930204036e-19,5,0,1,492
UClOduGJMV81TMfpGHUmZRPw,0.45454545454545453,0.0,0.0,0.0009140957292452595,0.0003198899999038203,0.0,0.0,-4.029602511030723e-19,5,0,1,492
UChuXA5UqzipkyykEEqgBDFA,0.45454545454545453,0.0,0.0,0.0005640165137896282,0.00029864218947600737,0.0,0.0,-1.0155987340135606e-19,5,0,1,492
UCLP-aNmZjsa_yrB34aK-rNg,0.36363636363636365,0.0,0.0,0.0007796698867091919,0.00026677047383428783,0.0,0.0,1.92561034764706e-19,4,0,2,492
UCOmjN4HUldFnQWubjrNE8kw,0.18181818181818182,0.0,0.0,0.0006627194037028131,0.00016053142169522293,0.0,0.0,2.6602815585934504e-19,2,0,2,492
UCUUwIRgMMNR1FIai8BMObBg,0.36363636363636365,0.0,0.0,0.0003606636210627555,0.00026677047383428783,0.0,0.0,6.372551361871433e-19,4,0,2,493
UC92i0ohXKCTWLb2qYNlkVkQ,0.0,0.0033783783783783786,0.0,0.00021639817263765327,7.554017998397095e-05,0.0,4.0261804731271944e-19,2.2418277513398707e-19,0,1,1,493
UC-IiSdZfsn1XD1QKdhGxBhg,0.0,0.0033783783783783786,0.0,0.00021639817263765327,7.554017998397095e-05,0.0,4.0261804731271944e-19,-4.8683982083806697e-20,0,1,1,493
UCZHSk4ABLkekYOafcK1B2xw,0.0,0.006756756756756757,0.0,0.00021639817263765327,7.554017998397095e-05,0.0,8.052360946254389e-19,1.0949702452828006e-21,0,2,2,493
UCXDTyLgOCg0j1v7AHKqFNGw,0.45454545454545453,0.0,0.0,0.00048088482808367395,0.0003305139051177268,0.0,0.0,2.9999569321926018e-19,5,0,1,494
UCWsC2qQ6ySRynUIqbtYqrgw,0.0,0.0033783783783783786,0.0,0.000274791330333528,7.554017998397095e-05,0.0,1.895373977349843e-19,1.0816728620283958e-20,0,1,1,494
UCYgndHY5qISti-1S86VM-iQ,0.0,0.0033783783783783786,0.0,0.000274791330333528,7.554017998397095e-05,0.0,1.895373977349843e-19,-1.2480040646926992e-21,0,1,1,494
UCwBhad_6KFsaIivYK5Veznw,0.0,0.0033783783783783786,0.0,0.000274791330333528,7.554017998397095e-05,0.0,1.895373977349843e-19,-2.338209322837097e-20,0,1,1,494
UCm3QrmmKXFuDDXnHes5Y3Ew,0.0,0.006756756756756757,0.0,0.000274791330333528,7.554017998397095e-05,0.0,3.790747954699686e-19,5.781869077411431e-20,0,2,2,494
UCfZlv3vU18S-mWv-JAVkEOg,0.09090909090909091,0.0,0.0,0.00012022120702091849,0.00013928361126740993,0.0,0.0,-5.1260511851909e-20,1,0,2,495
UCJKgWXiOpXo7pHU5MR7-nBg,0.0,0.0033783783783783786,0.0,0.00012022120702091849,7.554017998397095e-05,0.0,-3.238641168049403e-20,2.0807838341632368e-20,0,1,1,495
UC6PP9ikcnijAhW9rfxv5grQ,0.18181818181818182,0.0,0.0,0.00024044241404183698,0.0002030270425508489,0.0,0.0,2.7600358785272725e-19,2,0,1,496
UC5nbzLgy2j4icUYpS7ke0lw,0.0,0.0033783783783783786,0.0,0.00016029494269455797,7.554017998397095e-05,0.0,1.7437917606667318e-19,1.0321411291495004e-20,0,1,1,496
UCCrHs3JapXicPZv3K_vs7xg,0.0,0.0033783783783783786,0.0,0.00016029494269455797,7.554017998397095e-05,0.0,1.7437917606667318e-19,3.768258028666104e-19,0,1,1,496
UCWpqoJmfG_OXbTgIkHgOjbg,0.09090909090909091,0.0,0.0,0.00012022120702091849,0.00013928361126740993,0.0,0.0,-1.6362756986810717e-19,1,0,1,497
UCIDr9DfmRc6rUBXLNb6S9zg,0.0,0.0033783783783783786,0.0,0.00012022120702091849,7.554017998397095e-05,0.0,-1.0337996341778563e-19,7.347264475234873e-20,0,1,1,497
UCUhS-TAbu2t99EDnwjITo9w,0.45454545454545453,0.0,0.0,0.0006011060351045924,0.0003942573364011658,0.0,0.0,3.2502489653481797e-19,5,0,1,498
UC0qSPN6uvGk-MVbBWuN5MpQ,0.0,0.0033783783783783786,0.0,0.0003339477972803291,7.554017998397095e-05,0.0,2.0535085829804445e-19,-4.296205185372543e-20,0,1,1,498
UCpfbEekhz9n4eB7h7qUQksw,0.0,0.0033783783783783786,0.0,0.0003339477972803291,7.554017998397095e-05,0.0,2.0535085829804445e-19,2.7517846168906575e-19,0,1,1,498
UC4y4AMkoahmOl_gexyNzAUQ,0.0,0.0033783783783783786,0.0,0.0003339477972803291,7.554017998397095e-05,0.0,2.0535085829804445e-19,-1.3755352087390314e-19,0,1,1,498
UC07gxSebiabluDBY3-zqQAA,0.0,0.0033783783783783786,0.0,0.0003339477972803291,7.554017998397095e-05,0.0,2.0535085829804445e-19,9.102560126001255e-20,0,1,1,498
UCvdiMXgrQZT4307iDlJm-7A,0.09090909090909091,0.0,0.0,0.00012022120702091849,0.00013928361126740993,0.0,0.0,4.920426193830647e-20,1,0,1,499
UCSG6bmdgshyNiTiXPCV0rlQ,0.0,0.0033783783783783786,0.0,0.00012022120702091849,7.554017998397095e-05,0.0,3.1087272171073943e-20,2.5660182879211486e-21,0,1,1,499
UCi-kgFtnQvCk_WsQ0EE9L5g,0.45454545454545453,0.0,0.0,0.0006011060351045924,0.0003942573364011658,0.0,0.0,5.190124695227793e-19,5,0,1,500
UCnrGfVrIvOYIHSvzwI_32dg,0.0,0.0033783783783783786,0.0,0.0003339477972803291,7.554017998397095e-05,0.0,3.2791228370554414e-19,-1.8751819858705596e-20,0,1,1,500
UCIa50rRPr9TfL9e2ZbShotw,0.0,0.0033783783783783786,0.0,0.0003339477972803291,7.554017998397095e-05,0.0,3.2791228370554414e-19,-5.446310840457023e-20,0,1,1,500
UCdH_q4766PRl-lUzDhU3OlQ,0.0,0.0033783783783783786,0.0,0.0003339477972803291,7.554017998397095e-05,0.0,3.2791228370554414e-19,2.160603131046573e-22,0,1,1,500
UCALstN6L5LG3klztb7JxZhA,0.0,0.0033783783783783786,0.0,0.0003339477972803291,7.554017998397095e-05,0.0,3.2791228370554414e-19,-1.2219731138919608e-20,0,1,1,500
UCcc5CTSelZUl__9CwT1h-Ow,0.09090909090909091,0.0,0.0,0.00012022120702091849,0.00013928361126740993,0.0,0.0,4.192672707550665e-19,1,0,1,501
UCI_90h2Jy3knGa8CIFH8JEQ,0.0,0.0033783783783783786,0.0,0.00012022120702091849,7.554017998397095e-05,0.0,2.6489322763805096e-19,8.224476483296887e-22,0,1,1,501
UCmAvi0QnRY3LoJM478X-UEg,0.09090909090909091,0.0,0.0,0.00012022120702091849,0.00013928361126740993,0.0,0.0,-3.673713347773184e-19,1,0,1,502
UCWAgDUJDV20zw7GjCKJ5ybg,0.0,0.0033783783783783786,0.0,0.00012022120702091849,7.554017998397095e-05,0.0,-2.321053547433069e-19,-3.1135225175187897e-20,0,1,1,502
UC_SMKhJoL-Y9tfYSub40FYw,0.09090909090909091,0.0,0.0,0.00012022120702091849,0.00013928361126740993,0.0,0.0,-2.506180335041064e-19,1,0,1,503
UC2YFR2uOYkYeJebMJrjKI7A,0.0,0.0033783783783783786,0.0,0.00012022120702091849,7.554017998397095e-05,0.0,-1.5834057277985536e-19,-1.827569224010198e-21,0,1,1,503
UCeHgnT4mhXS8D9JicyuPlng,0.18181818181818182,0.0,0.0,0.00012022120702091849,0.00013928361126740993,0.0,0.0,4.701209975309587e-19,2,0,2,504
UCFhVzx2UafLV3So3aoDqu5w,0.0,0.006756756756756757,0.0,0.00012022120702091849,7.554017998397095e-05,0.0,5.940452646929678e-19,2.6331897219763708e-20,0,2,2,504
UCn1RF9So503RBariXrjLceg,0.09090909090909091,0.0,0.0,0.00012022120702091849,0.00013928361126740993,0.0,0.0,-2.298771116555209e-21,1,0,1,505
UCqj8o8yuvd11vsx5tZPEyNQ,0.0,0.0033783783783783786,0.0,0.00012022120702091849,7.554017998397095e-05,0.0,-1.4523645014522686e-21,-1.9939270399063762e-20,0,1,2,505
UCAwvOe_U10nVwKFLZon_UAg,0.45454545454545453,0.0,0.0,0.0006011060351045924,0.0003942573364011658,0.0,0.0,1.5243950648877196e-19,5,0,1,506
UCkSMecSOUpgyV2eOj-6yAkg,0.0,0.0033783783783783786,0.0,0.0003339477972803291,7.554017998397095e-05,0.0,9.631134054571193e-20,1.4055119770071296e-20,0,1,1,506
UCEPctcvAi1y7WGT8RlO0AYQ,0.0,0.0033783783783783786,0.0,0.0003339477972803291,7.554017998397095e-05,0.0,9.631134054571193e-20,-1.5495401680783996e-20,0,1,1,506
UC-MfMIL98tmBjMB-8IDJM3g,0.0,0.0033783783783783786,0.0,0.0003339477972803291,7.554017998397095e-05,0.0,9.631134054571193e-20,-6.390199644812069e-20,0,1,1,506
UCG2DWK_4gAif-NonqHq570g,0.0,0.0033783783783783786,0.0,0.0003339477972803291,7.554017998397095e-05,0.0,9.631134054571193e-20,-2.2933994716095488e-20,0,1,1,506
UCvbWyWTJIBDfyGhB9K6H0Pg,0.09090909090909091,0.0,0.0,0.00012022120702091849,0.00013928361126740993,0.0,0.0,1.0341155384422166e-19,1,0,2,507
UC-HqACsyWwveeMcbk9PGqxA,0.0,0.0033783783783783786,0.0,0.00012022120702091849,7.554017998397095e-05,0.0,6.533546065622855e-20,6.083645402060302e-21,0,1,1,507
UCsuwFiGJrql-QeFmys2HT3A,0.18181818181818182,0.0,0.0,0.0002704977157970666,0.00017115532690912942,0.0,0.0,-5.3329730070695383e-20,2,0,4,508
UCO0kfQGCEJU5J1S6VJ_9Fwg,0.09090909090909091,0.0,0.0,0.00018033181053137774,0.00010741189562569042,0.0,0.0,-2.0748962701561868e-19,1,0,1,508
UCy0h8RlPyHnYl-uagE_7sew,0.0,0.006756756756756757,0.0,0.0002704977157970666,7.554017998397095e-05,0.0,-1.64785773057484e-19,4.6114515452023853e-20,0,2,2,508
UCTp92gO5Vua15_nT6fZCy4Q,0.0,0.0033783783783783786,0.0,0.00018033181053137774,7.554017998397095e-05,0.0,-3.3693744570263034e-20,1.094041010431734e-19,0,1,1,508
UCySTGK-n0Urta_DB8Td_fwA,0.09090909090909091,0.0,0.0,0.00012022120702091849,0.00013928361126740993,0.0,0.0,-2.326736917999565e-20,1,0,1,509
UCYFhNWpt47OMJbEdUYu2vGg,0.0,0.0033783783783783786,0.0,0.00012022120702091849,7.554017998397095e-05,0.0,-1.4700333058756124e-20,2.3017423337349857e-20,0,1,1,509
UCT0ZWQiim3W0qgOwe_XFspA,0.2727272727272727,0.0,0.0,0.0003606636210627555,0.00026677047383428783,0.0,0.0,-7.66085802468085e-20,3,0,3,510
UCE5D3I-dHED8h8vbZOswC1g,0.0,0.0033783783783783786,0.0,0.00021639817263765327,7.554017998397095e-05,0.0,-4.840133132691115e-20,-6.032678489169773e-22,0,1,1,510
UCfBqx85sKWV-OJBiQF7dMSA,0.0,0.0033783783783783786,0.0,0.00021639817263765327,7.554017998397095e-05,0.0,-4.840133132691115e-20,1.1898875662541195e-20,0,1,1,510
UC5TSpBrLb7WwCemGHxt7azg,0.0,0.0033783783783783786,0.0,0.00021639817263765327,7.554017998397095e-05,0.0,-4.840133132691115e-20,1.3727150484905591e-19,0,1,1,510
UCVfDlzic4WDY0FnIOd15jBA,0.09090909090909091,0.0,0.0,0.00012022120702091849,0.00013928361126740993,0.0,0.0,-5.887979675552245e-20,1,0,1,511
UC-XcwRA_CnMRXR2PoAVxVxw,0.0,0.0033783783783783786,0.0,0.00012022120702091849,7.554017998397095e-05,0.0,-3.7200278898837245e-20,-9.226764419169282e-20,0,1,1,511
UCWqHTR-uMMzujuc7m-sFWTQ,0.09090909090909091,0.0,0.0,0.00012022120702091849,0.00013928361126740993,0.0,0.0,2.4635410412058518e-20,1,0,1,512
UCSW_J-ZTi0kJBH1_xheB2jg,0.0,0.0033783783783783786,0.0,0.00012022120702091849,7.554017998397095e-05,0.0,1.5564662050738835e-20,-1.234718064355459e-19,0,1,1,512
UC42zP4qHt6EkEdK_6-cD7wA,0.09090909090909091,0.0,0.0,0.00012022120702091849,0.00013928361126740993,0.0,0.0,2.0467704784778423e-20,1,0,2,513
UCyPEiHjnJZYMitVm9TI5Cww,0.0,0.0033783783783783786,0.0,0.00012022120702091849,7.554017998397095e-05,0.0,1.293150398555697e-20,-1.1346016473593405e-19,0,1,1,513
UCZjUbptr1Kfx5GovwidknXA,0.45454545454545453,0.0,0.0,0.00048088482808367395,0.0003305139051177268,0.0,0.0,7.934881754341272e-20,5,0,1,514
UCDXl1xlzRCvHSOk09aXtttA,0.0,0.006756756756756757,0.0,0.000274791330333528,7.554017998397095e-05,0.0,1.0026522867136249e-19,1.3099300684880062e-19,0,2,2,514
UCa1yUYR337flktcJFU9rnQg,0.0,0.0033783783783783786,0.0,0.000274791330333528,7.554017998397095e-05,0.0,5.013261433568124e-20,2.6692796996558945e-20,0,1,1,514
UCpdwMysWihP4uhx4si9p8IQ,0.0,0.0033783783783783786,0.0,0.000274791330333528,7.554017998397095e-05,0.0,5.013261433568124e-20,2.1445191200484546e-19,0,1,1,514
UCLB86IuQxMDDqrC9w1OWtmw,0.0,0.0033783783783783786,0.0,0.000274791330333528,7.554017998397095e-05,0.0,5.013261433568124e-20,4.425797802363127e-20,0,1,1,514
UCCSmtEwvhWXglcJZVJFdQ-w,0.45454545454545453,0.0,0.0,0.0006011060351045924,0.0003942573364011658,0.0,0.0,2.382444255448788e-21,5,0,1,515
UCCRWPc-H81tzxYROFswUyxg,0.0,0.0033783783783783786,0.0,0.0003339477972803291,7.554017998397095e-05,0.0,1.5052292237288507e-21,1.0457392563728907e-20,0,1,1,515
UCTkxQ-YlRer_hVlXqTYF2Nw,0.0,0.0033783783783783786,0.0,0.0003339477972803291,7.554017998397095e-05,0.0,1.5052292237288507e-21,-8.832196868424972e-20,0,1,1,515
UCdvAbON5fbBM_RDWjLmjmsQ,0.0,0.0033783783783783786,0.0,0.0003339477972803291,7.554017998397095e-05,0.0,1.5052292237288507e-21,-1.2649588255592274e-19,0,1,1,515
UCHQo5YtTCwJgELmWBZDLEog,0.0,0.0033783783783783786,0.0,0.0003339477972803291,7.554017998397095e-05,0.0,1.5052292237288507e-21,-1.0579512670344182e-19,0,1,1,515
UCiEzW5BFByjGjuedf69Jj7A,0.45454545454545453,0.0,0.0,0.0006011060351045924,0.0003942573364011658,0.0,0.0,-2.590890815580194e-19,5,0,1,516
UCf2r-V5LMgMj38mcLxslijA,0.0,0.0033783783783783786,0.0,0.0003339477972803291,7.554017998397095e-05,0.0,-1.6369258429374464e-19,-2.2979432155414472e-20,0,1,1,516
UC_oWYfzk84sgXTzs97iI5Xw,0.0,0.0033783783783783786,0.0,0.0003339477972803291,7.554017998397095e-05,0.0,-1.6369258429374464e-19,-1.6525335063750936e-20,0,1,1,516
UCQOamczERqrR9EInjy1WN3w,0.0,0.0033783783783783786,0.0,0.0003339477972803291,7.554017998397095e-05,0.0,-1.6369258429374464e-19,5.1069379642107796e-21,0,1,1,516
UC10dRaAWwFmjZ67DEOP2FMg,0.0,0.0033783783783783786,0.0,0.0003339477972803291,7.554017998397095e-05,0.0,-1.6369258429374464e-19,7.042607045614167e-20,0,1,3,516
UCeEkIh4EkliDWwDJ4FTL8oQ,0.18181818181818182,0.0,0.0,0.00024044241404183698,0.0002030270425508489,0.0,0.0,-8.310138449791117e-19,2,0,1,517
UC266Bv9MqgWnTZzKr1dfR0g,0.0,0.0033783783783783786,0.0,0.00016029494269455797,7.554017998397095e-05,0.0,-5.250348762305905e-19,-8.72756575492476e-21,0,1,1,517
UCdMAdoYeC-ShN2G5eIJ-kMw,0.0,0.0033783783783783786,0.0,0.00016029494269455797,7.554017998397095e-05,0.0,-5.250348762305905e-19,-4.715997779152005e-20,0,1,1,517
UC8yyvL9EBabUPJl9vJHaR-g,0.45454545454545453,0.0,0.0,0.00024044241404183698,0.0002030270425508489,0.0,0.0,-1.8875048481104903e-18,5,0,1,518
UCJ7ethMbLXr4CMgZYaHoHNA,0.0,0.010135135135135136,0.0,0.00016029494269455797,7.554017998397095e-05,0.0,-3.577578930723738e-18,6.617774796691009e-20,0,3,3,518
UCWGCQaTiqh3LSS7I7MKFf8g,0.0,0.006756756756756757,0.0,0.00016029494269455797,7.554017998397095e-05,0.0,-2.385052620482492e-18,-2.811485362351938e-19,0,2,2,518
UCEgQ2q8M_H0GYhSxkbwvDug,0.45454545454545453,0.0,0.0,0.0006011060351045924,0.0003942573364011658,0.0,0.0,4.0117903403120477e-19,5,0,1,519
UCYII3Xzj1UnZcRIxBp6ju6g,0.0,0.0033783783783783786,0.0,0.0003339477972803291,7.554017998397095e-05,0.0,2.5346507251533925e-19,-4.2404084009422767e-20,0,1,1,519
UC0a56Stfh6pYwS0Q3U1y6Kw,0.0,0.0033783783783783786,0.0,0.0003339477972803291,7.554017998397095e-05,0.0,2.5346507251533925e-19,9.139818847129059e-20,0,1,1,519
UCw1A1UqFjFgIqdaS7qzm3zQ,0.0,0.0033783783783783786,0.0,0.0003339477972803291,7.554017998397095e-05,0.0,2.5346507251533925e-19,2.4523751585331236e-19,0,1,1,519
UCwI0IfcnGwdlxtZI592oQyw,0.0,0.0033783783783783786,0.0,0.0003339477972803291,7.554017998397095e-05,0.0,2.5346507251533925e-19,4.1016839570124684e-20,0,1,1,519
UC1C6B2iCxJbI3sS2UKasM8w,0.36363636363636365,0.0,0.0,0.0003606636210627555,0.00026677047383428783,0.0,0.0,3.3079202722554e-19,4,0,2,520
UCmjQl5eMhBQsKDbOUqaRy_A,0.0,0.006756756756756757,0.0,0.00021639817263765327,7.554017998397095e-05,0.0,4.1798906750294407e-19,-7.510912722456522e-20,0,2,2,520
UCcIji15d0r7VYforWw52S2g,0.0,0.0033783783783783786,0.0,0.00021639817263765327,7.554017998397095e-05,0.0,2.0899453375147203e-19,7.594300692261496e-20,0,1,1,520
UCilFk32Z8y7m9Ob9pYwcbjQ,0.0,0.0033783783783783786,0.0,0.00021639817263765327,7.554017998397095e-05,0.0,2.0899453375147203e-19,1.1665513512767108e-19,0,1,1,520
UC9ADAXq8I0n6kd8CzeQNU7w,0.09090909090909091,0.0,0.0,0.00012022120702091849,0.00013928361126740993,0.0,0.0,-1.0080344332271164e-19,1,0,1,521
UCDgnRnW0lERc-5FbOCgABfA,0.0,0.0033783783783783786,0.0,0.00012022120702091849,7.554017998397095e-05,0.0,-6.368765539626789e-20,-2.056916816685188e-19,0,1,1,521
UCxqcXarmurgtzVJ3QRudgfA,0.45454545454545453,0.0,0.0,0.00048088482808367395,0.0003305139051177268,0.0,0.0,-2.1043129173892645e-19,5,0,1,522
UCxyICTpYhk63Hkfe1Ysz4cw,0.0,0.0033783783783783786,0.0,0.000274791330333528,7.554017998397095e-05,0.0,-1.3295057342392127e-19,3.629593672918019e-20,0,1,1,522
UC6OmPZMr5hjqnlbZmTpELVA,0.0,0.006756756756756757,0.0,0.000274791330333528,7.554017998397095e-05,0.0,-2.6590114684784255e-19,-4.879827256448253e-20,0,2,2,522
UCc7t1sRKVm_hHELbJF9rSRw,0.0,0.0033783783783783786,0.0,0.000274791330333528,7.554017998397095e-05,0.0,-1.3295057342392127e-19,4.361599999667405e-19,0,1,1,522
UCRbv_5IkAXHsiDHJRjItJZQ,0.0,0.0033783783783783786,0.0,0.000274791330333528,7.554017998397095e-05,0.0,-1.3295057342392127e-19,1.971447959657593e-19,0,1,1,522
UCpsSxvsiMmQ6KJssYGIMIFA,0.45454545454545453,0.0,0.0,0.0007601082766483879,0.00034644976293858663,0.0,0.0,1.0522724089780295e-19,5,0,1,523
UCRC6FHs-fc9t6rWPC1jkwrw,0.2727272727272727,0.0,0.0,0.0006732387593171436,0.00021896290037170865,0.0,0.0,8.598190880250204e-21,3,0,5,523
UC8A42pPtO1bCGL5Kw7Tkybg,0.2727272727272727,0.0,0.0,0.0007601082766483879,0.00015521946908826967,0.0,0.0,-2.5353880235028656e-20,3,0,2,523
UC4EJEuqG0M5hdMXn6QhYftw,0.09090909090909091,0.0,0.0,0.00042842466502000044,0.00010741189562569042,0.0,0.0,-8.056501303603778e-20,1,0,1,523
UCksST1LMp0AtclndNmXPUMw,0.09090909090909091,0.0,0.0,0.00042842466502000044,0.00010741189562569042,0.0,0.0,-9.301887327587333e-20,1,0,1,523
UCcKVbBB1iNmL-6uqvuWarSw,0.09090909090909091,0.0,0.0,0.00012022120702091849,0.00013928361126740993,0.0,0.0,-4.467814067559933e-21,1,0,1,524
UC8JQ017_-Y3mnDcmJJ4sw9g,0.0,0.0033783783783783786,0.0,0.00012022120702091849,7.554017998397095e-05,0.0,-2.8227666965543557e-21,1.3050129058401415e-19,0,1,1,524
UCNTf3_7YKkV_o8MSDIQajUQ,0.09090909090909091,0.0,0.0,0.00012022120702091849,0.00013928361126740993,0.0,0.0,2.146894492037911e-20,1,0,1,525
UCvu4Qhc5csyxkyNmIG10VAQ,0.0,0.0033783783783783786,0.0,0.00012022120702091849,7.554017998397095e-05,0.0,1.3564087899589617e-20,-1.711410843671356e-20,0,1,1,525
UC2ZrJEmIg8rv1dkieoai0mw,0.09090909090909091,0.0,0.0,0.00012022120702091849,0.00013928361126740993,0.0,0.0,-1.660248945970499e-19,1,0,1,526
UC96qOINxERPF2fKedue-4gQ,0.0,0.0033783783783783786,0.0,0.00012022120702091849,7.554017998397095e-05,0.0,-1.0489459413055868e-19,5.436008489083826e-21,0,1,1,526
UCsrjd9Hb1k53Gk4zLR3io_g,0.45454545454545453,0.0,0.0,0.00048088482808367395,0.0003305139051177268,0.0,0.0,3.266286647727596e-19,5,0,1,527
UCMtVI2rcaurg6_rWv0eIexg,0.0,0.0033783783783783786,0.0,0.000274791330333528,7.554017998397095e-05,0.0,2.0636411970565843e-19,-5.0633280504500676e-20,0,1,1,527
UCm15O4WL5qtFjTqSiZzsxCA,0.0,0.0033783783783783786,0.0,0.000274791330333528,7.554017998397095e-05,0.0,2.0636411970565843e-19,-1.1386068781399162e-20,0,1,1,527
UCYznCZDVcxR6AAHAan5SKlQ,0.0,0.006756756756756757,0.0,0.000274791330333528,7.554017998397095e-05,0.0,4.1272823941131686e-19,8.280520479303536e-20,0,2,2,527
UCxLX67r7uiJeLpxDCt5zHyw,0.0,0.0033783783783783786,0.0,0.000274791330333528,7.554017998397095e-05,0.0,2.0636411970565843e-19,-5.456541246635795e-20,0,1,1,527
UCIc1_libEa6EF66TqfgtEWw,0.09090909090909091,0.0,0.0,0.00012022120702091849,0.00013928361126740993,0.0,0.0,-1.4783260227229224e-19,1,0,1,528
UC-5U6G2mtocJY1gY45Rv8nQ,0.0,0.0033783783783783786,0.0,0.00012022120702091849,7.554017998397095e-05,0.0,-9.340069663800854e-20,3.674486207385514e-20,0,1,1,528
UC27ICCBKColAEP5F2FuWa6Q,0.09090909090909091,0.0,0.0,0.00012022120702091849,0.00013928361126740993,0.0,0.0,-2.765269726254272e-19,1,0,1,529
UCv7gjW12tR-pxPazP4UBq9w,0.0,0.0033783783783783786,0.0,0.00012022120702091849,7.554017998397095e-05,0.0,-1.747098507732569e-19,-6.555854436103687e-20,0,1,1,529
UCiKvgvbh3GCyT8g0kRuQOgg,0.09090909090909091,0.0,0.0,0.00012022120702091849,0.00013928361126740993,0.0,0.0,-8.89083133100868e-20,1,0,1,530
UC9kbZ8K59TZ5orVvVF1PAvQ,0.0,0.0033783783783783786,0.0,0.00012022120702091849,7.554017998397095e-05,0.0,-5.617230754537589e-20,-1.0473220308923427e-21,0,1,1,530
UCDZHXXRQ3RrqyyARXQOnBtg,0.09090909090909091,0.0,0.0,0.00012022120702091849,0.00013928361126740993,0.0,0.0,1.2394896993449135e-19,1,0,1,531
UC5VRltxKprOaTEVIm2ZVABA,0.0,0.0033783783783783786,0.0,0.00012022120702091849,7.554017998397095e-05,0.0,7.831100827219146e-20,2.4127479234794752e-20,0,1,1,531
UCrmwpIqpp3vOIfrWT9z-ATA,0.18181818181818182,0.0,0.0,0.00024044241404183698,0.0002030270425508489,0.0,0.0,5.9092174957259754e-21,2,0,1,532
UCCc-b9iO1EdS_DEjFWpiq6Q,0.0,0.0033783783783783786,0.0,0.00016029494269455797,7.554017998397095e-05,0.0,3.7334459530768866e-21,-1.1337533098247066e-24,0,1,1,532
UCiBRjuyz9_qL_zk_9WOD6qg,0.0,0.0033783783783783786,0.0,0.00016029494269455797,7.554017998397095e-05,0.0,3.7334459530768866e-21,1.7267859872321025e-22,0,1,1,532
UCHRpe3iA8hcEqwq-gquVxGA,0.36363636363636365,0.0,0.0,0.0003606636210627555,0.00026677047383428783,0.0,0.0,-2.541213395421146e-19,4,0,4,533
UCs68mzSG5zM9nbDU-Qg41SQ,0.0,0.006756756756756757,0.0,0.00021639817263765327,7.554017998397095e-05,0.0,-3.211079258430399e-19,-8.31723555462964e-20,0,2,2,533
UCsPkeX4unGidMauqPWkLX3Q,0.0,0.0033783783783783786,0.0,0.00021639817263765327,7.554017998397095e-05,0.0,-1.6055396292151995e-19,1.7847665141665437e-20,0,1,2,533
UC1v1DaKj2hJqQS1tvjDyrew,0.0,0.0033783783783783786,0.0,0.00021639817263765327,7.554017998397095e-05,0.0,-1.6055396292151995e-19,3.4620326205633526e-19,0,1,1,533
UCUI_TTqqtdytxw6FHXDu_jQ,0.09090909090909091,0.0,0.0,0.00012022120702091849,0.00013928361126740993,0.0,0.0,4.434351875242862e-19,1,0,1,534
UC8wgpKBroAdQJ0ltG0f68zA,0.0,0.0033783783783783786,0.0,0.00012022120702091849,7.554017998397095e-05,0.0,2.8016252702017786e-19,1.4097520002551592e-19,0,1,1,534
UCfLJseA5adaE_oVd9ulTHWA,0.18181818181818182,0.0,0.0,0.00024044241404183698,0.0002030270425508489,0.0,0.0,-5.105090439883978e-19,2,0,2,535
UCRpF4wbZ_qr-3d3lopqgGiw,0.0,0.0033783783783783786,0.0,0.00016029494269455797,7.554017998397095e-05,0.0,-3.225398160866776e-19,1.5002850495592966e-21,0,1,1,535
UCrjZThfoxl31YJ7w09gUYaw,0.0,0.0033783783783783786,0.0,0.00016029494269455797,7.554017998397095e-05,0.0,-3.225398160866776e-19,-4.19523899653423e-21,0,1,1,535
UCPOEVGvfs8VeDIvSEaKMdRA,0.18181818181818182,0.0,0.0,0.00024044241404183698,0.0002030270425508489,0.0,0.0,6.501390018563267e-20,2,0,4,536
UCAkXYkSCxbDVfHT6cXSay8w,0.0,0.0033783783783783786,0.0,0.00016029494269455797,7.554017998397095e-05,0.0,4.1075807874283516e-20,1.7945375159139517e-20,0,1,1,536
UCwgvdo7ZksKO-jldl44PXag,0.0,0.0033783783783783786,0.0,0.00016029494269455797,7.554017998397095e-05,0.0,4.1075807874283516e-20,-5.490236318270617e-20,0,1,1,536
UC5B78kgPoGg_-y9WReSVQ_Q,0.09090909090909091,0.0,0.0,0.00012022120702091849,0.00013928361126740993,0.0,0.0,-3.4092724459044743e-19,1,0,1,537
UCEaycbcFA2lrx8ZBxxXZ2rQ,0.0,0.0033783783783783786,0.0,0.00012022120702091849,7.554017998397095e-05,0.0,-2.1539796809484096e-19,-2.308792858738294e-20,0,1,1,537
UCCHApfTWaA7UER7-K6i061w,0.09090909090909091,0.0,0.0,0.00021639817263765327,9.678799041178392e-05,0.0,0.0,7.713100770670054e-20,1,0,1,538
UCZRzT6_YNAcUP2knawxTBpg,0.09090909090909091,0.0,0.0,0.00021639817263765327,9.678799041178392e-05,0.0,0.0,-2.508763924964787e-19,1,0,1,538
UCwyrKpW8fWWFfZzg6t89oUg,0.09090909090909091,0.0,0.0,0.00021639817263765327,9.678799041178392e-05,0.0,0.0,-9.780993797233874e-21,1,0,1,538
UCO18jMnn_JI5jMzFs_OvXsQ,0.0,0.010135135135135136,0.0,0.0003606636210627555,7.554017998397095e-05,0.0,-1.1595203864371525e-19,-1.560948950527771e-20,0,3,3,538
UC4DwYCU8vMTm1z2OxB9VjDw,0.45454545454545453,0.0,0.0,0.0006411797707782319,0.00035176171554553983,0.0,0.0,-3.9745458783848053e-20,5,0,1,539
UC4QiysGukxIgs3VL8YCnfbg,0.18181818181818182,0.0,0.0,0.00042745318051882125,0.00016053142169522293,0.0,0.0,8.051170157923052e-20,2,0,1,539
UC7rLHgEbpfo4ouDTVTL_h5Q,0.09090909090909091,0.0,0.0,0.0003847078624669392,9.678799041178392e-05,0.0,0.0,4.9430376062369515e-20,1,0,1,539
UCqwTZJWqNIqcMwXXY5cinKQ,0.0,0.010135135135135136,0.0,0.0005918582499491372,7.554017998397095e-05,0.0,5.698625950039123e-20,-1.0279950204772176e-19,0,3,4,539
UCqycO3s6ucM_Zo8MRBHoZhQ,0.0,0.0033783783783783786,0.0,0.0003077662899735513,7.554017998397095e-05,0.0,5.0867324929860904e-20,-1.438886515452804e-20,0,1,1,539
UChnBBmgqFrMfx0KE9BMhJVA,0.18181818181818182,0.0,0.0,0.00024044241404183698,0.0002030270425508489,0.0,0.0,-8.938994373029083e-19,2,0,1,540
UCfViSeYu-gZ5RVIyYmZ9zvw,0.0,0.0033783783783783786,0.0,0.00016029494269455797,7.554017998397095e-05,0.0,-5.647660183552345e-19,-2.7545356640723325e-19,0,1,1,540
UCfQbBAbcWvdVTWXlOOk10pQ,0.0,0.0033783783783783786,0.0,0.00016029494269455797,7.554017998397095e-05,0.0,-5.647660183552345e-19,1.2117107439893178e-19,0,1,1,540
UCD5Iifnr-phG5EWLnIYgXHg,0.45454545454545453,0.0,0.0,0.029276392954406025,0.0005078949335895023,0.0,0.0,-1.4906650443742234e-20,5,0,1,541
UCI3stRcCyGTc2Z57jtGbtew,0.36363636363636365,0.0,0.0,0.032059969109592384,0.0004661555822259274,0.0,0.0,-1.058743232219986e-19,4,0,1,541
UCSkhAMwnQf7T3IwroX-YmyA,0.36363636363636365,0.0,0.0,0.0333819716961434,0.00040841288136473253,0.0,0.0,-4.109746899531714e-19,4,0,1,541
UCCzYlm1LHxPPZp3d7oHGvMQ,0.45454545454545453,0.0,0.0,0.03224964091070184,0.00036238562075944635,0.0,0.0,-1.1116439983405603e-19,5,0,1,541
UC5FQrgymFYKCbBfFYct2ERg,0.45454545454545453,0.0,0.0,0.02544013274713112,0.00035176171554553983,0.0,0.0,-2.858390146385182e-19,5,0,1,541
UCqLcfOiB3_2Kx0KGVBTBLJA,0.18181818181818182,0.0,0.0,0.00024044241404183698,0.0002030270425508489,0.0,0.0,-9.442098361266571e-20,2,0,3,542
UCf4BChZIp6mRda3M-7vKEvw,0.0,0.0033783783783783786,0.0,0.00016029494269455797,7.554017998397095e-05,0.0,-5.965521482484165e-20,-2.116015795275791e-20,0,1,1,542
UCyccaXe0GJf8J3c_1eDoeCQ,0.0,0.0033783783783783786,0.0,0.00016029494269455797,7.554017998397095e-05,0.0,-5.965521482484165e-20,2.6055032988284012e-21,0,1,1,542
UCrzj6lHdwbrhD3yA_1ImImg,0.09090909090909091,0.0,0.0,0.00012022120702091849,0.00013928361126740993,0.0,0.0,-3.148934127814683e-21,1,0,1,543
UCFhmQfx4LdiNlmMvlj6iwBg,0.0,0.0033783783783783786,0.0,0.00012022120702091849,7.554017998397095e-05,0.0,-1.9894978285193573e-21,5.581080464308687e-21,0,1,1,543
UCsrxOS4xnlLtG6YnmbwcLoA,0.09090909090909091,0.0,0.0,0.00016029494269455797,0.00010741189562569042,0.0,0.0,1.7304280978946291e-19,1,0,2,544
UCBRbNoz6wfbndlQTWJnQwhg,0.09090909090909091,0.0,0.0,0.00016029494269455797,0.00010741189562569042,0.0,0.0,6.081407337103594e-21,1,0,1,544
UC4ml3tx8UMVo2OIEBsD49-w,0.0,0.006756756756756757,0.0,0.00024044241404183698,7.554017998397095e-05,0.0,1.1317075129032564e-19,3.67779671093277e-20,0,2,2,544
UCaDRk-pmhtwvKg39mdeaCWw,0.09090909090909091,0.0,0.0,0.00012022120702091849,0.00013928361126740993,0.0,0.0,-7.579696750579068e-20,1,0,1,545
UCXFbkG8Pka6aOcV2G2YKz9g,0.0,0.0033783783783783786,0.0,0.00012022120702091849,7.554017998397095e-05,0.0,-4.7888554075843606e-20,-1.7702153020488637e-19,0,1,1,545
UCVrTqmbi_4WIYX1D0BCLmpA,0.09090909090909091,0.0,0.0,0.00012022120702091849,0.00013928361126740993,0.0,0.0,-1.2463332640357163e-19,1,0,1,546
UCb4KQM74YBRz1vNuuiCrlAw,0.0,0.0033783783783783786,0.0,0.00012022120702091849,7.554017998397095e-05,0.0,-7.874338496027203e-20,5.102066869988602e-21,0,1,1,546
UCYAOyEprGp5l1gjD3yKAiZQ,0.18181818181818182,0.0,0.0,0.0002704977157970666,0.00017115532690912942,0.0,0.0,-1.8945326150463498e-19,2,0,1,547
UCBbhio_XcWbCURUX7WikKEA,0.09090909090909091,0.0,0.0,0.00018033181053137774,0.00010741189562569042,0.0,0.0,3.8738078019600927e-19,1,0,1,547
UCdG8k9uDozYXgjhluZN_snw,0.0,0.006756756756756757,0.0,0.0002704977157970666,7.554017998397095e-05,0.0,1.2505068466261917e-19,1.356087383039212e-20,0,2,3,547
UCLu99dUr6jb_N6ma-R4bFrg,0.0,0.0033783783783783786,0.0,0.00018033181053137774,7.554017998397095e-05,0.0,-1.1969664561733985e-19,-4.712466191269158e-20,0,1,2,547
UCWXlDyU0X154OX7MaSGuVpg,0.09090909090909091,0.0,0.0,0.00012022120702091849,0.00013928361126740993,0.0,0.0,3.1169990111753613e-19,1,0,1,548
UCx0khSobT10aCgANQN2J06A,0.0,0.0033783783783783786,0.0,0.00012022120702091849,7.554017998397095e-05,0.0,1.9693212091845048e-19,1.7748513694264566e-19,0,1,1,548
UCfF-3-8EwZ-wgi_hVo4m34A,0.36363636363636365,0.0,0.0,0.0003606636210627555,0.00026677047383428783,0.0,0.0,-1.0106576434881298e-20,4,0,2,549
UCMa420uHZFAjQnjfBDFQnCA,0.0,0.006756756756756757,0.0,0.00021639817263765327,7.554017998397095e-05,0.0,-1.2770677984880707e-20,1.3600527394017304e-19,0,2,2,549
UCN9CGbAKLP7Vkflwd4GbnfA,0.0,0.0033783783783783786,0.0,0.00021639817263765327,7.554017998397095e-05,0.0,-6.385338992440353e-21,1.7590407816376822e-19,0,1,1,549
UCxSz42IIDiJbl4U5l0hU9VQ,0.0,0.0033783783783783786,0.0,0.00021639817263765327,7.554017998397095e-05,0.0,-6.385338992440353e-21,-2.4982566601751916e-20,0,1,1,549
UCx4epjqpPA67A6Jw52tlDVw,0.2727272727272727,0.0,0.0,0.0003606636210627555,0.00026677047383428783,0.0,0.0,-1.6747461097591188e-19,3,0,2,550
UCD4FtXAPfvzO4dvNeLldKhw,0.0,0.0033783783783783786,0.0,0.00021639817263765327,7.554017998397095e-05,0.0,-1.0581052551262175e-19,2.731186196349933e-19,0,1,1,550
UC2l-iuO7dUpEIGTPapkVkKw,0.0,0.0033783783783783786,0.0,0.00021639817263765327,7.554017998397095e-05,0.0,-1.0581052551262175e-19,-9.616534957938191e-21,0,1,2,550
UClVTb2OuwRE15K1dxrqaeQA,0.0,0.0033783783783783786,0.0,0.00021639817263765327,7.554017998397095e-05,0.0,-1.0581052551262175e-19,2.5547362445803292e-20,0,1,1,550
UCja-ww54cUOIXm2-N4_L4yg,0.09090909090909091,0.0,0.0,0.00012022120702091849,0.00013928361126740993,0.0,0.0,-1.254297004860846e-19,1,0,1,551
UCm0dGtsUb3zD8AppfE2Wfbg,0.0,0.0033783783783783786,0.0,0.00012022120702091849,7.554017998397095e-05,0.0,-7.924653442086369e-20,-2.0951615266034882e-22,0,1,1,551
UCcAFfEfbudfOLiRnOnYHJqw,0.09090909090909091,0.0,0.0,0.00012022120702091849,0.00013928361126740993,0.0,0.0,-4.584598781345749e-19,1,0,1,552
UCrCSRJjYtc3cebTk5_QHB8A,0.0,0.0033783783783783786,0.0,0.00012022120702091849,7.554017998397095e-05,0.0,-2.8965513249557055e-19,-4.163488295388037e-21,0,1,1,552
UCi9dfKeYMmHZuRC1ZBUIUmg,0.45454545454545453,0.0,0.0,0.0006011060351045924,0.0003942573364011658,0.0,0.0,1.8766808715637662e-20,5,0,1,553
UCz_8q54wt9-qLXns4PPw8iw,0.0,0.0033783783783783786,0.0,0.0003339477972803291,7.554017998397095e-05,0.0,1.1856877175741467e-20,-8.985917633472177e-21,0,1,1,553
UCGALeKXNuebU0MsWg35Jh4Q,0.0,0.0033783783783783786,0.0,0.0003339477972803291,7.554017998397095e-05,0.0,1.1856877175741467e-20,-2.3191605343031947e-19,0,1,1,553
UConbTFozQupch8c-15KO9GA,0.0,0.0033783783783783786,0.0,0.0003339477972803291,7.554017998397095e-05,0.0,1.1856877175741467e-20,8.296049191727559e-20,0,1,1,553
UCe9AY2xvR5ujmBIqzZviUVA,0.0,0.0033783783783783786,0.0,0.0003339477972803291,7.554017998397095e-05,0.0,1.1856877175741467e-20,5.339358406161869e-20,0,1,1,553
UCyhrEpiy4mSnIFFQrxsHSow,0.18181818181818182,0.0,0.0,0.00024044241404183698,0.0002030270425508489,0.0,0.0,1.1815630644774712e-19,2,0,1,554
UCRtRHbDAhOibf8O47lFde6A,0.0,0.0033783783783783786,0.0,0.00016029494269455797,7.554017998397095e-05,0.0,7.465120118812938e-20,1.0792063178262397e-21,0,1,1,554
UCJvexMoKjZXnELnF15-tvTA,0.0,0.0033783783783783786,0.0,0.00016029494269455797,7.554017998397095e-05,0.0,7.465120118812938e-20,2.1064470151701073e-20,0,1,1,554
UCyCS3vXo_NTNeLGZ_M4RyAw,0.09090909090909091,0.0,0.0,0.00012022120702091849,0.00013928361126740993,0.0,0.0,-1.724193311342761e-19,1,0,1,555
UCW8RvsOHXFyDiIDO2wp3--w,0.0,0.0033783783783783786,0.0,0.00012022120702091849,7.554017998397095e-05,0.0,-1.0893460166613867e-19,-2.1572787314551421e-19,0,1,1,555
UCFw0mjRY5uO_NvvmaUYoczg,0.09090909090909091,0.0,0.0,0.00012022120702091849,0.00013928361126740993,0.0,0.0,-7.977848365443141e-20,1,0,1,556
UC1nTsPV84kMZ2gAT2KF3d3Q,0.0,0.0033783783783783786,0.0,0.00012022120702091849,7.554017998397095e-05,0.0,-5.040407755471444e-20,6.40864524997513e-21,0,1,2,556
UC2Z4YmGySNdbz4osHJXa3Lw,0.09090909090909091,0.0,0.0,0.00012022120702091849,0.00013928361126740993,0.0,0.0,-1.2281445612851246e-20,1,0,1,557
UCsjAuyglS_wYV7lPV3c4xAg,0.0,0.0033783783783783786,0.0,0.00012022120702091849,7.554017998397095e-05,0.0,-7.759422200045492e-21,6.912116814216075e-20,0,1,1,557
UCkpE9YPfyHwCMTOzRHZhozQ,0.09090909090909091,0.0,0.0,0.00012022120702091849,0.00013928361126740993,0.0,0.0,-4.624943305749159e-20,1,0,2,558
UC-Vd6QI1BWbmnZ1hm2ph1IQ,0.0,0.0033783783783783786,0.0,0.00012022120702091849,7.554017998397095e-05,0.0,-2.922041011444935e-20,-3.7380922172003912e-19,0,1,1,558
UCELI5bfOcbgt7s2t4J8Z9sA,0.45454545454545453,0.0,0.0,0.0006545376826694451,0.0003305139051177268,0.0,0.0,-2.3019238822711136e-19,5,0,1,559
UC1e1UKilGsF76x1S5wDHv4A,0.09090909090909091,0.0,0.0,0.00031004416547500034,0.00010741189562569042,0.0,0.0,8.134211427941554e-19,1,0,1,559
UCKRxq5VazwpfqQajobmvtJQ,0.09090909090909091,0.0,0.0,0.00031004416547500034,0.00010741189562569042,0.0,0.0,3.3341388972610593e-19,1,0,1,559
UC1wDE0OUoE21zuZ11RKqKVA,0.0,0.006756756756756757,0.0,0.00045314147261730814,7.554017998397095e-05,0.0,6.52153855092782e-20,3.610846351670858e-20,0,2,3,559
UCNmRzq_weTyZFFpgQ2BtrZQ,0.0,0.0033783783783783786,0.0,0.0003927226096016671,7.554017998397095e-05,0.0,-1.45435642007966e-19,-6.362732210313147e-20,0,1,1,559
UCQ7E1uu0PLm-r9kUgyKc11w,0.36363636363636365,0.0,0.0,0.0019570894166196034,0.0004898587985539952,0.0,0.0,2.2254475358132603e-19,4,0,1,560
UCKeuB9GTUPzMWHAqzHWhNAA,0.45454545454545453,0.0033783783783783786,0.0,0.0016363442066736128,0.0003942573364011658,0.0,1.4060386341129581e-19,-7.440249616239494e-20,5,1,2,560
UCWy5FT3776j0eVq4QlMIanQ,0.2727272727272727,0.0,0.0,0.0013388270781875013,0.0003310947922733065,0.0,0.0,9.809256585668146e-20,3,0,1,560
UCnJ6fpKhx4ZKdovFC809llg,0.36363636363636365,0.0,0.0,0.0008753104225891539,0.00029864218947600737,0.0,0.0,9.618304152105488e-20,4,0,1,560
UCG_yJemEtcPGoXGGH9YQ3ow,0.36363636363636365,0.006756756756756757,0.0,0.0015708904384066683,0.00029864218947600737,0.0,1.2180798689978065e-19,3.0363939440210253e-19,4,2,3,560
UCfzGbp7A0fhpHv56NJzVKDw,0.36363636363636365,0.0,0.0,0.00048088482808367395,0.0003305139051177268,0.0,0.0,4.2383179957278447e-19,4,0,1,561
UC_q2_YwVF2ppNqbPZaKs6ng,0.0,0.0033783783783783786,0.0,0.000274791330333528,7.554017998397095e-05,0.0,2.6777709875204157e-19,-1.4920653250948024e-20,0,1,1,561
UCpcc9S_3OlLmPtGy9sF1q-w,0.0,0.0033783783783783786,0.0,0.000274791330333528,7.554017998397095e-05,0.0,2.6777709875204157e-19,-6.768127322861893e-20,0,1,1,561
UCuDcbIjbBtFlwEvqDLS3hVA,0.0,0.0033783783783783786,0.0,0.000274791330333528,7.554017998397095e-05,0.0,2.6777709875204157e-19,6.611482148153249e-21,0,1,1,561
UCoYrvQlmw7mMV1s-VR75USw,0.0,0.0033783783783783786,0.0,0.000274791330333528,7.554017998397095e-05,0.0,2.6777709875204157e-19,1.4219268433468443e-19,0,1,1,561
UCtLjHL4gHBtCRpTq06IEmeQ,0.36363636363636365,0.0,0.0,0.00048088482808367395,0.0003305139051177268,0.0,0.0,-4.92854137008296e-20,4,0,1,562
UCXfIYElmzNKSnG3IgHdgtLg,0.0,0.0033783783783783786,0.0,0.000274791330333528,7.554017998397095e-05,0.0,-3.1138543886761535e-20,1.235333790555124e-20,0,1,1,562
UC-nfVdf40voozULsj0DVhQQ,0.0,0.0033783783783783786,0.0,0.000274791330333528,7.554017998397095e-05,0.0,-3.1138543886761535e-20,8.325619663282598e-20,0,1,1,562
UCY6aD3ZxN_bsTJRO0-ug0jg,0.0,0.0033783783783783786,0.0,0.000274791330333528,7.554017998397095e-05,0.0,-3.1138543886761535e-20,-3.338482229791749e-20,0,1,1,562
UCS8g0nA0lJHZZhgC3a5aSbA,0.0,0.0033783783783783786,0.0,0.000274791330333528,7.554017998397095e-05,0.0,-3.1138543886761535e-20,3.45239611391056e-20,0,1,1,562
UCa-fYODoDUXdLmxgLdBodcA,0.18181818181818182,0.0,0.0,0.000274791330333528,0.00017115532690912942,0.0,0.0,1.77304760413963e-20,2,0,1,563
UCQwv0qh4NyHbhkPUFp61jdQ,0.36363636363636365,0.0,0.0,0.000274791330333528,0.00017115532690912942,0.0,0.0,1.6777256475830903e-20,4,0,2,563
UC4Xv_YcMOyRPHVbBha48MFQ,0.0,0.0033783783783783786,0.0,0.0001923539312334696,7.554017998397095e-05,0.0,1.1202121781903586e-20,3.039347635635039e-19,0,1,1,563
UClJu3IeiehJLuByQ9qk5N8A,0.0,0.006756756756756757,0.0,0.00032058988538911595,7.554017998397095e-05,0.0,2.1801999064932686e-20,-1.8151066578953288e-20,0,2,2,563
UCf29zwnK5ChcowJvEkZI42w,0.0,0.010135135135135136,0.0,0.0001923539312334696,7.554017998397095e-05,0.0,3.17996318490873e-20,9.542883001411696e-20,0,3,3,563
UCozWrCoCg4sCyodNqRw_PKw,0.09090909090909091,0.0,0.0,0.00012022120702091849,0.00013928361126740993,0.0,0.0,3.101484513933279e-20,1,0,2,564
UCDHcJr9xUP6djqgcnPbFQng,0.0,0.0033783783783783786,0.0,0.00012022120702091849,7.554017998397095e-05,0.0,1.9595191436852456e-20,-7.127204144603356e-21,0,1,1,564
UCiBGolb_jQpbGYKYB91urpg,0.09090909090909091,0.0,0.0,0.00012022120702091849,0.00013928361126740993,0.0,0.0,-2.8752212165491434e-21,1,0,1,565
UCWP3TMk3vHa6ol4lvg5sybg,0.0,0.0033783783783783786,0.0,0.00012022120702091849,7.554017998397095e-05,0.0,-1.8165659028272776e-21,1.7399159771244784e-20,0,1,1,565
UCYx0p9gqhc23-PGqu0qeJ0Q,0.09090909090909091,0.0,0.0,0.00012022120702091849,0.00013928361126740993,0.0,0.0,1.2874344096739272e-19,1,0,1,566
UCe7EhaCOHgJa5I1W0zxOmBQ,0.0,0.0033783783783783786,0.0,0.00012022120702091849,7.554017998397095e-05,0.0,8.134015696876196e-20,-4.532126836577899e-20,0,1,1,566
UCUqqorEirf6neoEhcn5WUKw,0.36363636363636365,0.0,0.0,0.00048088482808367395,0.0003305139051177268,0.0,0.0,8.823864801513708e-20,4,0,1,567
UC3LkL9TVcuhqQSeXjYkqwEQ,0.0,0.0033783783783783786,0.0,0.000274791330333528,7.554017998397095e-05,0.0,5.574921274692679e-20,-1.5809396415082087e-19,0,1,1,567
UCHmTMC_yvbj2rlmKVkpVFiQ,0.0,0.0033783783783783786,0.0,0.000274791330333528,7.554017998397095e-05,0.0,5.574921274692679e-20,-1.4293883627623916e-20,0,1,3,567
UCBJgDT6slENYo4ZlA0EzwGw,0.0,0.0033783783783783786,0.0,0.000274791330333528,7.554017998397095e-05,0.0,5.574921274692679e-20,-7.461529209235633e-20,0,1,1,567
UC7m_5ehItlnN2szHMDO1xIw,0.0,0.0033783783783783786,0.0,0.000274791330333528,7.554017998397095e-05,0.0,5.574921274692679e-20,5.851761189591658e-20,0,1,1,567
UCB7gN2hC0WAoeOdM8L0F7Jg,0.09090909090909091,0.0,0.0,0.00012022120702091849,0.00013928361126740993,0.0,0.0,-7.824395897877805e-20,1,0,1,568
UCDn9Zhq77n3n0D7_a8jWz5Q,0.0,0.0033783783783783786,0.0,0.00012022120702091849,7.554017998397095e-05,0.0,-4.9434564257165584e-20,3.072919892285025e-19,0,1,1,568
UCaL_8m_bUaFhIbJTKujkk-Q,0.09090909090909091,0.0,0.0,0.00012022120702091849,0.00013928361126740993,0.0,0.0,-4.219799222002017e-20,1,0,1,569
UC1Y07zUum_BCrcbGt_3RU5A,0.0,0.0033783783783783786,0.0,0.00012022120702091849,7.554017998397095e-05,0.0,-2.666070818949425e-20,-7.674890410888623e-22,0,1,1,569
UCWHzY1BnubT-V5HdHcK3RbQ,0.09090909090909091,0.0,0.0,0.00012022120702091849,0.00013928361126740993,0.0,0.0,1.0300437154611285e-20,1,0,1,570
UCrNaheH3iDJgxBd7kkXlYgw,0.0,0.0033783783783783786,0.0,0.00012022120702091849,7.554017998397095e-05,0.0,6.507820271909247e-21,1.9905049470187867e-20,0,1,1,570
UC5RxKh9KfU6_HoyFiWs3qYA,0.09090909090909091,0.0,0.0,0.00012022120702091849,0.00013928361126740993,0.0,0.0,-1.1678100414647393e-19,1,0,2,571
UC-mh4WH1lQxxr-pvLNP876g,0.0,0.0033783783783783786,0.0,0.00012022120702091849,7.554017998397095e-05,0.0,-7.378228464974515e-20,1.7362932574926297e-19,0,1,1,571
UCoPutfg6DA5NNhmG5eybLhQ,0.9090909090909091,0.0,0.0,0.0012022120702091848,0.0007129744928183608,0.0,0.0,-3.721424035168999e-19,10,0,2,572
UC9la4-Ggtv7jNhXmPm-6n2w,0.0,0.0033783783783783786,0.0,0.0006327431948469393,7.554017998397095e-05,0.0,-2.351197178616937e-19,2.7572630965838475e-19,0,1,1,572
UCmkf8DMk1AtbCSrCAp1CFgw,0.0,0.0033783783783783786,0.0,0.0006327431948469393,7.554017998397095e-05,0.0,-2.351197178616937e-19,9.931552292912649e-20,0,1,1,572
UClYpnUC9_8aOx4cErWxAQtA,0.0,0.0033783783783783786,0.0,0.0006327431948469393,7.554017998397095e-05,0.0,-2.351197178616937e-19,-4.3490828004817806e-20,0,1,1,572
UCIn2dmjL2S6aUZIMaRxybgQ,0.0,0.0033783783783783786,0.0,0.0006327431948469393,7.554017998397095e-05,0.0,-2.351197178616937e-19,-3.30818476830448e-21,0,1,2,572
UC6C5s8AXWhSJ923aQozX4YA,0.2727272727272727,0.0,0.0,0.0003847078624669392,0.0002348987581925684,0.0,0.0,5.589695692149666e-20,3,0,1,573
UCU4QxQZt6BHg-d-J5R_u_RQ,0.09090909090909091,0.0,0.0,0.00021372659025941062,0.00010741189562569042,0.0,0.0,-2.804450565031552e-20,1,0,1,573
UCUMgmaCo9dZ2_uHawozgm7Q,0.0,0.0033783783783783786,0.0,0.00024044241404183698,7.554017998397095e-05,0.0,3.5315719510885326e-20,4.0640880275723314e-21,0,1,1,573
UCDaJOs_7RrYLFvDAuUbIPTw,0.0,0.0033783783783783786,0.0,0.00024044241404183698,7.554017998397095e-05,0.0,3.5315719510885326e-20,2.1468779804414082e-20,0,1,1,573
UC3zUHrT3_Eu6jk83XfLiLzw,0.0,0.006756756756756757,0.0,0.00032058988538911595,7.554017998397095e-05,0.0,1.7597189739059905e-20,6.823775024650982e-21,0,2,2,573
UCbHb2nWeeuujX7i26cQPHnQ,0.45454545454545453,0.0,0.0,0.0006011060351045924,0.0003942573364011658,0.0,0.0,2.196557493711805e-19,5,0,1,574
UC-5HnimlATYg6i6GQcVIhgg,0.0,0.0033783783783783786,0.0,0.0003339477972803291,7.554017998397095e-05,0.0,1.3877858940765808e-19,8.380120717515609e-21,0,1,1,574
UCIPMlNvilb-slVHtMDzQFdg,0.0,0.0033783783783783786,0.0,0.0003339477972803291,7.554017998397095e-05,0.0,1.3877858940765808e-19,5.122545143598294e-22,0,1,1,574
UCT6x_lOouwRzMK_H0GQ1ooQ,0.0,0.0033783783783783786,0.0,0.0003339477972803291,7.554017998397095e-05,0.0,1.3877858940765808e-19,1.0368917666909423e-20,0,1,1,574
UCsn8ZEbf23i3ddNNASqVtqQ,0.0,0.0033783783783783786,0.0,0.0003339477972803291,7.554017998397095e-05,0.0,1.3877858940765808e-19,-5.961869849652415e-20,0,1,1,574
UCDs-XMEVSA0hza4WSVPnocA,0.2727272727272727,0.0,0.0,0.0003606636210627555,0.00026677047383428783,0.0,0.0,7.276566350842723e-19,3,0,1,575
UCbAh77aka9nlGxWp35eeStQ,0.0,0.0033783783783783786,0.0,0.00021639817263765327,7.554017998397095e-05,0.0,4.597337501030948e-19,1.0011345049541833e-20,0,1,1,575
UCyHOHPv-sXaiKA5ZL-XQkMA,0.0,0.0033783783783783786,0.0,0.00021639817263765327,7.554017998397095e-05,0.0,4.597337501030948e-19,-7.023056171551667e-21,0,1,1,575
UCumrvhbd16MTb-nbV5vt_Cg,0.0,0.0033783783783783786,0.0,0.00021639817263765327,7.554017998397095e-05,0.0,4.597337501030948e-19,-1.0277405948990428e-19,0,1,1,575
UCGWSre6kkbm_X62i4T6pGfA,0.09090909090909091,0.0,0.0,0.00012022120702091849,0.00013928361126740993,0.0,0.0,-3.6230060136774004e-19,1,0,1,576
UC60QeQgSEvIs8SrOIlF7vNA,0.0,0.0033783783783783786,0.0,0.00012022120702091849,7.554017998397095e-05,0.0,-2.2890166336778814e-19,1.600542192419032e-20,0,1,1,576
UC_TojbRnKRG0_RQxHVYtbhQ,0.18181818181818182,0.0,0.0,0.00024044241404183698,0.0002030270425508489,0.0,0.0,1.2644417186956598e-22,2,0,1,577
UCB56a7g68SPAPdzeKcaJ3dw,0.0,0.0033783783783783786,0.0,0.00016029494269455797,7.554017998397095e-05,0.0,7.988747784254521e-23,-1.5334216422319337e-20,0,1,1,577
UC9PjkXO0CE4baRazWN0WzKA,0.0,0.0033783783783783786,0.0,0.00016029494269455797,7.554017998397095e-05,0.0,7.988747784254521e-23,-4.903563807579024e-20,0,1,1,577
UC02LqavetthqUaqUvKLRqJQ,0.45454545454545453,0.0,0.0,0.0006182804932504379,0.00036238562075944635,0.0,0.0,8.093985220155989e-20,5,0,1,578
UCgUnxzFBO_Dtxvs-SWmo_EA,0.09090909090909091,0.0,0.0,0.0002885308968502044,0.00010741189562569042,0.0,0.0,-3.5748005511638354e-20,1,0,1,578
UClR23MsSvI7POlfyDoLYCUg,0.0,0.0033783783783783786,0.0,0.0003606636210627555,7.554017998397095e-05,0.0,5.113783066254025e-20,6.124512360137424e-21,0,1,1,578
UC8Iaya487NKjjZVXnLK-JIA,0.0,0.0033783783783783786,0.0,0.0003606636210627555,7.554017998397095e-05,0.0,5.113783066254025e-20,-1.8151297582500265e-20,0,1,1,578
UCl1Ra7QP3N3xAJkaPegVpoQ,0.0,0.0033783783783783786,0.0,0.0003606636210627555,7.554017998397095e-05,0.0,5.113783066254025e-20,-5.810078207702327e-20,0,1,1,578
UCDLVz0Z09CTl-btAlLNsgNQ,0.09090909090909091,0.0,0.0,0.00012022120702091849,0.00013928361126740993,0.0,0.0,5.811986588430619e-21,1,0,2,579
UCevePC1tShQVGXs3Wt_wuEw,0.0,0.0033783783783783786,0.0,0.00012022120702091849,7.554017998397095e-05,0.0,3.672015427356958e-21,-4.069639110957309e-21,0,1,1,579
UC17mErxjAd4oawIh0PhYMRw,0.18181818181818182,0.0,0.0,0.0002704977157970666,0.00017115532690912942,0.0,0.0,2.3102679674940655e-19,2,0,1,580
UCztoDpGDcWP23NqDcZd-6yg,0.09090909090909091,0.0,0.0,0.00018033181053137774,0.00010741189562569042,0.0,0.0,-2.8087907725767273e-19,1,0,1,580
UCF6Rs3vPb_OUYfAOMVXoNsQ,0.0,0.006756756756756757,0.0,0.0002704977157970666,7.554017998397095e-05,0.0,-3.1496690560105084e-20,-7.475553302477455e-20,0,2,3,580
UClR2h5wJRdI1D11ZzJBkajw,0.0,0.0033783783783783786,0.0,0.00018033181053137774,7.554017998397095e-05,0.0,1.4596282164266874e-19,1.0802273127346493e-19,0,1,2,580
UCvm7UlNWe_ZP-zOMYHdn4Hw,0.45454545454545453,0.0,0.0,0.0006011060351045924,0.0003942573364011658,0.0,0.0,1.7274955384848987e-19,5,0,1,581
UCxFelNg8kpEcFon7VIOq5DA,0.0,0.0033783783783783786,0.0,0.0003339477972803291,7.554017998397095e-05,0.0,1.0914323650770394e-19,-3.624940037477141e-21,0,1,1,581
UCYy5kaJQ4ZvJ0HgOMh7iRLg,0.0,0.0033783783783783786,0.0,0.0003339477972803291,7.554017998397095e-05,0.0,1.0914323650770394e-19,1.2762437377900627e-19,0,1,1,581
UCHbXYz0zhaVv5Kn-JP1r7BQ,0.0,0.0033783783783783786,0.0,0.0003339477972803291,7.554017998397095e-05,0.0,1.0914323650770394e-19,-3.137628975243727e-20,0,1,1,581
UCQALkYaZws6KGHocAhMABPg,0.0,0.0033783783783783786,0.0,0.0003339477972803291,7.554017998397095e-05,0.0,1.0914323650770394e-19,3.249873223361783e-20,0,1,1,581
UC4Rz_jh_XmQaeQ7aZLnHQXw,0.09090909090909091,0.0,0.0,0.00012022120702091849,0.00013928361126740993,0.0,0.0,5.466464815277441e-20,1,0,2,582
UC08rtKsV9QujkT8_EH12CLA,0.0,0.0033783783783783786,0.0,0.00012022120702091849,7.554017998397095e-05,0.0,3.453714634297352e-20,1.056131023266457e-19,0,1,1,582
UCIEuE8qVH9Xe-zKmbWJjaug,0.18181818181818182,0.0,0.0,0.00032058988538911595,0.00016053142169522293,0.0,0.0,1.6629811065584883e-19,2,0,1,583
UCv5ThzB7mweILGZDFgLXAsg,0.09090909090909091,0.0,0.0,0.00024044241404183698,9.678799041178392e-05,0.0,0.0,-2.635163669904775e-20,1,0,2,583
UCOHCflL9WLE1G-Y3WkYSiLg,0.09090909090909091,0.0,0.0,0.00024044241404183698,9.678799041178392e-05,0.0,0.0,3.146625370493176e-19,1,0,1,583
UCHodIM9X7okU6RYx9SgzfBw,0.0,0.010135135135135136,0.0,0.0003847078624669392,7.554017998397095e-05,0.0,2.872221531193722e-19,-2.8509872007073427e-20,0,3,3,583
UCBtkrvnak9wIebwoB_LmdzQ,0.0,0.0033783783783783786,0.0,0.00021372659025941062,7.554017998397095e-05,0.0,1.0506721214466566e-19,8.410033451164712e-20,0,1,1,583
UCkUn7sjPksDIf6_3ua8-lWA,0.09090909090909091,0.0,0.0,0.00012022120702091849,0.00013928361126740993,0.0,0.0,-3.501631540532577e-20,1,0,1,584
UCQmOY8DFucQtxb4nNJOKRdA,0.0,0.0033783783783783786,0.0,0.00012022120702091849,7.554017998397095e-05,0.0,-2.212332193496566e-20,-2.939719280076498e-19,0,1,2,584
UC98Vvjb9oz6K85IU7gxag2A,0.09090909090909091,0.0,0.0,0.00012022120702091849,0.00013928361126740993,0.0,0.0,2.6805892044859195e-19,1,0,1,585
UCxdP89DRhffhzTI7vCksskA,0.0,0.0033783783783783786,0.0,0.00012022120702091849,7.554017998397095e-05,0.0,1.6935973205569133e-19,1.0834523650513591e-19,0,1,1,585
UCd-AT4ztaavwACVZS6ogEWw,0.09090909090909091,0.0,0.0,0.00012022120702091849,0.00013928361126740993,0.0,0.0,-2.7851023759976293e-20,1,0,2,586
UCXd1dFmvohcyHF1T3h49RLA,0.0,0.0033783783783783786,0.0,0.00012022120702091849,7.554017998397095e-05,0.0,-1.7596287836915576e-20,1.3442141503194625e-19,0,1,1,586
UCsN9iMknAlKxekfQ8eanFkg,0.09090909090909091,0.0,0.0,0.00012022120702091849,0.00013928361126740993,0.0,0.0,2.2864199279312798e-20,1,0,6,587
UCdschMRfg6NzNCLVvzHRtpg,0.0,0.0033783783783783786,0.0,0.00012022120702091849,7.554017998397095e-05,0.0,1.4445610155902152e-20,2.7896829288883974e-19,0,1,1,587
UCmZrEh9-z4EAjZnayjJGGIQ,0.09090909090909091,0.0,0.0,0.00012022120702091849,0.00013928361126740993,0.0,0.0,-3.8938774393233e-19,1,0,1,588
UC9eCPVdi73PVEMqyxukmKuQ,0.0,0.0033783783783783786,0.0,0.00012022120702091849,7.554017998397095e-05,0.0,-2.460153307630616e-19,-4.6915892105600556e-20,0,1,1,588
UC_luWlO2_JqBK5-mRN-ohxQ,0.09090909090909091,0.0,0.0,0.00012022120702091849,0.00013928361126740993,0.0,0.0,-6.1185889516175834e-21,1,0,1,589
UCEjiRXHz6MjZWCHkDmgf2bg,0.0,0.0033783783783783786,0.0,0.00012022120702091849,7.554017998397095e-05,0.0,-3.865726921792915e-21,1.334601028852126e-20,0,1,1,589
UCRZ1cLlOui-aH2f1Cgm2oJg,0.45454545454545453,0.0,0.0,0.0005594910019050438,0.00036238562075944635,0.0,0.0,-2.8915984630239264e-20,5,0,1,590
UCGTcF4sjAOIJujN1F-_HPyg,0.2727272727272727,0.0,0.0,0.0003828096328823984,0.0001817792321230359,0.0,0.0,-1.825775189207242e-19,3,0,1,590
UC4nrygh3gehmOUCL0oy8Bqw,0.2727272727272727,0.0,0.0,0.0006061152520637974,0.00016053142169522293,0.0,0.0,-1.2219183824478436e-19,3,0,1,590
UCMKV4e7E7e_-9u-_Yddk8xQ,0.09090909090909091,0.0,0.0,0.0003463515726078843,0.00010741189562569042,0.0,0.0,-2.196029036251221e-19,1,0,2,590
UCLVqRi6N0nIkJTxuw3y8WzQ,0.0,0.0033783783783783786,0.0,0.0004040768347091983,7.554017998397095e-05,0.0,-1.8269130536332932e-20,1.5871920778880566e-20,0,1,1,590
UCaQCgnwCQxp3TR0dSz40L-Q,0.45454545454545453,0.0,0.0,0.0006011060351045924,0.0003942573364011658,0.0,0.0,3.681332299500016e-21,5,0,1,591
UCbvgfPgMZZhlqcKroSuHDEQ,0.0,0.0033783783783783786,0.0,0.0003339477972803291,7.554017998397095e-05,0.0,2.32586720415019e-21,1.625690077810826e-19,0,1,1,591
UCVvYFS3qlnrMkfAeEYSL0wg,0.0,0.0033783783783783786,0.0,0.0003339477972803291,7.554017998397095e-05,0.0,2.32586720415019e-21,-1.87726090106915e-19,0,1,1,591
UCJK2H0JapeOfZzJIPAMs71A,0.0,0.0033783783783783786,0.0,0.0003339477972803291,7.554017998397095e-05,0.0,2.32586720415019e-21,-2.674368060185097e-20,0,1,1,591
UCc897aArAGwd-hEnPtHZm6A,0.0,0.0033783783783783786,0.0,0.0003339477972803291,7.554017998397095e-05,0.0,2.32586720415019e-21,3.9837326175903196e-19,0,1,1,591
UCDPDcNoRX54j00UQ10yWfpg,0.18181818181818182,0.0,0.0,0.00024044241404183698,0.0002030270425508489,0.0,0.0,-2.6319669412359986e-19,2,0,1,592
UCdxbjuMfhf3wdIFtuEvWPfQ,0.0,0.0033783783783783786,0.0,0.00016029494269455797,7.554017998397095e-05,0.0,-1.662877755387557e-19,5.882694928399965e-20,0,1,1,592
UCqMxCoJYBtW7GbRF4Lgrmeg,0.0,0.0033783783783783786,0.0,0.00016029494269455797,7.554017998397095e-05,0.0,-1.662877755387557e-19,8.321359512510427e-20,0,1,1,592
UCuvEUBAfWlOqS3dhFwkGzng,0.09090909090909091,0.0,0.0,0.00012022120702091849,0.00013928361126740993,0.0,0.0,-3.2547691103846546e-19,1,0,3,593
UC9RhEC0IKvD06SoEoo3bYrg,0.0,0.0033783783783783786,0.0,0.00012022120702091849,7.554017998397095e-05,0.0,-2.0563644124038756e-19,1.1942415295981253e-20,0,1,2,593
UC3_Rl4O5QkF67b_pX2ef9QQ,0.45454545454545453,0.0,0.0,0.00048088482808367395,0.0003305139051177268,0.0,0.0,-4.8954878732218193e-20,5,0,1,594
UCF3cElUhLhlfFhtwoCKkLOQ,0.0,0.0033783783783783786,0.0,0.000274791330333528,7.554017998397095e-05,0.0,-3.0929711762744234e-20,-8.35318527773586e-21,0,1,1,594
UCstSnHrclvNzEsnW8Zmx0tA,0.0,0.0033783783783783786,0.0,0.000274791330333528,7.554017998397095e-05,0.0,-3.0929711762744234e-20,1.7402810388087853e-19,0,1,1,594
UCoktaAtpZOLEYAZYh3FnUZg,0.0,0.0033783783783783786,0.0,0.000274791330333528,7.554017998397095e-05,0.0,-3.0929711762744234e-20,-2.7765143903695987e-20,0,1,1,594
UCBCoWd2tb_tuf_d2hKN-WGw,0.0,0.006756756756756757,0.0,0.000274791330333528,7.554017998397095e-05,0.0,-6.185942352548847e-20,-6.849726020659443e-20,0,2,3,594
UCjCjInlYwguPnM_pnb_Yj1Q,0.09090909090909091,0.0,0.0,0.00021639817263765327,9.678799041178392e-05,0.0,0.0,-3.069705835120088e-20,1,0,8,595
UCdQ5Ntpwbo6d0xc9DcBYT3Q,0.09090909090909091,0.0,0.0,0.00021639817263765327,9.678799041178392e-05,0.0,0.0,-6.093248885962588e-20,1,0,1,595
UCVjfIEQUR0NOwU0tKlEt9iA,0.09090909090909091,0.0,0.0,0.00021639817263765327,9.678799041178392e-05,0.0,0.0,-2.9981372106996793e-20,1,0,1,595
UC8CT3AmDxhwGkZ6Ee8D3k6w,0.0,0.010135135135135136,0.0,0.0003606636210627555,7.554017998397095e-05,0.0,-7.683382696701851e-20,1.862115358052312e-21,0,3,3,595
UCssQWJezt1dDgXryuc5OVNg,0.09090909090909091,0.0,0.0,0.00012022120702091849,0.00013928361126740993,0.0,0.0,-7.957629834579482e-19,1,0,1,596
UCRa1PEO_Y_Sc0oeEBIl_VlQ,0.0,0.0033783783783783786,0.0,0.00012022120702091849,7.554017998397095e-05,0.0,-5.02763367966789e-19,9.83742253090774e-20,0,1,1,596
UC6wStbtFJ2mL4LAWufJsPdw,0.09090909090909091,0.0,0.0,0.00012022120702091849,0.00013928361126740993,0.0,0.0,-2.9666085962893367e-20,1,0,1,597
UCmF80S21hWk4gF8fqp6h9AA,0.0,0.0033783783783783786,0.0,0.00012022120702091849,7.554017998397095e-05,0.0,-1.8743044855245808e-20,-3.918518161384679e-20,0,1,1,597
UC3hkEDiYr0RdVFNvU4rusXw,0.18181818181818182,0.0,0.0,0.00024044241404183698,0.0002030270425508489,0.0,0.0,-1.1926487852436664e-19,2,0,1,598
UCQR34eWbGe5INR7YbuSkSnQ,0.0,0.0033783783783783786,0.0,0.00016029494269455797,7.554017998397095e-05,0.0,-7.535159746498714e-20,-2.934397281735186e-20,0,1,1,598
UCEdrc2uP-8Vpc1-HYVW06_g,0.0,0.0033783783783783786,0.0,0.00016029494269455797,7.554017998397095e-05,0.0,-7.535159746498714e-20,-2.4956747519008555e-19,0,1,1,598
UCfWtQK0kA1QhPRofNLcAdqg,0.09090909090909091,0.0,0.0,0.00012022120702091849,0.00013928361126740993,0.0,0.0,2.3427326809606717e-20,1,0,2,599
UCQ2GCC8g7u5fRDqhvQHZ5mQ,0.0,0.0033783783783783786,0.0,0.00012022120702091849,7.554017998397095e-05,0.0,1.4801394352466694e-20,-2.351366585224364e-20,0,1,1,599
UCGaiu6GR7-4d64WVFmCLsVA,0.09090909090909091,0.0,0.0,0.00012022120702091849,0.00013928361126740993,0.0,0.0,1.052622567558874e-19,1,0,1,600
UCk6BaI8TQMnJcB2wijn-V9w,0.0,0.0033783783783783786,0.0,0.00012022120702091849,7.554017998397095e-05,0.0,6.650473548845525e-20,-4.051153604117719e-20,0,1,1,600
UCAFCNiLmToWYRKg9wICluPQ,0.09090909090909091,0.0,0.0,0.00012022120702091849,0.00013928361126740993,0.0,0.0,1.776265198025975e-19,1,0,2,601
UCTGl4pNLkBMSFEvz60-5Pog,0.0,0.0033783783783783786,0.0,0.00012022120702091849,7.554017998397095e-05,0.0,1.1222450552814976e-19,-1.5367503013441392e-19,0,1,1,601
UCRpR9qTZzlJWjB8PkPZy3cQ,0.2727272727272727,0.0,0.0,0.0003606636210627555,0.00026677047383428783,0.0,0.0,1.4145868625311484e-21,3,0,3,602
UCaXk67bwwgqoUK6pJVUDWww,0.0,0.0033783783783783786,0.0,0.00021639817263765327,7.554017998397095e-05,0.0,8.937365397385522e-22,4.200029937943353e-21,0,1,1,602
UC9wul16n3jUXE9CuIEZT1cQ,0.0,0.0033783783783783786,0.0,0.00021639817263765327,7.554017998397095e-05,0.0,8.937365397385522e-22,5.860395321942434e-21,0,1,1,602
UCUayRqosfObM6fjJrrEg2lQ,0.0,0.0033783783783783786,0.0,0.00021639817263765327,7.554017998397095e-05,0.0,8.937365397385522e-22,-1.4416519475117002e-20,0,1,1,602
UC8xHuC-7Ut5sHIsepa919Rg,0.45454545454545453,0.0,0.0,0.0006011060351045924,0.0003942573364011658,0.0,0.0,8.235820989453669e-20,5,0,1,603
UCjgBoa0E2MpQfzAKG3KKIjg,0.0,0.0033783783783783786,0.0,0.0003339477972803291,7.554017998397095e-05,0.0,5.203394961444711e-20,3.5719047709132326e-20,0,1,1,603
UC-KDWf1OwOA_lxJaTYIh2Eg,0.0,0.0033783783783783786,0.0,0.0003339477972803291,7.554017998397095e-05,0.0,5.203394961444711e-20,-8.634975832421045e-20,0,1,1,603
UCCFt6Eq7rYIJ6A0yWIx192w,0.0,0.0033783783783783786,0.0,0.0003339477972803291,7.554017998397095e-05,0.0,5.203394961444711e-20,-3.005129349714407e-19,0,1,1,603
UCrZMzO8FjAGKSfZ5BHA_CKQ,0.0,0.0033783783783783786,0.0,0.0003339477972803291,7.554017998397095e-05,0.0,5.203394961444711e-20,1.7839205481282043e-20,0,1,1,603
UCk_Qq0BLbFxg_DWr49DOf9g,0.09090909090909091,0.0,0.0,0.00012022120702091849,0.00013928361126740993,0.0,0.0,-2.21440624617757e-20,1,0,1,604
UC5Ww3qTfhD2rSeSh1UMURZA,0.0,0.0033783783783783786,0.0,0.00012022120702091849,7.554017998397095e-05,0.0,-1.3990627429502225e-20,-1.2781080352993193e-19,0,1,1,604
UC5E1L98-LXQsKWauL4dZRrw,0.09090909090909091,0.0,0.0,0.00012022120702091849,0.00013928361126740993,0.0,0.0,3.1848458916895754e-20,1,0,1,605
UCztrhqMxLWuLbvotdys7eOQ,0.0,0.0033783783783783786,0.0,0.00012022120702091849,7.554017998397095e-05,0.0,2.0121868951518757e-20,-1.7036829811900278e-19,0,1,1,605
UCgvBKOhnaFEl74uvwpBn3jA,0.09090909090909091,0.0,0.0,0.00012022120702091849,0.00013928361126740993,0.0,0.0,-2.0528372129765764e-20,1,0,1,606
UCGY-3fGc2HV18G5cx3djavw,0.0,0.0033783783783783786,0.0,0.00012022120702091849,7.554017998397095e-05,0.0,-1.2969833638136306e-20,-2.6498961398767185e-20,0,1,1,606
UCxLBM59IhDh4eQujUGGJn8Q,0.09090909090909091,0.0,0.0,0.00012022120702091849,0.00013928361126740993,0.0,0.0,4.30250785336301e-19,1,0,2,607
UCY-ayyLz23wUhIiHyWO3wHg,0.0,0.0033783783783783786,0.0,0.00012022120702091849,7.554017998397095e-05,0.0,2.718326164985101e-19,2.418025601836237e-20,0,1,2,607
UCfJjjAeN9YNPD-Xx1g8sHqQ,0.45454545454545453,0.0,0.0,0.00048088482808367395,0.0003305139051177268,0.0,0.0,1.8079228152601756e-19,5,0,1,608
UCdLcMKhnQEOLVCTY2ZgfhMg,0.0,0.006756756756756757,0.0,0.000274791330333528,7.554017998397095e-05,0.0,2.2844927007646825e-19,-4.533483510087216e-20,0,2,2,608
UClI3UrSEuJk9tAEG_UNMtLg,0.0,0.0033783783783783786,0.0,0.000274791330333528,7.554017998397095e-05,0.0,1.1422463503823413e-19,-1.6478890910966832e-20,0,1,1,608
UC3RJ5oLAhq3NMkmyv86yHyQ,0.0,0.0033783783783783786,0.0,0.000274791330333528,7.554017998397095e-05,0.0,1.1422463503823413e-19,4.3321805281373475e-20,0,1,1,608
UCRPrUq9TyTmTChZ65HKnxBw,0.0,0.0033783783783783786,0.0,0.000274791330333528,7.554017998397095e-05,0.0,1.1422463503823413e-19,-1.561562963984433e-20,0,1,1,608
UCywjNVGE59GJkhYbx48JPgw,0.45454545454545453,0.0,0.0,0.0006182804932504379,0.0004492264987330162,0.0,0.0,-8.274700941750789e-20,5,0,1,609
UCrFeB8weuu3MEfo5UQGcWFw,0.18181818181818182,0.0033783783783783786,0.0,0.00043279634527530655,0.00013928361126740993,0.0,-5.227959330697408e-20,-2.1814479784984197e-19,2,1,4,609
UCZoTJj6UNdvsOTz2yurqaKw,0.0,0.0033783783783783786,0.0,0.0003606636210627555,7.554017998397095e-05,0.0,-5.227959330697408e-20,7.003089354332042e-20,0,1,1,609
UCKldPhUJM0lDSIuX7OHLqLg,0.0,0.0033783783783783786,0.0,0.0003606636210627555,7.554017998397095e-05,0.0,-5.227959330697408e-20,6.542221998368155e-20,0,1,3,609
UC3ED7xnhfn1-FIZK6L1Fd4Q,0.0,0.0033783783783783786,0.0,0.0003606636210627555,7.554017998397095e-05,0.0,-5.227959330697408e-20,4.324759300021164e-19,0,1,1,609
UCeUGfnvIP82MpUGs8aWzZPQ,0.45454545454545453,0.0,0.0,0.0005918582499491372,0.00036238562075944635,0.0,0.0,6.410660636221474e-20,5,0,1,610
UC8yXhlUI_HDUt_XU1FxMfiw,0.2727272727272727,0.0,0.0,0.0004525974852552225,0.00023489875819256837,0.0,0.0,-2.2724207712069622e-20,3,0,1,610
UCmj1F5EC9utl3sTO1O5OIFQ,0.0,0.0033783783783783786,0.0,0.0003847078624669392,7.554017998397095e-05,0.0,4.050257927747838e-20,3.075345015075239e-20,0,1,2,610
UCsexU6-eNSjXJoHaP0JHxJw,0.0,0.0033783783783783786,0.0,0.0003847078624669392,7.554017998397095e-05,0.0,4.050257927747838e-20,-4.5245745918355335e-21,0,1,1,610
UC_IpRkHk0HRZZsTZbxbK_WA,0.0,0.006756756756756757,0.0,0.000549582660667056,7.554017998397095e-05,0.0,2.6145415849178822e-20,-1.6221882108671302e-21,0,2,2,610
UCmlvuDjnfKJA-i2SL1b6fOg,0.2727272727272727,0.0,0.0,0.0003606636210627555,0.00026677047383428783,0.0,0.0,-1.743799491772745e-20,3,0,1,611
UCdA4tFzHMivCCjEr5HT8lgg,0.0,0.0033783783783783786,0.0,0.00021639817263765327,7.554017998397095e-05,0.0,-1.1017332092185339e-20,-1.3501479268047488e-20,0,1,1,611
UC7COc_pHl-jFMQw7LcIXN0Q,0.0,0.0033783783783783786,0.0,0.00021639817263765327,7.554017998397095e-05,0.0,-1.1017332092185339e-20,1.811009127448872e-20,0,1,1,611
UCOZlgbKyszZ__NW-Mu6EWhw,0.0,0.0033783783783783786,0.0,0.00021639817263765327,7.554017998397095e-05,0.0,-1.1017332092185339e-20,-1.7487762456080477e-19,0,1,1,611
UCEG6N6wnXLk2hR81mT_bkmg,0.09090909090909091,0.0,0.0,0.00012022120702091849,0.00013928361126740993,0.0,0.0,-4.75994147193384e-19,1,0,1,612
UCPY9q8DdGHBdEe8StYi1Rcw,0.0,0.0033783783783783786,0.0,0.00012022120702091849,7.554017998397095e-05,0.0,-3.0073329062820324e-19,5.434794008062349e-21,0,1,1,612
UCZkzJ9mqOL8X4pXkmrf5z3A,0.18181818181818182,0.0,0.0,0.00024044241404183698,0.0002030270425508489,0.0,0.0,6.93451208977705e-20,2,0,1,613
UCaM0ZRxmD1kp7eUvRDDAHAQ,0.0,0.0033783783783783786,0.0,0.00016029494269455797,7.554017998397095e-05,0.0,4.381227483480908e-20,1.7360280590585426e-19,0,1,2,613
UCwnxMgubwEaQ5ApEnjZGnRw,0.0,0.0033783783783783786,0.0,0.00016029494269455797,7.554017998397095e-05,0.0,4.381227483480908e-20,-5.15050843985755e-20,0,1,1,613
UCCN0I0B1mCXtPD7eKDP-Qrg,0.09090909090909091,0.0,0.0,0.00012022120702091849,0.00013928361126740993,0.0,0.0,-1.264984013073908e-19,1,0,1,614
UCAwvA7OVxnoYCN0qPvp-y1Q,0.0,0.0033783783783783786,0.0,0.00012022120702091849,7.554017998397095e-05,0.0,-7.992174002283069e-20,3.7840580151750764e-20,0,1,2,614
UC3qPEXSxQFc8K_FyJnn918g,0.09090909090909091,0.0,0.0,0.00012022120702091849,0.00013928361126740993,0.0,0.0,-2.78451439719044e-20,1,0,1,615
UCWdoI6ue8fkx86g8JUkKljw,0.0,0.0033783783783783786,0.0,0.00012022120702091849,7.554017998397095e-05,0.0,-1.7592572984484127e-20,9.045070351031158e-21,0,1,1,615
UCyrQvJIQ1S8FDC_99XXBlIQ,0.09090909090909091,0.0,0.0,0.00012022120702091849,0.00013928361126740993,0.0,0.0,-2.256302138068265e-20,1,0,2,616
UCTp5oW-QtoaU-dvg_QvaQcA,0.0,0.0033783783783783786,0.0,0.00012022120702091849,7.554017998397095e-05,0.0,-1.425532584032057e-20,8.389983939403503e-20,0,1,1,616
UCPgNqtN0WNrtgOfc4yO9kcQ,0.09090909090909091,0.0,0.0,0.00012022120702091849,0.00013928361126740993,0.0,0.0,2.0320805237502187e-19,1,0,1,617
UCmYOaNPW4NujF3YA502CLnQ,0.0,0.0033783783783783786,0.0,0.00012022120702091849,7.554017998397095e-05,0.0,1.2838692793434838e-19,1.5487276442416578e-19,0,1,1,617
UCbZXYyKgWmw2ztQ0V-TaGXQ,0.45454545454545453,0.0,0.0,0.0006011060351045924,0.0003942573364011658,0.0,0.0,-3.051085105307966e-19,5,0,1,618
UCYroTScKKri65_av4t_gzEg,0.0,0.0033783783783783786,0.0,0.0003339477972803291,7.554017998397095e-05,0.0,-1.927676777364199e-19,4.058635511757539e-20,0,1,1,618
UCdTHdTdAC2mrmEyaCD9VHZA,0.0,0.0033783783783783786,0.0,0.0003339477972803291,7.554017998397095e-05,0.0,-1.927676777364199e-19,3.437333082779478e-20,0,1,1,618
UCli2YDN-bvPdR2GJxD8jDOA,0.0,0.0033783783783783786,0.0,0.0003339477972803291,7.554017998397095e-05,0.0,-1.927676777364199e-19,2.7568041881620206e-20,0,1,1,618
UCppKpcR0ot-kJW-6MOg9s2w,0.0,0.0033783783783783786,0.0,0.0003339477972803291,7.554017998397095e-05,0.0,-1.927676777364199e-19,6.717756254687421e-20,0,1,1,618
UCEvT1_PrAfM3eS50LlGS9VQ,0.36363636363636365,0.0,0.0,0.0003606636210627555,0.00026677047383428783,0.0,0.0,2.988446307469528e-19,4,0,2,619
UCV3dRVBrGJAjGfvyRlCdlrQ,0.0,0.0033783783783783786,0.0,0.00021639817263765327,7.554017998397095e-05,0.0,1.888101560093103e-19,-7.808890519438647e-21,0,1,2,619
UCjigIE3HZsihG0kz93QX2Kg,0.0,0.006756756756756757,0.0,0.00021639817263765327,7.554017998397095e-05,0.0,3.776203120186206e-19,1.1420680739667397e-19,0,2,2,619
UC5S68eYusjHQkcjmB_hJHnw,0.0,0.0033783783783783786,0.0,0.00021639817263765327,7.554017998397095e-05,0.0,1.888101560093103e-19,-5.0989321468120515e-20,0,1,1,619
UCDCZLctgFgjwoVpu0lQnhSg,0.45454545454545453,0.0,0.0,0.0006011060351045924,0.0003942573364011658,0.0,0.0,7.377743611644985e-19,5,0,1,620
UCH4zeZMF1RCES7qRjKAl8pg,0.0,0.0033783783783783786,0.0,0.0003339477972803291,7.554017998397095e-05,0.0,4.661261334458779e-19,-7.119287425522757e-20,0,1,1,620
UCFjlAs6NVujm6d7SZRveNqQ,0.0,0.0033783783783783786,0.0,0.0003339477972803291,7.554017998397095e-05,0.0,4.661261334458779e-19,2.8630023533035144e-20,0,1,1,620
UC5Qr6p5VXRx7TMJ7fNB_51A,0.0,0.0033783783783783786,0.0,0.0003339477972803291,7.554017998397095e-05,0.0,4.661261334458779e-19,1.3922699930804963e-20,0,1,1,620
UCXwjUqYrsL43yAONHSgQQvQ,0.0,0.0033783783783783786,0.0,0.0003339477972803291,7.554017998397095e-05,0.0,4.661261334458779e-19,1.881308925423188e-19,0,1,1,620
UCoZqlfT1ebIku1F395XJWYQ,0.09090909090909091,0.0,0.0,0.00016029494269455797,0.00010741189562569042,0.0,0.0,-5.564298370715661e-19,1,0,1,621
UCNfe4U2J01pmrBvAQAaeGOg,0.09090909090909091,0.0,0.0,0.00016029494269455797,0.00010741189562569042,0.0,0.0,-2.0659490227075894e-19,1,0,1,621
UCt393P9-entf9J3tWz4Fw7Q,0.0,0.006756756756756757,0.0,0.00024044241404183698,7.554017998397095e-05,0.0,-4.820793323744757e-19,2.193506117439927e-19,0,2,3,621
UCb78nrklvN2jSyrOsM5VkJg,0.09090909090909091,0.0,0.0,0.00012022120702091849,0.00013928361126740993,0.0,0.0,-9.640340110937813e-20,1,0,1,622
UCrKLzfIdEsvj9NoDLeEKQcA,0.0,0.0033783783783783786,0.0,0.00012022120702091849,7.554017998397095e-05,0.0,-6.090770698404258e-20,1.0203402447194968e-19,0,1,1,622
UCDkYvuqzZa9tOpZZMstHmyg,0.45454545454545453,0.0,0.0,0.0003606636210627555,0.00026677047383428783,0.0,0.0,-5.400041892637957e-20,5,0,1,623
UCR2aUF8KogVWzFaA3v1B8tQ,0.0,0.010135135135135136,0.0,0.00021639817263765327,7.554017998397095e-05,0.0,-1.0235245816436809e-19,6.458803154819695e-20,0,3,3,623
UCaFfobkVoCoYROg1usNPT8g,0.0,0.0033783783783783786,0.0,0.00021639817263765327,7.554017998397095e-05,0.0,-3.411748605478936e-20,4.232045827410156e-19,0,1,1,623
UCeNhLUOcCZi80jgGq9JBqzQ,0.0,0.0033783783783783786,0.0,0.00021639817263765327,7.554017998397095e-05,0.0,-3.411748605478936e-20,5.269072570152221e-20,0,1,1,623
UC8Xc5xd3Oae2kUZhIMNjT8A,0.36363636363636365,0.0,0.0,0.00048088482808367395,0.0003305139051177268,0.0,0.0,1.089501616340812e-19,4,0,1,624
UCepSW4tFly0zBFtfXb7n4JQ,0.0,0.0033783783783783786,0.0,0.000274791330333528,7.554017998397095e-05,0.0,6.883475525042606e-20,-6.16501347468491e-20,0,1,1,624
UC6-d_Z9jl5mptWb5qTby1GA,0.0,0.0033783783783783786,0.0,0.000274791330333528,7.554017998397095e-05,0.0,6.883475525042606e-20,1.9467962517745395e-20,0,1,2,624
UC3sLgqqPVyWvmj6ON6TMjqQ,0.0,0.0033783783783783786,0.0,0.000274791330333528,7.554017998397095e-05,0.0,6.883475525042606e-20,1.1551517976260253e-19,0,1,1,624
UC1luutm3uGGH53J_LlTxMgA,0.0,0.0033783783783783786,0.0,0.000274791330333528,7.554017998397095e-05,0.0,6.883475525042606e-20,3.0537000307909746e-21,0,1,1,624
UCeebcuUSEDvIUZM7H574oPw,0.09090909090909091,0.0,0.0,0.00016029494269455797,0.00010741189562569042,0.0,0.0,4.2766127152352975e-20,1,0,1,625
UCqD46pDhY2wAKuVElc6fE0A,0.09090909090909091,0.0,0.0,0.00016029494269455797,0.00010741189562569042,0.0,0.0,3.3359606585691295e-20,1,0,1,625
UCHeikiY8zTHC-Yo37i7rOvQ,0.0,0.006756756756756757,0.0,0.00024044241404183698,7.554017998397095e-05,0.0,4.809626871152984e-20,1.3779108604414773e-21,0,2,2,625
UCKaiyk4VhsTL5XyTJtLJATw,0.18181818181818182,0.0,0.0,0.00016029494269455797,0.00011803580083959693,0.0,0.0,-6.573995558983728e-20,2,0,6,626
UCUD4d-unNBwmovSBCy7pUPQ,0.09090909090909091,0.0,0.0,0.00016029494269455797,9.678799041178392e-05,0.0,0.0,4.059299173762496e-20,1,0,1,626
UCPN2_3sC6LqUHKd9pQdCpFw,0.0,0.010135135135135136,0.0,0.00024044241404183698,7.554017998397095e-05,0.0,-5.742239168281922e-20,3.3621771697691337e-20,0,3,3,626
UCwUMWpQMwuOQnY53cALVv2Q,0.09090909090909091,0.0,0.0,0.00012022120702091849,0.00013928361126740993,0.0,0.0,4.5055544558572187e-20,1,0,2,627
UCaBacaxtNE8Rv5N6OiyBI0Q,0.0,0.0033783783783783786,0.0,0.00012022120702091849,7.554017998397095e-05,0.0,2.846611088820838e-20,-8.401218862448978e-21,0,1,1,627
UCdJbg4lgBbV7M0R_8zm9wpQ,0.18181818181818182,0.0,0.0,0.00024044241404183698,0.0002030270425508489,0.0,0.0,-1.713349895000555e-19,2,0,1,628
UC_KkRiepPFrMJTF26AAHnqg,0.0,0.0033783783783783786,0.0,0.00016029494269455797,7.554017998397095e-05,0.0,-1.0824951419238065e-19,-1.5958160557256366e-19,0,1,1,628
UCv20BaRbKu-9YgJ_sROziNA,0.0,0.0033783783783783786,0.0,0.00016029494269455797,7.554017998397095e-05,0.0,-1.0824951419238065e-19,6.761752431837928e-20,0,1,1,628
UC2phSjyPiqsCgzYV2IGgVOw,0.09090909090909091,0.0,0.0,0.00012022120702091849,0.00013928361126740993,0.0,0.0,-5.185036002204229e-20,1,0,1,629
UC6RT-15TT_GhcYnNHv36JeA,0.0,0.0033783783783783786,0.0,0.00012022120702091849,7.554017998397095e-05,0.0,-3.275907798788697e-20,-7.565938842999724e-20,0,1,2,629
UC2LTLNso9pZEO5ppNUjOYbg,0.09090909090909091,0.0,0.0,0.00012022120702091849,0.00013928361126740993,0.0,0.0,-3.01910029752758e-20,1,0,1,630
UC-9uqAvbDRxkUljSQ1fj5Fw,0.0,0.0033783783783783786,0.0,0.00012022120702091849,7.554017998397095e-05,0.0,-1.9074687631467508e-20,1.1084476555783618e-19,0,1,1,630
UCwp3-Vty4BKKAofTIelSwEQ,0.2727272727272727,0.0,0.0,0.0003606636210627555,0.00026677047383428783,0.0,0.0,2.4355579857028552e-21,3,0,1,631
UCB94IiZuOv9wYAOLQ7uX7pg,0.0,0.0033783783783783786,0.0,0.00021639817263765327,7.554017998397095e-05,0.0,1.5387864995294604e-21,-1.9804375765870487e-19,0,1,1,631
UCfCp5tNrnKuIHy4zZ93zU9g,0.0,0.0033783783783783786,0.0,0.00021639817263765327,7.554017998397095e-05,0.0,1.5387864995294604e-21,-1.0264025318461973e-19,0,1,1,631
UCC7_JxWdWJ3yJrfksSztZcQ,0.0,0.0033783783783783786,0.0,0.00021639817263765327,7.554017998397095e-05,0.0,1.5387864995294604e-21,7.42856791692566e-21,0,1,1,631
UCFa8b0aI9-xklBkfL54jiSQ,0.09090909090909091,0.0,0.0,0.00012022120702091849,0.00013928361126740993,0.0,0.0,9.217204625964082e-21,1,0,2,632
UCRdIlWzoRTQZ6xyxCoIWHmA,0.0,0.0033783783783783786,0.0,0.00012022120702091849,7.554017998397095e-05,0.0,5.823433531491547e-21,-1.3758789421085055e-19,0,1,1,632
UCZ4Pr3rnsNNx3EliYGUSTtg,0.09090909090909091,0.0,0.0,0.00012022120702091849,0.00013928361126740993,0.0,0.0,-8.918098446365104e-20,1,0,1,633
UCFwfsC_f2xIYuUmpGjf-3Mw,0.0,0.0033783783783783786,0.0,0.00012022120702091849,7.554017998397095e-05,0.0,-5.634458128813989e-20,-5.53658919363901e-20,0,1,1,633
UCw2ybv7QjhPTWSohjGPmMpA,0.18181818181818182,0.0,0.0,0.0002704977157970666,0.00017115532690912942,0.0,0.0,2.0782562481650368e-19,2,0,1,634
UCjCZQ0HfQvPrjCipb-63XdQ,0.09090909090909091,0.0,0.0,0.00018033181053137774,0.00010741189562569042,0.0,0.0,-3.1514651808448173e-19,1,0,1,634
UCBgYsak7xuVq3tNffTsbNDA,0.0,0.0033783783783783786,0.0,0.00018033181053137774,7.554017998397095e-05,0.0,1.313043120308313e-19,4.1362839304476306e-20,0,1,1,634
UCA_klDM9sxrIvRa6mK49KfA,0.0,0.006756756756756757,0.0,0.0002704977157970666,7.554017998397095e-05,0.0,-6.780538285174491e-20,1.8047409032249475e-19,0,2,2,634
UCc-emwbl-kq9oXEFYFUfO6Q,0.09090909090909091,0.0,0.0,0.00012022120702091849,0.00013928361126740993,0.0,0.0,1.95639716931384e-19,1,0,1,635
UCcgs23mgK6IG1C4GXUTjF2Q,0.0,0.0033783783783783786,0.0,0.00012022120702091849,7.554017998397095e-05,0.0,1.2360525060498705e-19,-7.658804632375302e-21,0,1,1,635
UCrtZMzT0375f4Vtmu8mn7Yw,0.09090909090909091,0.0,0.0,0.00012022120702091849,0.00013928361126740993,0.0,0.0,-2.3561383346692534e-19,1,0,1,636
UCkA9d8sTpEciX8QCo0mknjw,0.0,0.0033783783783783786,0.0,0.00012022120702091849,7.554017998397095e-05,0.0,-1.488609132566637e-19,-2.547293452984108e-21,0,1,1,636
UCE7T4B5KBu7DzlwQiFSQn4g,0.09090909090909091,0.0,0.0,0.00012022120702091849,0.00013928361126740993,0.0,0.0,3.731350671031771e-20,1,0,1,637
UCqRhBoyLL4NHdT0F6_lLCJQ,0.0,0.0033783783783783786,0.0,0.00012022120702091849,7.554017998397095e-05,0.0,2.3574688310846854e-20,8.422891443238213e-20,0,1,1,637
UCVnYozZPclnR8pKF0YtLmMQ,0.09090909090909091,0.0,0.0,0.00012022120702091849,0.00013928361126740993,0.0,0.0,-1.5183392028860348e-20,1,0,1,638
UCYM6xpuWmP-UfTVUZs4LUNw,0.0,0.0033783783783783786,0.0,0.00012022120702091849,7.554017998397095e-05,0.0,-9.592873094471255e-21,-1.2815292717334566e-20,0,1,1,638
UC8XmANOqIp71UO42QpNaEsA,0.18181818181818182,0.0,0.0,0.00012022120702091849,0.00013928361126740993,0.0,0.0,2.138463902344639e-20,2,0,2,639
UCjF-rSJs8wciwJPeqJXLYlw,0.0,0.006756756756756757,0.0,0.00012022120702091849,7.554017998397095e-05,0.0,2.7021646801066832e-20,-1.8191521760390873e-19,0,2,2,639
UCdUzv3_auuCgS8_J_KRm2Ig,0.2727272727272727,0.0,0.0,0.00012022120702091849,0.00013928361126740993,0.0,0.0,9.412165703223577e-20,3,0,3,640
UC4UwwkHLrIPo6Vv1rQh0Cyw,0.0,0.010135135135135136,0.0,0.00012022120702091849,7.554017998397095e-05,0.0,1.7839830051849547e-19,2.9760436136190196e-20,0,3,4,640
UCxhV3-3YPtL9EXYyAHvieQQ,0.09090909090909091,0.0,0.0,0.00012022120702091849,0.00013928361126740993,0.0,0.0,-1.3502022904918856e-19,1,0,1,641
UCnbyMhQH0xv62yk-_hk0_hw,0.0,0.0033783783783783786,0.0,0.00012022120702091849,7.554017998397095e-05,0.0,-8.530583416362766e-20,-3.891355277573376e-21,0,1,1,641
UCEjPnxxGEpQ6vGX4YwbEEhg,0.45454545454545453,0.0,0.0,0.0006011060351045924,0.0003942573364011658,0.0,0.0,5.876865118638683e-19,5,0,1,642
UCtYlgAJRsvZ_3sL82ope6tQ,0.0,0.0033783783783783786,0.0,0.0003339477972803291,7.554017998397095e-05,0.0,3.7130057084258253e-19,2.6689035571136947e-20,0,1,1,642
UCNdFHiNWpqrsZTL-qWqRK_Q,0.0,0.0033783783783783786,0.0,0.0003339477972803291,7.554017998397095e-05,0.0,3.7130057084258253e-19,-1.3545778176508426e-19,0,1,1,642
UC6-lr8AJ6wA6wSSoUv6RdOQ,0.0,0.0033783783783783786,0.0,0.0003339477972803291,7.554017998397095e-05,0.0,3.7130057084258253e-19,3.1173247297226315e-20,0,1,1,642
UCjPOKje0gBB8G5cCvpVvG0w,0.0,0.0033783783783783786,0.0,0.0003339477972803291,7.554017998397095e-05,0.0,3.7130057084258253e-19,-1.640644856839167e-19,0,1,1,642
UCaKpY2HT9VVo0RXal29E-Nw,0.09090909090909091,0.0,0.0,0.00016029494269455797,0.00010741189562569042,0.0,0.0,8.902409364052003e-20,1,0,1,643
UCgn6um78XeSrIatkybdsnCQ,0.09090909090909091,0.0,0.0,0.00016029494269455797,0.00010741189562569042,0.0,0.0,4.2160222766665473e-20,1,0,1,643
UCo1bQsQ5WVy1mw0U6HPKUwQ,0.0,0.006756756756756757,0.0,0.00024044241404183698,7.554017998397095e-05,0.0,8.288230303789046e-20,3.3172866625079917e-21,0,2,2,643
UCJBMYltVwGruy5TlHd27yDg,0.09090909090909091,0.0,0.0,0.00012022120702091849,0.00013928361126740993,0.0,0.0,4.732579169837227e-20,1,0,1,644
UC7RMIPOtXzDpeA_iZ4JAOrA,0.0,0.0033783783783783786,0.0,0.00012022120702091849,7.554017998397095e-05,0.0,2.9900453929855e-20,7.793146242389003e-20,0,1,1,644
UCwjo-50Q3d_cQ6dBBpTQeYg,0.09090909090909091,0.0,0.0,0.00012022120702091849,0.00013928361126740993,0.0,0.0,6.553168036379841e-21,1,0,1,645
UCjA6oGX1v1kpCwhiCZYyz-Q,0.0,0.0033783783783783786,0.0,0.00012022120702091849,7.554017998397095e-05,0.0,4.1402941595821854e-21,3.10208905685544e-20,0,1,1,645
UCYRfNQtwtmIzzh5rPyB1vrQ,0.09090909090909091,0.0,0.0,0.00012022120702091849,0.00013928361126740993,0.0,0.0,2.0407130317778785e-19,1,0,1,646
UCiG_ySGU9OTvg2P39sPzgWw,0.0,0.0033783783783783786,0.0,0.00012022120702091849,7.554017998397095e-05,0.0,1.2893233013327031e-19,-5.15708174543057e-20,0,1,2,646
UCgSP_GdV2YB9HZpGrhMt6eA,0.09090909090909091,0.0,0.0,0.00021639817263765327,9.678799041178392e-05,0.0,0.0,-1.1882440707839567e-19,1,0,2,647
UC9NNHzMcLQZLaUfQBmINX6g,0.09090909090909091,0.0,0.0,0.00021639817263765327,9.678799041178392e-05,0.0,0.0,5.60156620394984e-20,1,0,2,647
UCwKwIlj2sxFkTu4ywMpuEoQ,0.09090909090909091,0.0,0.0,0.00021639817263765327,9.678799041178392e-05,0.0,0.0,4.796305689888528e-20,1,0,2,647
UC6qn8Oa4jkkQdUUfs4EZZAg,0.0,0.010135135135135136,0.0,0.0003606636210627555,7.554017998397095e-05,0.0,-9.379511643810301e-21,3.3042824864563243e-20,0,3,3,647
UCA8cJrRLNyM_5Yg8tfVZ0_w,0.09090909090909091,0.0,0.0,0.00012022120702091849,0.00013928361126740993,0.0,0.0,3.772500235019734e-21,1,0,1,648
UCG1zIB_qOCRh0IhcrI_hS7g,0.0,0.0033783783783783786,0.0,0.00012022120702091849,7.554017998397095e-05,0.0,2.383467141902126e-21,-1.4452961714702834e-19,0,1,1,648
UCRANCQ8Pm0LKNbIwMXOqCLg,0.45454545454545453,0.0,0.0,0.0005009216959204937,0.0003854830674495772,0.0,0.0,-2.7420063990196136e-19,5,0,1,649
UCmUsBrupVakJOmirYhXLnpQ,0.09090909090909091,0.0033783783783783786,0.0,0.0003756912719403703,0.00013928361126740993,0.0,-1.7324007283764772e-19,4.742211019936856e-22,1,1,2,649
UC3PEZ-xaOFyou5gTL_IaBtQ,0.0,0.006756756756756757,0.0,0.0003005530175522962,7.554017998397095e-05,0.0,-3.4648014567529545e-19,-4.4530299176329e-20,0,2,2,649
UC-7UGnAzFul8UEA4MhUISwg,0.0,0.0033783783783783786,0.0,0.0003005530175522962,7.554017998397095e-05,0.0,-1.7324007283764772e-19,-2.0545847516090884e-19,0,1,1,649
UCxONlZ0Uec0O_b8Qr6_4D8w,0.0,0.0033783783783783786,0.0,0.0003005530175522962,7.554017998397095e-05,0.0,-1.7324007283764772e-19,-1.9697170079987726e-20,0,1,1,649
UCwMk4J7sk_x4RMoPCOdSisA,0.09090909090909091,0.0,0.0,0.00012022120702091849,0.00013928361126740993,0.0,0.0,-2.1103104577471854e-19,1,0,1,650
UC7ZhGvVf16Msb9a1Ev_rrOw,0.0,0.0033783783783783786,0.0,0.00012022120702091849,7.554017998397095e-05,0.0,-1.3332949826115888e-19,-3.855221696030622e-20,0,1,1,650
UCTYXI-27p_psMSd0bWKDJLw,0.09090909090909091,0.0,0.0,0.00012022120702091849,0.00013928361126740993,0.0,0.0,2.664231142102918e-19,1,0,1,651
UCLZOLJp4oYdP_6eQPIodG_Q,0.0,0.0033783783783783786,0.0,0.00012022120702091849,7.554017998397095e-05,0.0,1.6832622902676802e-19,6.116724665109955e-21,0,1,1,651
UCBOI4LlwuezSArLWnOQa1Ww,0.09090909090909091,0.0,0.0,0.00012022120702091849,0.00013928361126740993,0.0,0.0,-6.448387867777818e-21,1,0,1,652
UCYu9qc9cZchinN7Nnb7wJQg,0.0,0.0033783783783783786,0.0,0.00012022120702091849,7.554017998397095e-05,0.0,-4.074094007580185e-21,-1.8582637188342872e-20,0,1,3,652
UC8WTOMJLmfCG0328UmwOY7g,0.09090909090909091,0.0,0.0,0.00012022120702091849,0.00013928361126740993,0.0,0.0,-8.750692388925638e-20,1,0,1,653
UCnfTxcuPVsO3p86BN1PNNMw,0.0,0.0033783783783783786,0.0,0.00012022120702091849,7.554017998397095e-05,0.0,-5.528690915452832e-20,7.748870271067031e-20,0,1,1,653
UC8zw6FX0uJthN0QFsEux6PQ,0.09090909090909091,0.0,0.0,0.00012022120702091849,0.00013928361126740993,0.0,0.0,9.616389635723097e-20,1,0,1,654
UCGZnagaHsYnYRhhx8zXqgrA,0.0,0.0033783783783783786,0.0,0.00012022120702091849,7.554017998397095e-05,0.0,6.075638778682344e-20,9.326592514057193e-21,0,1,1,654
UCH9TQxYhzeWixX6gvtBcjXg,0.18181818181818182,0.0,0.0,0.00024044241404183698,0.0002030270425508489,0.0,0.0,8.037050227131446e-20,2,0,2,655
UCrdAH4ua6pMY-pqFXqjtELw,0.0,0.0033783783783783786,0.0,0.00016029494269455797,7.554017998397095e-05,0.0,5.077811515122308e-20,-2.0304799389485043e-19,0,1,1,655
UC_-lOoE7xeBzrG-aqfsl08g,0.0,0.0033783783783783786,0.0,0.00016029494269455797,7.554017998397095e-05,0.0,5.077811515122308e-20,1.7663389102787015e-20,0,1,1,655
UCyCmpX5JBVFQFaGMn5G8QWg,0.09090909090909091,0.0,0.0,0.00012022120702091849,0.00013928361126740993,0.0,0.0,-6.089989296513648e-20,1,0,1,656
UC-tPAiYrV-cUa3XIf2B2-KQ,0.0,0.0033783783783783786,0.0,0.00012022120702091849,7.554017998397095e-05,0.0,-3.8476576483765264e-20,1.1063395750509396e-21,0,1,1,656
UC9y6L6peCG_qm7j2DnDG4-w,0.09090909090909091,0.0,0.0,0.00012022120702091849,0.00013928361126740993,0.0,0.0,1.2943025015137348e-20,1,0,1,657
UCDezC88TFRNTqtwVTQmlttQ,0.0,0.0033783783783783786,0.0,0.00012022120702091849,7.554017998397095e-05,0.0,8.177408328308761e-21,1.4394637048587597e-19,0,1,2,657
UCEB17LUSTqFpAR30jTRikCg,0.09090909090909091,0.0,0.0,0.00012022120702091849,0.00013928361126740993,0.0,0.0,-2.388764595675051e-19,1,0,1,658
UCeu93IETdBookQ-TYy_boYw,0.0,0.0033783783783783786,0.0,0.00012022120702091849,7.554017998397095e-05,0.0,-1.5092224171858318e-19,-4.94222007180953e-21,0,1,1,658
UC_UVK04dH33cRfoEB-PucGg,0.45454545454545453,0.0,0.0,0.0006182804932504379,0.0004492264987330162,0.0,0.0,2.9999270910586737e-19,5,0,1,659
UCrk_WAUYf_-PH4aRwJeNhTQ,0.18181818181818182,0.0033783783783783786,0.0,0.00043279634527530655,0.00013928361126740993,0.0,1.8953551237096138e-19,-5.033627605961291e-19,2,1,2,659
UCgVrco4yqdVdT0TJuR3wI-w,0.0,0.0033783783783783786,0.0,0.0003606636210627555,7.554017998397095e-05,0.0,1.8953551237096138e-19,3.2037798863240775e-20,0,1,1,659
UCMDyel-wxZpC2MkXVJkALdw,0.0,0.0033783783783783786,0.0,0.0003606636210627555,7.554017998397095e-05,0.0,1.8953551237096138e-19,1.4284849749482538e-20,0,1,1,659
UCSF-0h9p_yUjtucJn4dwr3w,0.0,0.0033783783783783786,0.0,0.0003606636210627555,7.554017998397095e-05,0.0,1.8953551237096138e-19,-1.897645214873281e-21,0,1,1,659
UCl2-pP9RUcgejc5FcZIVPZQ,0.45454545454545453,0.0,0.0,0.0006011060351045924,0.0003942573364011658,0.0,0.0,7.330204830291801e-20,5,0,1,660
UC8FdUpM0n6r5hvu6Vl0783Q,0.0,0.0033783783783783786,0.0,0.0003339477972803291,7.554017998397095e-05,0.0,4.631226313580697e-20,1.2752505454839063e-21,0,1,1,660
UC1DpPCthcTvLeMaftZlCyaw,0.0,0.0033783783783783786,0.0,0.0003339477972803291,7.554017998397095e-05,0.0,4.631226313580697e-20,1.1031869096929948e-20,0,1,1,660
UC7RF4HGOiAADOI67wYQguHw,0.0,0.0033783783783783786,0.0,0.0003339477972803291,7.554017998397095e-05,0.0,4.631226313580697e-20,2.0800491769684035e-20,0,1,1,660
UC0X6ZtAKVKLlXeoUNZDVpDg,0.0,0.0033783783783783786,0.0,0.0003339477972803291,7.554017998397095e-05,0.0,4.631226313580697e-20,-1.4218829909993497e-20,0,1,1,660
UChuncoEcXAwQHZ5cJDwCfIQ,0.45454545454545453,0.0,0.0,0.0006011060351045924,0.0003942573364011658,0.0,0.0,2.84077285882862e-19,5,0,1,661
UCExkQNca5Ek5UXSAFKBPMLA,0.0,0.0033783783783783786,0.0,0.0003339477972803291,7.554017998397095e-05,0.0,1.7948014167824073e-19,-2.9033209808482376e-21,0,1,1,661
UCAjiZOQSCGzdjmJfeT4B5Aw,0.0,0.0033783783783783786,0.0,0.0003339477972803291,7.554017998397095e-05,0.0,1.7948014167824073e-19,1.4530071532789266e-20,0,1,1,661
UCsZVWxU6kfppe4hhnv9KQVQ,0.0,0.0033783783783783786,0.0,0.0003339477972803291,7.554017998397095e-05,0.0,1.7948014167824073e-19,-4.957314005289523e-20,0,1,1,661
UCHf6ifRDW4rU0oHmLAnz6kg,0.0,0.0033783783783783786,0.0,0.0003339477972803291,7.554017998397095e-05,0.0,1.7948014167824073e-19,-3.511472923574633e-21,0,1,2,661
UC2xcrOu3daALWImkByHyA-A,0.09090909090909091,0.0,0.0,0.00012022120702091849,0.00013928361126740993,0.0,0.0,-1.0185035687528199e-19,1,0,1,662
UCJX5LWJVvwECEUMKV1-k8MA,0.0,0.0033783783783783786,0.0,0.00012022120702091849,7.554017998397095e-05,0.0,-6.434909579322267e-20,-6.3819109212810966e-21,0,1,1,662
UC9M-EHNT_sYMpHR03XihuKg,0.09090909090909091,0.0,0.0,0.000274791330333528,9.14760378048307e-05,0.0,0.0,2.317419523300126e-19,1,0,1,663
UCKlz7I1v4huMxn2cdGAOEjg,0.09090909090909091,0.0,0.0,0.000274791330333528,9.14760378048307e-05,0.0,0.0,1.737905990571667e-19,1,0,1,663
UCTd_7qnBePhaTkM5AszSuNg,0.09090909090909091,0.0,0.0,0.000274791330333528,9.14760378048307e-05,0.0,0.0,1.3477087657387562e-19,1,0,1,663
UChYuzMh81pICmoqK27Gyi_w,0.09090909090909091,0.0,0.0,0.000274791330333528,9.14760378048307e-05,0.0,0.0,2.3916539513204066e-19,1,0,1,663
UCAK4NySSmwuKNsVnFGMRrbA,0.0,0.013513513513513514,0.0,0.00048088482808367395,7.554017998397095e-05,0.0,4.924687109979189e-19,-3.2533149264560236e-20,0,4,4,663
UCsxrQ_dPlvvFRbfyMT4tvlA,0.36363636363636365,0.0,0.0,0.00048088482808367395,0.0003305139051177268,0.0,0.0,1.0567199827234995e-19,4,0,2,664
UCZwort0oHSxfuEDa0MVGMRA,0.0,0.0033783783783783786,0.0,0.000274791330333528,7.554017998397095e-05,0.0,6.676361034076034e-20,9.439227058741322e-21,0,1,1,664
UCs9YfnY64Q6oh88tmkBGqkA,0.0,0.0033783783783783786,0.0,0.000274791330333528,7.554017998397095e-05,0.0,6.676361034076034e-20,-1.6982035674768735e-19,0,1,1,664
UC3JhOrIDLZPAb5q2kpnvkiQ,0.0,0.0033783783783783786,0.0,0.000274791330333528,7.554017998397095e-05,0.0,6.676361034076034e-20,-1.5594016904954619e-21,0,1,1,664
UCJG1ze4fDjcyGpDPKBV-94A,0.0,0.0033783783783783786,0.0,0.000274791330333528,7.554017998397095e-05,0.0,6.676361034076034e-20,-1.0487261475117823e-19,0,1,1,664
UCyNQxztSv6d7DE-gyK-fssw,0.09090909090909091,0.0,0.0,0.00012022120702091849,0.00013928361126740993,0.0,0.0,-4.794257004497968e-19,1,0,1,665
UCZGOvDUCSROuCU3ii3SKBzQ,0.0,0.0033783783783783786,0.0,0.00012022120702091849,7.554017998397095e-05,0.0,-3.029013473340511e-19,-2.6624819896864604e-20,0,1,1,665
UCGTYlTbL-e1SL4fOUJrQhGg,0.18181818181818182,0.0,0.0,0.00024044241404183698,0.0002030270425508489,0.0,0.0,1.1960711480654123e-19,2,0,1,666
UCg8gVFtx0ZqtjWScDk2FuNA,0.0,0.0033783783783783786,0.0,0.00016029494269455797,7.554017998397095e-05,0.0,7.556782248354585e-20,2.9961850575136734e-21,0,1,1,666
UCPb_lrxDYcpj7fmvwRu8R7w,0.0,0.0033783783783783786,0.0,0.00016029494269455797,7.554017998397095e-05,0.0,7.556782248354585e-20,-6.361278525889898e-20,0,1,1,666
UC0FRUJ6apKV6mMSJ8DWNddA,0.09090909090909091,0.0,0.0,0.00012022120702091849,0.00013928361126740993,0.0,0.0,3.417966502294435e-19,1,0,1,667
UCjOXurrK5v54Mi52U6Fr2nw,0.0,0.0033783783783783786,0.0,0.00012022120702091849,7.554017998397095e-05,0.0,2.1594725892172962e-19,-2.0938088701608302e-21,0,1,1,667
UCsPonOQfJog1gcy1JLJP3Pw,0.09090909090909091,0.0,0.0,0.00012022120702091849,0.00013928361126740993,0.0,0.0,-1.881648573495031e-19,1,0,1,668
UCRPYHvD6G81RpD7_QXMb7hw,0.0,0.0033783783783783786,0.0,0.00012022120702091849,7.554017998397095e-05,0.0,-1.18882631362088e-19,-3.307374161640343e-20,0,1,1,668
UCCJvLoyagqUZrPE2RXYrQtQ,0.09090909090909091,0.0,0.0,0.00012022120702091849,0.00013928361126740993,0.0,0.0,-2.7763397474047775e-20,1,0,1,669
UCYjuUlQmm0H0d8Eo7uH76Rw,0.0,0.0033783783783783786,0.0,0.00012022120702091849,7.554017998397095e-05,0.0,-1.7540925514777393e-20,-1.0580846748592329e-19,0,1,1,669
UCQ-SWl6BNrvJaD7PuBbVOWA,0.09090909090909091,0.0,0.0,0.00012022120702091849,0.00013928361126740993,0.0,0.0,1.1296699220925727e-19,1,0,2,670
UCuKM55kjEGWyPMFFkhKXtbA,0.0,0.0033783783783783786,0.0,0.00012022120702091849,7.554017998397095e-05,0.0,7.137259039796181e-20,4.319243461933918e-22,0,1,2,670
UCqbTXlGlvtl-gmD5AvvpVwQ,0.09090909090909091,0.0,0.0,0.00012022120702091849,0.00013928361126740993,0.0,0.0,-2.1106932007357315e-19,1,0,1,671
UCv2LgUis2NfUlK7YGs1RXpQ,0.0,0.0033783783783783786,0.0,0.00012022120702091849,7.554017998397095e-05,0.0,-1.3335367997832683e-19,-4.3276345730360617e-20,0,1,1,671
UCST178iGwSvgsjmqZL7jhnQ,0.09090909090909091,0.0,0.0,0.00012022120702091849,0.00013928361126740993,0.0,0.0,7.53173134241283e-21,1,0,1,672
UC4EmJcK7zEUNuWs-zHb7cdw,0.0,0.0033783783783783786,0.0,0.00012022120702091849,7.554017998397095e-05,0.0,4.758550843716903e-21,2.7430993709979436e-20,0,1,2,672
UCGAUbaysyey1KhfwqolFeNw,0.09090909090909091,0.0,0.0,0.00012022120702091849,0.00013928361126740993,0.0,0.0,7.144165828539265e-20,1,0,1,673
UCR8LBecJPmL9krHSF7sfUcg,0.0,0.0033783783783783786,0.0,0.00012022120702091849,7.554017998397095e-05,0.0,4.513686798626334e-20,8.844060238350337e-20,0,1,1,673
UC31J9U4ulT7ySDtalQSxERA,0.09090909090909091,0.0,0.0,0.00012022120702091849,0.00013928361126740993,0.0,0.0,7.031640020924927e-20,1,0,1,674
UCxqeqP0KxdiDrvXRBGqz90A,0.0,0.0033783783783783786,0.0,0.00012022120702091849,7.554017998397095e-05,0.0,4.442592948830093e-20,-2.497323964983033e-20,0,1,1,674
UCMXkMN5IsfJAs07GuChULFw,0.18181818181818182,0.0,0.0,0.00024044241404183698,0.0002030270425508489,0.0,0.0,1.7491253299535013e-19,2,0,1,675
UC_SFKoLLqLmzyC_XafNnOmg,0.0,0.0033783783783783786,0.0,0.00016029494269455797,7.554017998397095e-05,0.0,1.1050980758894707e-19,1.8349288486655297e-20,0,1,1,675
UCwU3oxwfSXCsT9Jn92FYfPg,0.0,0.0033783783783783786,0.0,0.00016029494269455797,7.554017998397095e-05,0.0,1.1050980758894707e-19,1.7933340461862686e-21,0,1,4,675
UCaaIRhr7YN1eYcMAtuWvP5g,0.09090909090909091,0.0,0.0,0.00012022120702091849,0.00013928361126740993,0.0,0.0,-9.061381842878636e-20,1,0,1,676
UC7zVXgA_tzcfEtGWQr4RVOw,0.0,0.0033783783783783786,0.0,0.00012022120702091849,7.554017998397095e-05,0.0,-5.724984635452722e-20,1.7396163582208092e-19,0,1,4,676
UCwwubBgmewarBFcNFo_UF2g,0.09090909090909091,0.0,0.0,0.00012022120702091849,0.00013928361126740993,0.0,0.0,1.0114946870117212e-19,1,0,1,677
UCmhD09a93FrPNxoh-jx-tPA,0.0,0.0033783783783783786,0.0,0.00012022120702091849,7.554017998397095e-05,0.0,6.390627436736002e-20,-6.708973385775156e-21,0,1,1,677
UCpBjQW5H59Oomvz-6cn9BiA,0.09090909090909091,0.0,0.0,0.00012022120702091849,0.00013928361126740993,0.0,0.0,-1.618694835823477e-19,1,0,1,678
UCGQNOveuguRMjCVoqhy8v8g,0.0,0.0033783783783783786,0.0,0.00012022120702091849,7.554017998397095e-05,0.0,-1.022692038064706e-19,1.6177311751705263e-19,0,1,1,678
UCJ6HAGHeHox-spkGHD8_5MQ,0.09090909090909091,0.0,0.0,0.00016029494269455797,0.00010741189562569042,0.0,0.0,2.079274549290488e-19,1,0,1,679
UCqb_FaA7flbVaYDdGOsI2Hw,0.09090909090909091,0.0,0.0,0.00016029494269455797,0.00010741189562569042,0.0,0.0,-2.8301185643605833e-20,1,0,2,679
UCFpC3A6hcFwDOeDx-s8e2Aw,0.0,0.006756756756756757,0.0,0.00024044241404183698,7.554017998397095e-05,0.0,1.1348794804305075e-19,1.0553678825669563e-21,0,2,3,679
UC9lYP4Xwva6FoVw8fEbsinQ,0.18181818181818182,0.0,0.0,0.00012022120702091849,0.00013928361126740993,0.0,0.0,2.1726370207179353e-19,2,0,2,680
UCyQB9v_xJqkzm1XMtM2m4ng,0.0,0.006756756756756757,0.0,0.00012022120702091849,7.554017998397095e-05,0.0,2.7453458595393504e-19,-5.189553905545159e-20,0,2,2,680
UCZKni7Fm322gpivxsqqGsug,0.09090909090909091,0.0,0.0,0.00012022120702091849,0.00013928361126740993,0.0,0.0,-1.2231799196858983e-19,1,0,1,681
UCRtZGOQQ4Ir5wHTJ2g7nmZg,0.0,0.0033783783783783786,0.0,0.00012022120702091849,7.554017998397095e-05,0.0,-7.728055574768094e-20,2.1140666004536764e-20,0,1,1,681
UCNJkPjPJIh5jp4ePYhGu2ow,0.09090909090909091,0.0,0.0,0.00012022120702091849,0.00013928361126740993,0.0,0.0,1.8102551099840087e-20,1,0,1,682
UCo4YHvkhkaS8ifYeAZPtwHg,0.0,0.0033783783783783786,0.0,0.00012022120702091849,7.554017998397095e-05,0.0,1.1437198951121428e-20,5.590380588545837e-21,0,1,1,682
UCeSvm-mFRJqLMvWuekB-8Ug,0.09090909090909091,0.0,0.0,0.00021639817263765327,0.0002492219359311106,0.0,0.0,3.5922710024984094e-20,1,0,1,683
UC6S273JIPu9KGJoKQL9ZEKw,0.18181818181818182,0.0033783783783783786,0.0,0.0003606636210627555,0.0002030270425508489,0.0,2.2695982414479505e-20,-1.5204030618717992e-19,2,1,2,683
UCBSRG2ziL_HE8Ift7dixyKg,0.0,0.0033783783783783786,0.0,0.00021639817263765327,7.554017998397095e-05,0.0,-9.605912563713497e-20,7.41129361681972e-20,0,1,1,683
UC2FqQrMhZBkvgLnJJ1IDvJA,0.0,0.0033783783783783786,0.0,0.00021639817263765327,7.554017998397095e-05,0.0,-9.605912563713497e-20,2.943682734178069e-20,0,1,1,683
UCERuJUa-T-HBuLmaps3Ioxg,0.45454545454545453,0.0,0.0,0.0006011060351045924,0.0003942573364011658,0.0,0.0,3.323099623823744e-19,5,0,1,684
UCuKPHelptCLrG7GjcrNgxUA,0.0,0.0033783783783783786,0.0,0.0003339477972803291,7.554017998397095e-05,0.0,2.099535657844638e-19,8.2269570760357e-20,0,1,1,684
UCjB2ojLWw2YMQ9YP4gKus-A,0.0,0.0033783783783783786,0.0,0.0003339477972803291,7.554017998397095e-05,0.0,2.099535657844638e-19,6.224844947968566e-21,0,1,1,684
UCEHLn_sMyARruE_n2vTgmjg,0.0,0.0033783783783783786,0.0,0.0003339477972803291,7.554017998397095e-05,0.0,2.099535657844638e-19,3.585066710320562e-21,0,1,1,684
UCMvzL1gZwvQTMUvfz0Cy1-A,0.0,0.0033783783783783786,0.0,0.0003339477972803291,7.554017998397095e-05,0.0,2.099535657844638e-19,1.1900113715377016e-20,0,1,1,684
UChjqjyXZOMiPMlj31YabtzA,0.45454545454545453,0.0,0.0,0.0005918582499491372,0.00036238562075944635,0.0,0.0,3.5406215177925364e-19,5,0,1,685
UCWC7JZvrQfIFgeTD4ftG8gg,0.36363636363636365,0.0,0.0,0.0004525974852552225,0.00023489875819256837,0.0,0.0,-1.1014738556787776e-19,4,0,2,685
UC6vmWtt4BXggbAZKiR6Kq3A,0.0,0.0033783783783783786,0.0,0.0003847078624669392,7.554017998397095e-05,0.0,2.2369660765643398e-19,-1.3096694214152505e-20,0,1,1,685
UCwZxH0mqu22If7TApe0v5yg,0.0,0.0033783783783783786,0.0,0.0003847078624669392,7.554017998397095e-05,0.0,2.2369660765643398e-19,-2.872597052797572e-20,0,1,1,685
UCPN6-CKTjK_3wZa4YFM5q9Q,0.0,0.0033783783783783786,0.0,0.0003847078624669392,7.554017998397095e-05,0.0,2.2369660765643398e-19,4.9039974307397943e-20,0,1,1,685
UCfPJaA45VinAPNttzjpZVsA,0.45454545454545453,0.0,0.0,0.00024044241404183698,0.0002030270425508489,0.0,0.0,-1.1480539913814402e-18,5,0,1,686
UCEwvMvA5x52zwg8lZCw_QvA,0.0,0.010135135135135136,0.0,0.00016029494269455797,7.554017998397095e-05,0.0,-2.1760228987020343e-18,-3.17360066535957e-20,0,3,3,686
UCPs7sNCII-o3ozvlgSMxQqg,0.0,0.006756756756756757,0.0,0.00016029494269455797,7.554017998397095e-05,0.0,-1.4506819324680228e-18,2.644145136256507e-20,0,2,2,686
UCZZ9yZmgVO8JclGrUvAMvGw,0.18181818181818182,0.0,0.0,0.00024044241404183698,0.0002030270425508489,0.0,0.0,2.0153089752583291e-19,2,0,1,687
UCZ1W2J-TVDmXWwUWcKrqMlw,0.0,0.0033783783783783786,0.0,0.00016029494269455797,7.554017998397095e-05,0.0,1.2732730083669683e-19,-1.1543986138146984e-20,0,1,1,687
UCBWKAiDKZKAouA4wdtwN7tQ,0.0,0.0033783783783783786,0.0,0.00016029494269455797,7.554017998397095e-05,0.0,1.2732730083669683e-19,3.160795729130967e-21,0,1,1,687
UC9zWH6RMG9zxJGJUsfx3WgQ,0.09090909090909091,0.0,0.0,0.00012022120702091849,0.00013928361126740993,0.0,0.0,-1.8666771586290361e-19,1,0,1,688
UCACPMub-RMu9lFsUUTYrL8Q,0.0,0.0033783783783783786,0.0,0.00012022120702091849,7.554017998397095e-05,0.0,-1.1793673677818224e-19,-9.303913206971271e-21,0,1,2,688
UCE63YHrsbDqvencddR0o2kw,0.09090909090909091,0.0,0.0,0.00012022120702091849,0.00013928361126740993,0.0,0.0,-2.2008965784509618e-20,1,0,1,689
UC3f6h-UhWMhyBic_O59NGtw,0.0,0.0033783783783783786,0.0,0.00012022120702091849,7.554017998397095e-05,0.0,-1.3905273295324902e-20,2.2702396887089978e-20,0,1,1,689
UCeNxcYZ7hj__xNO-gfW8WAA,0.45454545454545453,0.0,0.0,0.00048088482808367395,0.0003305139051177268,0.0,0.0,-7.284500286374254e-20,5,0,1,690
UCA5mXznFgNzzlnb67UzLjfw,0.0,0.0033783783783783786,0.0,0.000274791330333528,7.554017998397095e-05,0.0,-4.60235016464057e-20,4.803174773057813e-21,0,1,1,690
UCU9xEYk47ofjnoNacrjeq_A,0.0,0.0033783783783783786,0.0,0.000274791330333528,7.554017998397095e-05,0.0,-4.60235016464057e-20,2.4960841390942705e-20,0,1,1,690
UCCnYfcfCdXAcusgcFiF_c9A,0.0,0.006756756756756757,0.0,0.000274791330333528,7.554017998397095e-05,0.0,-9.20470032928114e-20,-3.732049914796589e-23,0,2,2,690
UCVJl1Ec2BUJRQd2maL3DThg,0.0,0.0033783783783783786,0.0,0.000274791330333528,7.554017998397095e-05,0.0,-4.60235016464057e-20,2.1032008796060765e-20,0,1,1,690
UCX1RMpoJGpc3CqapelT5SPA,0.18181818181818182,0.0,0.0,0.00024044241404183698,0.0002030270425508489,0.0,0.0,-1.2114646744036782e-19,2,0,1,691
UCN2aCLf1pf7VP3ZaDsay9_Q,0.0,0.0033783783783783786,0.0,0.00016029494269455797,7.554017998397095e-05,0.0,-7.654038608697979e-20,8.166846355382836e-22,0,1,1,691
UCitcR5Mw0HcDZKdGfmaKdhA,0.0,0.0033783783783783786,0.0,0.00016029494269455797,7.554017998397095e-05,0.0,-7.654038608697979e-20,-1.7051761346849785e-19,0,1,1,691
UCs-AhIxJ-VJaK8fVu6ou38w,0.18181818181818182,0.0,0.0,0.0002704977157970666,0.00025799620488269927,0.0,0.0,2.6357154307177736e-21,2,0,1,692
UCUDaCdcdgQ8Hn5W3M6PSHbw,0.09090909090909091,0.0033783783783783786,0.0,0.0002704977157970666,0.00013928361126740993,0.0,1.665246052526054e-21,4.485146038551938e-20,1,1,3,692
UCKBIgXHL1LAqNBy2FIT8xdw,0.0,0.0033783783783783786,0.0,0.00018033181053137774,7.554017998397095e-05,0.0,1.665246052526054e-21,1.524089649432865e-19,0,1,1,692
UCfp1NIM0Y8zDwJnIyKdl0uw,0.0,0.0033783783783783786,0.0,0.00018033181053137774,7.554017998397095e-05,0.0,2.8337170426882977e-20,-5.962360184043458e-20,0,1,2,692
UCA8XfUqWOHaKXjejE5JMtGw,0.09090909090909091,0.0,0.0,0.00012022120702091849,0.00013928361126740993,0.0,0.0,1.0714475245439832e-21,1,0,1,693
UCize8YtmWX0grsfH4pHJ-0Q,0.0,0.0033783783783783786,0.0,0.00012022120702091849,7.554017998397095e-05,0.0,6.769409701599652e-22,8.792238489218057e-20,0,1,1,693
UCXEyd_7qWZ6iDI5iVdLTKyg,0.18181818181818182,0.0,0.0,0.00024044241404183698,0.0002030270425508489,0.0,0.0,-9.820066883691383e-20,2,0,3,694
UCu50Aat2eISJ7FOyGOzp4RA,0.0,0.0033783783783783786,0.0,0.00016029494269455797,7.554017998397095e-05,0.0,-6.204322144578257e-20,1.487157860701581e-20,0,1,1,694
UCR6u_myOLv80dX_22MqAcfQ,0.0,0.0033783783783783786,0.0,0.00016029494269455797,7.554017998397095e-05,0.0,-6.204322144578257e-20,-6.181587992632912e-20,0,1,1,694
UCosfkV3C-o8DwcyjqT6n2Ug,0.36363636363636365,0.0,0.0,0.0003934512229775514,0.0002348987581925684,0.0,0.0,5.365608636275458e-20,4,0,3,695
UCIxLnJIU_a7dk5SoDwTPgeQ,0.2727272727272727,0.0,0.0,0.0003934512229775514,0.00023489875819256837,0.0,0.0,1.0036750759832552e-20,3,0,1,695
UC633G8d1sTg8MZvQC-3PMyA,0.0,0.0033783783783783786,0.0,0.0002704977157970666,7.554017998397095e-05,0.0,3.389993660478044e-20,6.358847589359317e-20,0,1,2,695
UC_uAFz5N_DHZuW75PGbBXsQ,0.0,0.006756756756756757,0.0,0.0002704977157970666,7.554017998397095e-05,0.0,6.779987320956088e-20,5.842401074603366e-20,0,2,2,695
UCp4JztgrhMhlEvEH9RkiFbg,0.0,0.006756756756756757,0.0,0.00043279634527530655,7.554017998397095e-05,0.0,4.024115970808316e-20,9.350126354092715e-20,0,2,2,695
UC0menG5KmmwYAM0zcYbpkpQ,0.09090909090909091,0.0,0.0,0.00012022120702091849,0.00013928361126740993,0.0,0.0,-1.6383835944935577e-20,1,0,1,696
UCpcci9PXdthv8wENlwWK_7A,0.0,0.0033783783783783786,0.0,0.00012022120702091849,7.554017998397095e-05,0.0,-1.035131403586636e-20,-2.965311421488115e-20,0,1,1,696
UC1QMRhAQHSA8iuNB_zuXGvg,0.09090909090909091,0.0,0.0,0.00012022120702091849,0.00013928361126740993,0.0,0.0,-2.18317092525109e-19,1,0,2,697
UC7n9izM98FpqLT23Bs7T_FA,0.0,0.0033783783783783786,0.0,0.00012022120702091849,7.554017998397095e-05,0.0,-1.3793282548237708e-19,1.8851646105292475e-19,0,1,1,697
UCLuxUn0DX3u3Xnps53Ukr-Q,0.09090909090909091,0.0,0.0,0.00012022120702091849,0.00013928361126740993,0.0,0.0,-4.916479822031045e-19,1,0,1,698
UCHCZWxTu41VRB_cZfxAW6TQ,0.0,0.0033783783783783786,0.0,0.00012022120702091849,7.554017998397095e-05,0.0,-3.1062338978421585e-19,8.835173912946289e-21,0,1,1,698
UCh9gqzL8QIOdoKSrnIW7NZw,0.2727272727272727,0.0,0.0,0.00016029494269455797,0.00012334775344655016,0.0,0.0,6.6985567019278845e-21,3,0,3,699
UCiCqahD2-UCHzlMOcYhAofw,0.09090909090909091,0.0,0.0,0.00016029494269455797,9.14760378048307e-05,0.0,0.0,-3.3081895005138816e-20,1,0,1,699
UCvLMWSxkI_pJBfhFQtmBaDQ,0.0,0.013513513513513514,0.0,0.00024044241404183698,7.554017998397095e-05,0.0,-8.204702032259082e-21,4.613717400114545e-20,0,4,4,699
UCX3vF5GeS-qMoUevmysVEPA,0.09090909090909091,0.0,0.0,0.00012022120702091849,0.00013928361126740993,0.0,0.0,-2.781526827307509e-20,1,0,2,700
UCNNF5sCsbsRzPkQy5JoFfiA,0.0,0.0033783783783783786,0.0,0.00012022120702091849,7.554017998397095e-05,0.0,-1.75736975061369e-20,1.4124540689994278e-19,0,1,1,700
UCh4gVKAREhIKc2kt4FP8pbA,0.18181818181818182,0.0,0.0,0.00024044241404183698,0.0002030270425508489,0.0,0.0,-1.6537869087004018e-19,2,0,1,701
UC8RlRtbclHW6H_DInH0Tahw,0.0,0.0033783783783783786,0.0,0.00016029494269455797,7.554017998397095e-05,0.0,-1.0448632236002179e-19,-2.3371786141683903e-19,0,1,1,701
UCev2WgUUfCp5bQTHYmegAUg,0.0,0.0033783783783783786,0.0,0.00016029494269455797,7.554017998397095e-05,0.0,-1.0448632236002179e-19,-1.488143190812193e-20,0,1,1,701
UC7TSHaYcglM_3lv3D-lh0lQ,0.09090909090909091,0.0,0.0,0.00012022120702091849,0.00013928361126740993,0.0,0.0,-7.389668274602167e-20,1,0,1,702
UCWkj4weRk5foY8XtcxMsgjg,0.0,0.0033783783783783786,0.0,0.00012022120702091849,7.554017998397095e-05,0.0,-4.668795341235733e-20,1.155432575623762e-19,0,1,1,702
UCali6JRMBSD7FatHtEqkZtg,0.09090909090909091,0.0,0.0,0.00012022120702091849,0.00013928361126740993,0.0,0.0,8.094027058905872e-22,1,0,1,703
UCcg3yK2ZEcTgiHRPKlMpnMw,0.0,0.0033783783783783786,0.0,0.00012022120702091849,7.554017998397095e-05,0.0,5.1138094999927635e-22,6.490377909010348e-20,0,1,1,703
UCpADerPQDQgTCy8AKbyK-uw,0.09090909090909091,0.0,0.0,0.00012022120702091849,0.00013928361126740993,0.0,0.0,4.845173959305652e-20,1,0,1,704
UCRMOixGPsMvZnwNS2tTs4VA,0.0,0.0033783783783783786,0.0,0.00012022120702091849,7.554017998397095e-05,0.0,3.0611828255444603e-20,-2.7733511311405864e-21,0,1,1,704
UCyebzNWxuWBwudWUWQSrBvw,0.09090909090909091,0.0,0.0,0.00012022120702091849,0.00013928361126740993,0.0,0.0,-7.351081364270678e-20,1,0,1,705
UCKfJliClWJUolNTEZkQVKjg,0.0,0.0033783783783783786,0.0,0.00012022120702091849,7.554017998397095e-05,0.0,-4.644416116012928e-20,5.508714588252638e-21,0,1,1,705
UCKv5HKmADqqSlRe4uxG9dVw,0.09090909090909091,0.0,0.0,0.00012022120702091849,0.00013928361126740993,0.0,0.0,1.8263002043856427e-19,1,0,1,706
UC2hQdxAqkCGrXWQNCd1EFTA,0.0,0.0033783783783783786,0.0,0.00012022120702091849,7.554017998397095e-05,0.0,1.1538571921068537e-19,1.834706073260686e-20,0,1,2,706
UCWAgkHEa4uD3gtu-oZ1iu8g,0.45454545454545453,0.0,0.0,0.0006011060351045924,0.0003942573364011658,0.0,0.0,6.91830268139022e-19,5,0,1,707
UCWd_BNb40ku6V5vlVthkdCg,0.0,0.0033783783783783786,0.0,0.0003339477972803291,7.554017998397095e-05,0.0,4.370986372845303e-19,4.353333531371154e-20,0,1,1,707
UCfSg9ra0euvVPt-r4saIxvg,0.0,0.0033783783783783786,0.0,0.0003339477972803291,7.554017998397095e-05,0.0,4.370986372845303e-19,-1.6074331906102256e-20,0,1,1,707
UCzdkUb_z4LGJ-yz6CW4wFOQ,0.0,0.0033783783783783786,0.0,0.0003339477972803291,7.554017998397095e-05,0.0,4.370986372845303e-19,-1.641787820776599e-20,0,1,1,707
UC50GURuHA7vlgXiDaCoReiA,0.0,0.0033783783783783786,0.0,0.0003339477972803291,7.554017998397095e-05,0.0,4.370986372845303e-19,-1.3886128859375873e-20,0,1,1,707
UCi06eP26KAK83qBAFfc7LOg,0.36363636363636365,0.0,0.0,0.0005009216959204937,0.0003854830674495772,0.0,0.0,5.843971649099952e-20,4,0,1,708
UCyeKJS9do1GI1vnWXNZGWQw,0.09090909090909091,0.0033783783783783786,0.0,0.0003756912719403703,0.00013928361126740993,0.0,3.692223601349743e-20,4.839538162652856e-20,1,1,3,708
UCpzqJ3fyEYPmCZHHtpUXrBA,0.0,0.0033783783783783786,0.0,0.00025046084796024687,7.554017998397095e-05,0.0,3.057622126988185e-20,-8.011633611726969e-21,0,1,1,708
UC6PspwvdeYRcIZmJd4EGWJg,0.0,0.0033783783783783786,0.0,0.0003005530175522962,7.554017998397095e-05,0.0,3.692223601349743e-20,4.109129128536644e-20,0,1,2,708
UCawd01VM987sgl10foyi78A,0.0,0.0033783783783783786,0.0,0.0003005530175522962,7.554017998397095e-05,0.0,3.692223601349743e-20,-1.6691107034474742e-21,0,1,1,708
UCqjdyBm2yxkD3oQy5enkvWg,0.2727272727272727,0.0,0.0,0.0003606636210627555,0.00026677047383428783,0.0,0.0,9.854475024851004e-20,3,0,1,709
UClhvvlSAMv0JZmzUlc_DT_A,0.0,0.0033783783783783786,0.0,0.00021639817263765327,7.554017998397095e-05,0.0,6.22606122178403e-20,5.0836106843579433e-20,0,1,1,709
UCgYSoC9dB0f35M0n2ZsGZnA,0.0,0.0033783783783783786,0.0,0.00021639817263765327,7.554017998397095e-05,0.0,6.22606122178403e-20,1.7856935689466555e-20,0,1,1,709
UC5GMWZipvDWgglK-kPpfJtA,0.0,0.0033783783783783786,0.0,0.00021639817263765327,7.554017998397095e-05,0.0,6.22606122178403e-20,-1.6219075554704164e-19,0,1,1,709
UC0_5Jt_zVdyMvOXH2INgISQ,0.45454545454545453,0.0,0.0,0.0006491945179129599,0.0003305139051177268,0.0,0.0,-1.0762427615114187e-19,5,0,1,710
UCCAnUWLkcXYAQzJYpk2cBVw,0.2727272727272727,0.0,0.0,0.00046371036993782846,0.00023489875819256837,0.0,0.0,-3.9526207587599297e-19,3,0,1,710
UC2orNbaotpuWQR2v-S3jkJA,0.09090909090909091,0.0,0.0,0.00033579026788601375,0.00010741189562569042,0.0,0.0,1.3580439822316837e-20,1,0,1,710
UCI9xMsxYmGJlOhkkaNWaT2g,0.0,0.006756756756756757,0.0,0.00046371036993782846,7.554017998397095e-05,0.0,-5.94169330216101e-20,4.553669769749608e-21,0,2,2,710
UCcIGVkGgx9-ph1JhMIH63wA,0.0,0.0033783783783783786,0.0,0.0004233877290736695,7.554017998397095e-05,0.0,-6.799706027742775e-20,-4.712789500970633e-21,0,1,1,710
UCPKNEBRDBbuuaRJyK0BO7vA,0.09090909090909091,0.0,0.0,0.00012022120702091849,0.00013928361126740993,0.0,0.0,6.095577101867643e-20,1,0,1,711
UCuTUFk7FC-bYzTROYd4sSew,0.0,0.0033783783783783786,0.0,0.00012022120702091849,7.554017998397095e-05,0.0,3.85118802601122e-20,1.2614961836263119e-20,0,1,1,711
UCHrUgofEDAg4G6vI1bW2edQ,0.09090909090909091,0.0,0.0,0.00021639817263765327,9.678799041178392e-05,0.0,0.0,8.091574024284436e-20,1,0,1,712
UCWsxzYQcWfWnNVoxfCquvUg,0.09090909090909091,0.0,0.0,0.00021639817263765327,9.678799041178392e-05,0.0,0.0,-2.85710511915285e-20,1,0,1,712
UC2rdK2EdgNfidYgba_S-fPg,0.09090909090909091,0.0,0.0,0.00021639817263765327,9.678799041178392e-05,0.0,0.0,5.185509010471448e-20,1,0,1,712
UCWq2Q56k5ygZkuS6eYbhKvw,0.0,0.010135135135135136,0.0,0.0003606636210627555,7.554017998397095e-05,0.0,6.583346172026339e-20,2.893006315100293e-20,0,3,3,712
UCSAmuDhwCIYLNXNHn88yGDA,0.09090909090909091,0.0,0.0,0.00016029494269455797,0.00010741189562569042,0.0,0.0,7.01629976455746e-20,1,0,1,713
UCU0szyoCW63HDRsuD0R77FA,0.09090909090909091,0.0,0.0,0.00016029494269455797,0.00010741189562569042,0.0,0.0,5.0218984319998143e-20,1,0,1,713
UCXjT15mTg61uI6GaC92vVkQ,0.0,0.006756756756756757,0.0,0.00024044241404183698,7.554017998397095e-05,0.0,7.605738386136801e-20,9.393050971086557e-20,0,2,2,713
UCSjHomGhByWm1oxcx2Abulg,0.09090909090909091,0.0,0.0,0.00012022120702091849,0.00013928361126740993,0.0,0.0,-6.354220790429898e-20,1,0,1,714
UCFSa6UBep5VXPBSv0pTtEOg,0.0,0.0033783783783783786,0.0,0.00012022120702091849,7.554017998397095e-05,0.0,-4.0145992108339245e-20,6.496215436707429e-21,0,1,1,714
UCClYQ6vgqIYjo947P-Ru8cw,0.18181818181818182,0.0,0.0,0.00012022120702091849,0.00013928361126740993,0.0,0.0,-3.0313743727338706e-19,2,0,3,715
UC9w5W-ZQJ7lUU8YjsPJtbiA,0.0,0.006756756756756757,0.0,0.00012022120702091849,7.554017998397095e-05,0.0,-3.8304470574420272e-19,3.7983738337303166e-20,0,2,2,715
UCLv6zDFA-RVi60-3SGw3xVA,0.09090909090909091,0.0,0.0,0.00016029494269455797,0.00019425277359926026,0.0,0.0,5.1620724273964635e-20,1,0,1,716
UC3Y-kTDoz02jk27gUNr0hvA,0.09090909090909091,0.0033783783783783786,0.0,0.00024044241404183698,0.00013928361126740993,0.0,3.2613994031345786e-20,-3.7498037772067406e-21,1,1,4,716
UC0zpRUpqQsYy129SxnyTy8Q,0.0,0.0033783783783783786,0.0,0.00016029494269455797,7.554017998397095e-05,0.0,-2.369127510871048e-21,-9.838807578314337e-22,0,1,1,716
UCbITApocoBk1GjHSsLKvRvA,0.09090909090909091,0.0,0.0,0.00012022120702091849,0.00013928361126740993,0.0,0.0,1.3084072246033845e-20,1,0,3,717
UCbXQC-G-b_svawJwEnCAdTw,0.0,0.0033783783783783786,0.0,0.00012022120702091849,7.554017998397095e-05,0.0,8.266522024625423e-21,-3.8980836910323823e-20,0,1,1,717
UC58_H7AByyTHSlupd88ovMw,0.09090909090909091,0.0,0.0,0.00012022120702091849,0.00013928361126740993,0.0,0.0,-1.1972767564341826e-20,1,0,1,718
UCVqz9hgYyCTtSA9200AkwYQ,0.0,0.0033783783783783786,0.0,0.00012022120702091849,7.554017998397095e-05,0.0,-7.564399286801108e-21,3.2185752800648424e-20,0,1,1,718
UCPAkocD3GI3pyW4e1yBwmdA,0.09090909090909091,0.0,0.0,0.00012022120702091849,0.00013928361126740993,0.0,0.0,2.853886354258326e-20,1,0,1,719
UCvG7Ytr8fsTFt9vHsKl6PJA,0.0,0.0033783783783783786,0.0,0.00012022120702091849,7.554017998397095e-05,0.0,1.803086528386124e-20,-2.2516249223290518e-20,0,1,1,719
UC6PTapcfjXWmiYOdWZzO6LQ,0.18181818181818182,0.0,0.0,0.00016029494269455797,0.00011803580083959693,0.0,0.0,3.1443947256338224e-19,2,0,2,720
UCNH27rMiEOXN2NRtczvdWfw,0.09090909090909091,0.0,0.0,0.00016029494269455797,9.678799041178392e-05,0.0,0.0,1.334521879711531e-19,1,0,2,720
UCk9PDTtZhIMqHMAXK-im4RA,0.0,0.010135135135135136,0.0,0.00024044241404183698,7.554017998397095e-05,0.0,4.816411116746817e-19,1.2057779416125831e-19,0,3,3,720
UCWHUVC-nvg6k8E6JlUqPN3g,0.09090909090909091,0.0,0.0,0.00012022120702091849,0.00013928361126740993,0.0,0.0,1.842797882099427e-20,1,0,1,721
UC4ycv_EspAgt8OeI3GvQVkQ,0.0,0.0033783783783783786,0.0,0.00012022120702091849,7.554017998397095e-05,0.0,1.1642804314173452e-20,-1.0118471607575404e-19,0,1,1,721
UCcQem2sdyv3Ts7dwtxZLDYQ,0.45454545454545453,0.0,0.0,0.0003606636210627555,0.00026677047383428783,0.0,0.0,2.7858974856656015e-19,5,0,1,722
UC3jsaJRrGpeibHwtiA1oZqg,0.0,0.0033783783783783786,0.0,0.00021639817263765327,7.554017998397095e-05,0.0,1.7601311342945416e-19,-7.707475269118209e-21,0,1,1,722
UCYD8wYoMWKyi3-Hdxt-22QA,0.0,0.0033783783783783786,0.0,0.00021639817263765327,7.554017998397095e-05,0.0,1.7601311342945416e-19,-7.782132108513207e-21,0,1,1,722
UCebj3TtwxaKPVhuFnnOQzAg,0.0,0.010135135135135136,0.0,0.00021639817263765327,7.554017998397095e-05,0.0,5.280393402883625e-19,1.2098308836948067e-20,0,3,3,722
UCylQQA3mBH7iOzLGwhtNy9w,0.18181818181818182,0.0,0.0,0.00024044241404183698,0.0002030270425508489,0.0,0.0,2.192992049803748e-19,2,0,1,723
UCN9YPW-GnKrq_x9wnjNwWkg,0.0,0.0033783783783783786,0.0,0.00016029494269455797,7.554017998397095e-05,0.0,1.385533245204021e-19,-5.1953128972346205e-20,0,1,1,723
UCaGAwG0w4PeTxQd2mWkB-2w,0.0,0.0033783783783783786,0.0,0.00016029494269455797,7.554017998397095e-05,0.0,1.385533245204021e-19,7.40731558882179e-21,0,1,1,723
UCbPgEHFfu7ps04tb1SivP8w,0.09090909090909091,0.0,0.0,0.00012022120702091849,0.00013928361126740993,0.0,0.0,7.757098713532389e-20,1,0,2,724
UC8H7LGhxH1My09UZ_ps-uFQ,0.0,0.0033783783783783786,0.0,0.00012022120702091849,7.554017998397095e-05,0.0,4.9009380380062416e-20,9.498726264967529e-20,0,1,1,724
UCTz0tqSMDqSwoSI5t-z442w,0.09090909090909091,0.0,0.0,0.00012022120702091849,0.00013928361126740993,0.0,0.0,-2.0211011976247484e-19,1,0,1,725
UCxJvSpCGz7DjJq1Bye16vsQ,0.0,0.0033783783783783786,0.0,0.00012022120702091849,7.554017998397095e-05,0.0,-1.2769325367510345e-19,-3.2864727169596965e-21,0,1,1,725
UC_h62xkzzWgm2-wgoIXCizQ,0.36363636363636365,0.0,0.0,0.00024044241404183698,0.0002030270425508489,0.0,0.0,1.1661062550014983e-20,4,0,2,726
UCzci3CF8vp-vAiocq4grT_g,0.0,0.006756756756756757,0.0,0.00016029494269455797,7.554017998397095e-05,0.0,1.4734927870709985e-20,-1.6417601091087264e-20,0,2,2,726
UCdkkm2E4itRxrRqbR8Ozarg,0.0,0.006756756756756757,0.0,0.00016029494269455797,7.554017998397095e-05,0.0,1.4734927870709985e-20,-2.8703301137051044e-20,0,2,2,726
UCBj9XnUmiJaXPX8uwU53H4w,0.09090909090909091,0.0,0.0,0.00012022120702091849,0.00013928361126740993,0.0,0.0,-2.1621584495694989e-19,1,0,2,727
UCIuxyPK_R3S4YWXguubJ8AQ,0.0,0.0033783783783783786,0.0,0.00012022120702091849,7.554017998397095e-05,0.0,-1.3660525643699497e-19,7.56024829805588e-20,0,1,1,727
UC_h9ixKohuVz3rYMKWCFDNQ,0.09090909090909091,0.0,0.0,0.00012022120702091849,0.00013928361126740993,0.0,0.0,-1.7914129034157681e-19,1,0,1,728
UCzc0n5muZtApVOrh9k2NKjg,0.0,0.0033783783783783786,0.0,0.00012022120702091849,7.554017998397095e-05,0.0,-1.131815381543279e-19,-1.1144605429117162e-20,0,1,2,728
UC-VlYFEKnMBh6CZDq0xKQug,0.45454545454545453,0.0,0.0,0.00048088482808367395,0.0003305139051177268,0.0,0.0,-3.5010128540898835e-20,5,0,1,729
UCU7O1d0aOsYvspMHfGcC3pw,0.0,0.006756756756756757,0.0,0.000274791330333528,7.554017998397095e-05,0.0,-4.4238826143143074e-20,-1.1439237650474061e-20,0,2,2,729
UC8l6L5M13OQnNOVMGdTrNVw,0.0,0.0033783783783783786,0.0,0.000274791330333528,7.554017998397095e-05,0.0,-2.2119413071571537e-20,5.442863856646948e-22,0,1,1,729
UC_gXz7HrfXE9DQYokRgTlzQ,0.0,0.0033783783783783786,0.0,0.000274791330333528,7.554017998397095e-05,0.0,-2.2119413071571537e-20,-9.064746675421187e-20,0,1,1,729
UC2bfjmG_jIjpieGUEjd0fxw,0.0,0.0033783783783783786,0.0,0.000274791330333528,7.554017998397095e-05,0.0,-2.2119413071571537e-20,4.2047667854437314e-20,0,1,1,729
UCAwf4KUMvZ8kGHtQffjZ5FA,0.36363636363636365,0.0,0.0,0.0004909032620020839,0.00029864218947600737,0.0,0.0,7.180736488719743e-20,4,0,1,730
UClq0VzR5n6OcK0ncUfRxj5g,0.45454545454545453,0.0,0.0,0.00042077422457321474,0.0002348987581925684,0.0,0.0,1.5868868609092772e-19,5,0,1,730
UCAzn6YcNr-4U7-6DQjmQNDQ,0.0,0.006756756756756757,0.0,0.0002945419572012503,7.554017998397095e-05,0.0,2.0051914938442336e-19,1.1660799994996859e-20,0,2,2,730
UCPLwXr4TmA76TUMJ-Om-ygg,0.0,0.006756756756756757,0.0,0.0002945419572012503,7.554017998397095e-05,0.0,2.0051914938442336e-19,3.011709005710794e-20,0,2,2,730
UCv0QL9iqZHbpZMyS2oK3Xaw,0.0,0.006756756756756757,0.0,0.0004909032620020839,7.554017998397095e-05,0.0,1.4562749625426726e-19,-7.383401931912697e-20,0,2,3,730
UCKAgo726w9NFHaOOj8C2XIQ,0.45454545454545453,0.0,0.0,0.0006011060351045924,0.0003942573364011658,0.0,0.0,-5.467000174416656e-19,5,0,1,731
UC6-NKHK4OfvB8slY5LKWv4Q,0.0,0.0033783783783783786,0.0,0.0003339477972803291,7.554017998397095e-05,0.0,-3.4540528744134403e-19,-1.317752453204222e-20,0,1,1,731
UC8zWw8w3qpAhv_A3HfHD05Q,0.0,0.0033783783783783786,0.0,0.0003339477972803291,7.554017998397095e-05,0.0,-3.4540528744134403e-19,-3.348963857877365e-20,0,1,2,731
UCvGHgWP7-lFAzfMd2fP4epA,0.0,0.0033783783783783786,0.0,0.0003339477972803291,7.554017998397095e-05,0.0,-3.4540528744134403e-19,-1.2212907315623052e-19,0,1,1,731
UC52nAHlQHAHWq-1m2Uznzsg,0.0,0.0033783783783783786,0.0,0.0003339477972803291,7.554017998397095e-05,0.0,-3.4540528744134403e-19,5.191139021061215e-20,0,1,2,731
UC6_w9j_PB6ze1-q9n-9s8lg,0.45454545454545453,0.0,0.0,0.0006011060351045924,0.0003942573364011658,0.0,0.0,-4.797406491549318e-19,5,0,1,732
UCL04F1ZgK0mGl3loSaoM1xg,0.0,0.0033783783783783786,0.0,0.0003339477972803291,7.554017998397095e-05,0.0,-3.0310033205063394e-19,-7.737074383388251e-20,0,1,1,732
UCeO4shOoQJ8gTjfCRvyzgZg,0.0,0.0033783783783783786,0.0,0.0003339477972803291,7.554017998397095e-05,0.0,-3.0310033205063394e-19,-3.355477856364597e-20,0,1,1,732
UCJwkWI2ySR22uu8FkP75c3Q,0.0,0.0033783783783783786,0.0,0.0003339477972803291,7.554017998397095e-05,0.0,-3.0310033205063394e-19,-3.043613556903978e-20,0,1,1,732
UCBltwv2of0XvU2icQ3qL4FQ,0.0,0.0033783783783783786,0.0,0.0003339477972803291,7.554017998397095e-05,0.0,-3.0310033205063394e-19,3.3547392999598736e-21,0,1,1,732
UCtOFMqt2OIJOCf9H6qpfa-A,0.09090909090909091,0.0,0.0,0.00012022120702091849,0.00013928361126740993,0.0,0.0,7.176431050203674e-20,1,0,1,733
UCN1ipLmvD0TP-3bONeFleYg,0.0,0.0033783783783783786,0.0,0.00012022120702091849,7.554017998397095e-05,0.0,4.5340719784467156e-20,-2.9595027630614083e-19,0,1,1,733
UCZHUfKg91h5-ySopUDIVufQ,0.2727272727272727,0.0,0.0,0.0003606636210627555,0.00026677047383428783,0.0,0.0,-6.944780116307562e-21,3,0,1,734
UCH5od6z01OFyplinI7m0KOA,0.0,0.0033783783783783786,0.0,0.00021639817263765327,7.554017998397095e-05,0.0,-4.387714826707681e-21,-8.086718339460259e-20,0,1,2,734
UCxkXHj1miQBTi9ATR5A7Vmw,0.0,0.0033783783783783786,0.0,0.00021639817263765327,7.554017998397095e-05,0.0,-4.387714826707681e-21,-5.026024916943456e-22,0,1,1,734
UCnOrDFjptQUWxOciVT0mZWA,0.0,0.0033783783783783786,0.0,0.00021639817263765327,7.554017998397095e-05,0.0,-4.387714826707681e-21,-7.40987771660799e-22,0,1,1,734
UCmye_dkVs79PXsWJ0RE2J9w,0.18181818181818182,0.0,0.0,0.00024044241404183698,0.0002030270425508489,0.0,0.0,-4.139417669427642e-20,2,0,1,735
UCySt3gDBTj0lKKF_q7_nSEQ,0.0,0.0033783783783783786,0.0,0.00016029494269455797,7.554017998397095e-05,0.0,-2.615285722212354e-20,-2.8941717868075503e-19,0,1,2,735
UCsDR_k5cKgD63gV7Ea4WbRA,0.0,0.0033783783783783786,0.0,0.00016029494269455797,7.554017998397095e-05,0.0,-2.615285722212354e-20,-3.108196769963653e-20,0,1,1,735
UCbMU55ZC1DbuHN5e7z-dwqA,0.18181818181818182,0.0,0.0,0.0002704977157970666,0.00017115532690912942,0.0,0.0,-2.1591651339235598e-19,2,0,1,736
UCMkB9_R3Vedmx1qHIkSYNxg,0.09090909090909091,0.0,0.0,0.00018033181053137774,0.00010741189562569042,0.0,0.0,1.3061776499345952e-19,1,0,1,736
UC3ClaZgLrvvFfBl_51na5uA,0.0,0.006756756756756757,0.0,0.0002704977157970666,7.554017998397095e-05,0.0,-5.389178300557026e-20,-8.790508560648982e-21,0,2,2,736
UCWwjOZ9fQ6pQNkN-mtwF70g,0.0,0.0033783783783783786,0.0,0.00018033181053137774,7.554017998397095e-05,0.0,-1.3641613863598838e-19,-7.792525762228384e-20,0,1,1,736
UCLNBBTn-rykAWqY8XtrV9Bw,0.09090909090909091,0.0,0.0,0.00012022120702091849,0.00013928361126740993,0.0,0.0,-2.291091448520676e-20,1,0,1,737
UCi6xv9tGAGR1SajNzsGO65Q,0.0,0.0033783783783783786,0.0,0.00012022120702091849,7.554017998397095e-05,0.0,-1.447512484147907e-20,3.7849552126063266e-20,0,1,2,737
UCDuRXIqH-7Lom-x-KAxMO9w,0.09090909090909091,0.0,0.0,0.00012022120702091849,0.00013928361126740993,0.0,0.0,3.190271849195146e-20,1,0,1,738
UCmv1WLGFIWCSBnZ8mV2o_GA,0.0,0.0033783783783783786,0.0,0.00012022120702091849,7.554017998397095e-05,0.0,2.0156150172518647e-20,-2.0837187419267844e-20,0,1,2,738
UCwiH8vcTqokaCxuVCrLpemg,0.09090909090909091,0.0,0.0,0.00016029494269455797,0.00010741189562569042,0.0,0.0,-1.0912975416534748e-19,1,0,1,739
UCDNQGcFiG6X-22ML5Y9mvIA,0.09090909090909091,0.0,0.0,0.00016029494269455797,0.00010741189562569042,0.0,0.0,2.414387665715562e-19,1,0,1,739
UCILvF9zUSxe6n45hqDwXRwQ,0.0,0.006756756756756757,0.0,0.00024044241404183698,7.554017998397095e-05,0.0,8.359288641530582e-20,-9.405152505054854e-20,0,2,2,739
UCNCABLTZjQXv_NMxvLxIEUw,0.18181818181818182,0.0,0.0,0.00024044241404183698,0.0002030270425508489,0.0,0.0,6.882025627070731e-19,2,0,1,740
UC8V-vfMh-X98HiRDMB4e3SQ,0.0,0.0033783783783783786,0.0,0.00016029494269455797,7.554017998397095e-05,0.0,4.348066515565281e-19,-1.2337079300410955e-19,0,1,1,740
UCwYcomMc5KYJGcIP9Uxb4pQ,0.0,0.0033783783783783786,0.0,0.00016029494269455797,7.554017998397095e-05,0.0,4.348066515565281e-19,1.8347575137991737e-19,0,1,1,740
UC0cQJhWpBf885lN8MeNaLkg,0.2727272727272727,0.0,0.0,0.0003847078624669392,0.0002348987581925684,0.0,0.0,1.439930432425502e-19,3,0,1,741
UCUFCjT2Usjo5eS9L6lB65eQ,0.09090909090909091,0.0,0.0,0.00021372659025941062,0.00010741189562569042,0.0,0.0,-8.06425902177065e-20,1,0,1,741
UCdg5URZcmkRTPnKzKtDTZmg,0.0,0.0033783783783783786,0.0,0.00024044241404183698,7.554017998397095e-05,0.0,9.097486172305435e-20,2.4389836693571537e-22,0,1,2,741
UCLToCOQThcugwE3Pbar0GEw,0.0,0.0033783783783783786,0.0,0.00024044241404183698,7.554017998397095e-05,0.0,9.097486172305435e-20,-3.3000403464859785e-21,0,1,1,741
UCH9BvHSGULRTD5SU99bBU6g,0.0,0.006756756756756757,0.0,0.00032058988538911595,7.554017998397095e-05,0.0,4.0024841299589543e-20,-3.917936598163577e-20,0,2,3,741
UCR_OVXvAhVUuwU18Ske_HIQ,0.09090909090909091,0.0,0.0,0.00012022120702091849,0.00013928361126740993,0.0,0.0,-1.5343233400370408e-19,1,0,2,742
UCZXXjyfh5NUV_1SeSUVqwvw,0.0,0.0033783783783783786,0.0,0.00012022120702091849,7.554017998397095e-05,0.0,-9.693860936267588e-20,1.2741208358917395e-20,0,1,1,742
UCGl-9YvpJBF4boNaBmOGTlQ,0.18181818181818182,0.0,0.0,0.0002704977157970666,0.00017115532690912942,0.0,0.0,1.081644316067396e-19,2,0,1,743
UC6r7_eJ0a7uC8Wezs2cYbQA,0.09090909090909091,0.0,0.0,0.00018033181053137774,0.00010741189562569042,0.0,0.0,-4.608201380776136e-20,1,0,1,743
UCfWYut-tNaUDRaedc0fCcYQ,0.0,0.006756756756756757,0.0,0.0002704977157970666,7.554017998397095e-05,0.0,3.9223696141911644e-20,1.1086808683881351e-19,0,2,3,743
UC2IXiWCOHMnJKR40Y2l79jA,0.0,0.0033783783783783786,0.0,0.00018033181053137774,7.554017998397095e-05,0.0,6.833833070810532e-20,1.0350983687931343e-20,0,1,1,743
UCNBMMfG14XqOjH4M6kL-N6w,0.18181818181818182,0.0,0.0,0.000274791330333528,0.00017115532690912942,0.0,0.0,-2.0906584879632227e-19,2,0,1,744
UCL99_6itGiT2z81RqtcGyvQ,0.18181818181818182,0.0,0.0,0.000274791330333528,0.00017115532690912942,0.0,0.0,3.926945644364264e-20,2,0,1,744
UC4HHJlSk9v3oN5VfYmJapdQ,0.0,0.0033783783783783786,0.0,0.0001923539312334696,7.554017998397095e-05,0.0,-1.3208788603224716e-19,3.985725002278591e-21,0,1,1,744
UCLSnzjTNt2KgFHAGsRDR73Q,0.0,0.006756756756756757,0.0,0.00032058988538911595,7.554017998397095e-05,0.0,-1.0727742790558533e-19,3.1104713927085787e-21,0,2,2,744
UCfahT3ii4D4E0wVAsg7V3Xg,0.0,0.0033783783783783786,0.0,0.0001923539312334696,7.554017998397095e-05,0.0,2.481045812666181e-20,1.036748328168559e-20,0,1,1,744
UCvDmIEMTOQ3JlemJ_wlljIQ,0.18181818181818182,0.0,0.0,0.00024044241404183698,0.0002030270425508489,0.0,0.0,3.5925275105442237e-19,2,0,1,745
UCu6MPrTUD6Ucbg5gQVJYOEA,0.0,0.0033783783783783786,0.0,0.00016029494269455797,7.554017998397095e-05,0.0,2.2697603033328395e-19,-2.623410681780235e-22,0,1,1,745
UClcfwszFmlT-xyyJe-YzTmg,0.0,0.0033783783783783786,0.0,0.00016029494269455797,7.554017998397095e-05,0.0,2.2697603033328395e-19,2.4367862671354695e-19,0,1,2,745
UCB0ypUyGOofnebQkEgTW8_A,0.18181818181818182,0.0,0.0,0.0002704977157970666,0.00017115532690912942,0.0,0.0,-1.3913865054586627e-19,2,0,2,746
UCNoo9r_5EqVMOophfxkn8aA,0.09090909090909091,0.0,0.0,0.00018033181053137774,0.00010741189562569042,0.0,0.0,2.073779165644302e-19,1,0,1,746
UCqFmtPMu63Ni0OEdrUk_42g,0.0,0.006756756756756757,0.0,0.0002704977157970666,7.554017998397095e-05,0.0,4.3113595284352475e-20,3.9724156712728536e-20,0,2,3,746
UCte8GUKdl5yAuTZ1C4U_hNg,0.0,0.0033783783783783786,0.0,0.00018033181053137774,7.554017998397095e-05,0.0,-8.790785449558489e-20,-4.5911186033014345e-20,0,1,2,746
UCwxxAtKny3_h7HT0OABcUbA,0.18181818181818182,0.0,0.0,0.00012022120702091849,0.00013928361126740993,0.0,0.0,1.5544666835004088e-19,2,0,2,747
UCMtcF6OfD-WgVJAovS_xRCQ,0.0,0.006756756756756757,0.0,0.00012022120702091849,7.554017998397095e-05,0.0,1.964225332002088e-19,3.3474326260856844e-20,0,2,4,747
UCPhgKSkXOFzzxO_pCInIUBw,0.2727272727272727,0.0,0.0,0.0003934512229775514,0.00023489875819256837,0.0,0.0,1.8129260853630067e-19,3,0,1,748
UCpM1GG1d2yE0XDw2f0oPVkQ,0.2727272727272727,0.0,0.0,0.0003934512229775514,0.00023489875819256837,0.0,0.0,1.4678110154180993e-19,3,0,1,748
UCsmc4kD8FgBiMx3zq8PXLgg,0.0,0.0033783783783783786,0.0,0.0002704977157970666,7.554017998397095e-05,0.0,1.1454074184139506e-19,2.2070466302228166e-20,0,1,3,748
UCrRMWjTcgxNf1-FQ65cK02Q,0.0,0.006756756756756757,0.0,0.00043279634527530655,7.554017998397095e-05,0.0,2.072770999016281e-19,-5.9419023898502856e-21,0,2,2,748
UCIDzJOsOghO8AJdWpBAC2Lg,0.0,0.0033783783783783786,0.0,0.0002704977157970666,7.554017998397095e-05,0.0,1.1454074184139506e-19,1.5556120013651624e-19,0,1,1,748
UCWMOK3iwQFtTId1i8kF15eA,0.2727272727272727,0.0,0.0,0.00021639817263765327,0.00010741189562569042,0.0,0.0,-6.048684398045509e-19,3,0,3,749
UCLboahbZIFMghpmBQfUVejA,0.18181818181818182,0.0,0.0,0.00021639817263765327,9.678799041178392e-05,0.0,0.0,-5.14691051662561e-19,2,0,2,749
UC15HmQjr5HyEX5xGWK-BHkQ,0.09090909090909091,0.0,0.0,0.00021639817263765327,8.616408519787745e-05,0.0,0.0,-1.9416600697890956e-19,1,0,1,749
UCh7teJK0komP3IJQuQgzcdA,0.0,0.02027027027027027,0.0,0.0003606636210627555,7.554017998397095e-05,0.0,-1.919506539607007e-18,4.99871435568701e-20,0,6,6,749
UC_2Vgq8TGi7w2T3klBUEqHg,0.45454545454545453,0.0,0.0,0.0005409954315941332,0.00032612677064193247,0.0,0.0,1.614872984561613e-19,5,0,1,750
UCgIbFj6PR44c2GxdWzukpaw,0.09090909090909091,0.006756756756756757,0.0,0.00048088482808367395,0.00013928361126740993,0.0,2.879530524743646e-19,-1.1616618599616777e-19,1,2,3,750
UCNOLmVpvrLm2Y15K_QIGPKg,0.09090909090909091,0.0,0.0,0.00030914024662521896,0.0001348964767916156,0.0,0.0,2.942785642388311e-19,1,0,1,750
UCjpH8xBl5Mi55QfxjTNeNUA,0.0,0.006756756756756757,0.0,0.00033292026559638967,7.554017998397095e-05,0.0,2.0405547818490143e-19,2.0490948557789752e-20,0,2,2,750
UC6PJpUJI3BebrIY4bPZGFVw,0.0,0.0033783783783783786,0.0,0.00033292026559638967,7.554017998397095e-05,0.0,1.0202773909245072e-19,-1.3176969216892287e-19,0,1,1,750
UC8KRa7nEjFEk33f8Z7P8pog,0.09090909090909091,0.0,0.0,0.00016029494269455797,0.00010741189562569042,0.0,0.0,5.3062867130766966e-20,1,0,1,751
UCAY30qshty2sk-hs2F6fYQg,0.09090909090909091,0.0,0.0,0.00016029494269455797,0.00010741189562569042,0.0,0.0,1.3881374615723574e-19,1,0,2,751
UC_x3VeEN2__ogPjWyy53b6w,0.0,0.006756756756756757,0.0,0.00024044241404183698,7.554017998397095e-05,0.0,1.212277202334019e-19,4.967351647080316e-20,0,2,2,751
UCix4UJgufTmUKEJtUdePglQ,0.09090909090909091,0.0,0.0,0.00012022120702091849,0.00013928361126740993,0.0,0.0,3.3825448185302677e-19,1,0,1,752
UCi3dT5dduJRBd4PyS-za9Cg,0.0,0.0033783783783783786,0.0,0.00012022120702091849,7.554017998397095e-05,0.0,2.1370931553927415e-19,-4.582898745677081e-19,0,1,1,752
UCO_AUxJhcJIm12Da8-czxag,0.45454545454545453,0.0,0.0,0.0003606636210627555,0.00026677047383428783,0.0,0.0,-2.0445130425261435e-19,5,0,1,753
UCd82iTcq0GQCyqWiI60ZjJw,0.0,0.010135135135135136,0.0,0.00021639817263765327,7.554017998397095e-05,0.0,-3.875172448883293e-19,-1.3119590985723375e-19,0,3,3,753
UCt8njkvdlQ9tVlwgTtxq5yQ,0.0,0.0033783783783783786,0.0,0.00021639817263765327,7.554017998397095e-05,0.0,-1.2917241496277644e-19,-9.160995694841636e-20,0,1,1,753
UC4WwQhBnmUubc-DzHR3Pr4Q,0.0,0.0033783783783783786,0.0,0.00021639817263765327,7.554017998397095e-05,0.0,-1.2917241496277644e-19,-7.454483569852043e-21,0,1,1,753
UC1qrMi2VqtyPgbq8sT3X_ZQ,0.09090909090909091,0.0,0.0,0.00012022120702091849,0.00013928361126740993,0.0,0.0,1.3694701602682468e-19,1,0,1,754
UCcOak2hNqjPkGwxiZnf6I-A,0.0,0.0033783783783783786,0.0,0.00012022120702091849,7.554017998397095e-05,0.0,8.652317893885379e-20,3.651687294218438e-20,0,1,1,754
UCN57ra5AbBdPaGSaxuiK5Kg,0.18181818181818182,0.0,0.0,0.00016029494269455797,0.00011803580083959693,0.0,0.0,-3.593554213409393e-19,2,0,2,755
UC8fWNgNFpPDJjcPzYJRswww,0.09090909090909091,0.0,0.0,0.00016029494269455797,9.678799041178392e-05,0.0,0.0,-1.2376570475308784e-20,1,0,1,755
UCf0rOHAdUCQCYb6wCQueGkQ,0.0,0.010135135135135136,0.0,0.00024044241404183698,7.554017998397095e-05,0.0,-4.619013170477019e-19,-1.928447516224151e-20,0,3,3,755
UCwu3HbM29Y7K8tcfUldozWA,0.09090909090909091,0.0,0.0,0.00012022120702091849,0.00013928361126740993,0.0,0.0,1.1370234281439005e-19,1,0,2,756
UC-IbTtBRrTGVwjQxPEZR4_w,0.0,0.0033783783783783786,0.0,0.00012022120702091849,7.554017998397095e-05,0.0,7.183718520138736e-20,-3.277532637007297e-21,0,1,1,756
UC7Pix58rym8znV0c7sZKBHA,0.09090909090909091,0.0,0.0,0.00012022120702091849,0.00013928361126740993,0.0,0.0,5.342906910107883e-20,1,0,1,757
UCb9HcAUvPjFCT9d23gwZj5w,0.0,0.0033783783783783786,0.0,0.00012022120702091849,7.554017998397095e-05,0.0,3.375650700898456e-20,2.201892174272386e-20,0,1,1,757
UCY13jmP_CZgiVkoFVUB5Lvg,0.18181818181818182,0.0,0.0,0.00024044241404183698,0.0002030270425508489,0.0,0.0,1.6822243192916915e-19,2,0,2,758
UCBq3_WgUA50swal-dZLtPZQ,0.0,0.0033783783783783786,0.0,0.00016029494269455797,7.554017998397095e-05,0.0,1.0628299908692898e-19,4.460430816112555e-19,0,1,1,758
UCGfmvsPejhB84pcKCCL2x-Q,0.0,0.0033783783783783786,0.0,0.00016029494269455797,7.554017998397095e-05,0.0,1.0628299908692898e-19,7.452989306484646e-22,0,1,1,758
UCp70E5OkLDOBi6aDgXL7Fkw,0.18181818181818182,0.0,0.0,0.00024044241404183698,0.0002030270425508489,0.0,0.0,-5.018907611476255e-20,2,0,1,759
UCewOhLMTtwVJJQEzmNPogbA,0.0,0.0033783783783783786,0.0,0.00016029494269455797,7.554017998397095e-05,0.0,-3.170947815761649e-20,2.1531566648555655e-20,0,1,2,759
UCkvjOhqyNRp4McL0WJx0Oog,0.0,0.0033783783783783786,0.0,0.00016029494269455797,7.554017998397095e-05,0.0,-3.170947815761649e-20,3.7969997027335816e-21,0,1,2,759
UCL2aN_kZvl6jV__4oLXLqLQ,0.09090909090909091,0.0,0.0,0.00012022120702091849,0.00013928361126740993,0.0,0.0,7.771320555034371e-20,1,0,1,760
UCCft4QUVAX9zSNAVPjFywLQ,0.0,0.0033783783783783786,0.0,0.00012022120702091849,7.554017998397095e-05,0.0,4.909923403097183e-20,-5.835905780607324e-20,0,1,1,760
UCDeC986TTUzdjguLG-Pv8Qg,0.09090909090909091,0.0,0.0,0.00012022120702091849,0.00013928361126740993,0.0,0.0,1.5587892811144823e-19,1,0,2,761
UCMiLnczbTzT-5WoGY3K2PNA,0.0,0.0033783783783783786,0.0,0.00012022120702091849,7.554017998397095e-05,0.0,9.848436848847988e-20,3.7485089887047934e-19,0,1,1,761
UCv8R5KwHV2LFgawU2Yh4DVQ,0.09090909090909091,0.0,0.0,0.00012022120702091849,0.00013928361126740993,0.0,0.0,-2.8588440963972098e-21,1,0,1,762
UCPuKhEn7noYsFwxfJi9K5kQ,0.0,0.0033783783783783786,0.0,0.00012022120702091849,7.554017998397095e-05,0.0,-1.8062188318320885e-21,3.6164709797096485e-20,0,1,1,762
UC1yEZmrB0gJIUaLEcpmyvAA,0.09090909090909091,0.0,0.0,0.00012022120702091849,0.00013928361126740993,0.0,0.0,2.0140926501000908e-19,1,0,2,763
UC_exOWKtBitpNRHYuaAAnAQ,0.0,0.0033783783783783786,0.0,0.00012022120702091849,7.554017998397095e-05,0.0,1.2725045336504878e-19,2.6908149584783145e-20,0,1,1,763
UCSrmzQSGyD9Tdfh8mkiRfcQ,0.09090909090909091,0.0,0.0,0.00012022120702091849,0.00013928361126740993,0.0,0.0,-4.9054270302996094e-20,1,0,1,764
UCwaebGf6AGp2ckd1mGnLcHg,0.0,0.0033783783783783786,0.0,0.00012022120702091849,7.554017998397095e-05,0.0,-3.099250739650777e-20,-7.628772421458357e-20,0,1,2,764
UCC5kUtAM5_Du1dDUQzvyvWg,0.2727272727272727,0.0,0.0,0.00042936145364613743,0.00022427485297866185,0.0,0.0,1.482204339190644e-20,3,0,1,765
UCHuJ0geDD9JUwjZ501XK4MA,0.09090909090909091,0.0,0.0,0.0002732300159566329,9.678799041178392e-05,0.0,0.0,1.7684120578308955e-21,1,0,1,765
UCho2dYK8AEG8KpLZItqC3UA,0.09090909090909091,0.0,0.0,0.0002732300159566329,9.678799041178392e-05,0.0,0.0,-1.7855287390873747e-19,1,0,1,765
UCcSGHTZQJwpPF0WPqwb1PJQ,0.0,0.0033783783783783786,0.0,0.0002732300159566329,7.554017998397095e-05,0.0,9.364572882596978e-21,-6.897105924757793e-20,0,1,2,765
UCquieY1noyWqKbFdr2bYKDw,0.0,0.010135135135135136,0.0,0.00042936145364613743,7.554017998397095e-05,0.0,-1.0232792009832965e-19,-6.554653019989018e-20,0,3,3,765
UCnrBrNz4sZggYPgMg2JUL8w,0.18181818181818182,0.0,0.0,0.00024044241404183698,0.0002030270425508489,0.0,0.0,1.586152141952088e-19,2,0,1,766
UCXagBvn0GwATEsapxQkhAhA,0.0,0.0033783783783783786,0.0,0.00016029494269455797,7.554017998397095e-05,0.0,1.0021315511941122e-19,1.767187214486213e-19,0,1,1,766
UCNScMCMGZ6kC0Iqsh16xy_Q,0.0,0.0033783783783783786,0.0,0.00016029494269455797,7.554017998397095e-05,0.0,1.0021315511941122e-19,-1.3545772441928663e-19,0,1,1,766
UClgiAF1fT5AF4N4lX6-xGuQ,0.09090909090909091,0.0,0.0,0.00012022120702091849,0.00013928361126740993,0.0,0.0,-1.5456967435440911e-19,1,0,1,767
UCmvFKoyoUNbvpc2FYF0Dwfw,0.0,0.0033783783783783786,0.0,0.00012022120702091849,7.554017998397095e-05,0.0,-9.765718144648933e-20,-4.1154506061300884e-19,0,1,1,767
UClhfa9ae8vpVjFC5dk92D5w,0.09090909090909091,0.0,0.0,0.00012022120702091849,0.00013928361126740993,0.0,0.0,-1.7522579860966085e-19,1,0,1,768
UC35h5K6wKFKrOM1ljWhCEGQ,0.0,0.0033783783783783786,0.0,0.00012022120702091849,7.554017998397095e-05,0.0,-1.107077289280808e-19,9.898353542905749e-21,0,1,1,768
UCRP4seFEX1bkQr6hlJsYUsg,0.09090909090909091,0.0,0.0,0.00012022120702091849,0.00013928361126740993,0.0,0.0,-8.120815293676617e-20,1,0,1,769
UCvil5KF1b5JDsKevcKzFkbg,0.0,0.0033783783783783786,0.0,0.00012022120702091849,7.554017998397095e-05,0.0,-5.1307343173255574e-20,-9.683570069260132e-20,0,1,1,769
UCq8nlp16ILLHisd4uNeZrAg,0.09090909090909091,0.0,0.0,0.00016029494269455797,0.00010741189562569042,0.0,0.0,3.496309619837021e-19,1,0,1,770
UCVPJlW8pZ-RUWu-ngI5mDbA,0.09090909090909091,0.0,0.0,0.00016029494269455797,0.00010741189562569042,0.0,0.0,1.0493269594328142e-19,1,0,3,770
UCiH949BRHOIECIZ_HgTEXgQ,0.0,0.006756756756756757,0.0,0.00024044241404183698,7.554017998397095e-05,0.0,2.8719349902602078e-19,-9.556925709773868e-20,0,2,2,770
UCk7FC5BAw2g6iWAbaw5Yfeg,0.09090909090909091,0.0,0.0,0.00012022120702091849,0.00013928361126740993,0.0,0.0,1.5407564132595082e-20,1,0,1,771
UCnYu9wPj6m1iMqsQdSf-_kw,0.0,0.0033783783783783786,0.0,0.00012022120702091849,7.554017998397095e-05,0.0,9.734505118353691e-21,9.18235474341505e-20,0,1,1,771
UCedZlSMQctjrki_h-RYR1sA,0.18181818181818182,0.0,0.0,0.00024044241404183698,0.0002030270425508489,0.0,0.0,1.1036985988792533e-19,2,0,1,772
UCVQlFIWF5-mfEY9okBYKxKA,0.0,0.0033783783783783786,0.0,0.00016029494269455797,7.554017998397095e-05,0.0,6.973172116921958e-20,1.0836267637407312e-19,0,1,1,772
UCCGuPVKpzukr_TaltBJd6gQ,0.0,0.0033783783783783786,0.0,0.00016029494269455797,7.554017998397095e-05,0.0,6.973172116921958e-20,1.8538463727074805e-19,0,1,1,772
UCTO7HKvgRa_b8aXf3EW1_qg,0.45454545454545453,0.0,0.0,0.0006011060351045924,0.0003942573364011658,0.0,0.0,6.21888044022506e-19,5,0,1,773
UCDl6YsD0yaolJ_zhJi5k20A,0.0,0.0033783783783783786,0.0,0.0003339477972803291,7.554017998397095e-05,0.0,3.9290911239974304e-19,3.435589168493665e-19,0,1,2,773
UCtutWlvoq-zETF1bBLNyxCw,0.0,0.0033783783783783786,0.0,0.0003339477972803291,7.554017998397095e-05,0.0,3.9290911239974304e-19,-8.48942030487993e-21,0,1,1,773
UCT4RZQwebIRBkScPMoe5x1Q,0.0,0.0033783783783783786,0.0,0.0003339477972803291,7.554017998397095e-05,0.0,3.9290911239974304e-19,-3.3752871816386385e-19,0,1,1,773
UCrajfFaasCbALL12a9nASkg,0.0,0.0033783783783783786,0.0,0.0003339477972803291,7.554017998397095e-05,0.0,3.9290911239974304e-19,-2.160401279051856e-19,0,1,1,773
UC5TKKq4UdXOw1QnUt3vZ08g,0.09090909090909091,0.0,0.0,0.00012022120702091849,0.00013928361126740993,0.0,0.0,-8.916755602904876e-20,1,0,1,774
UCKOuu3vlnYYz5ejNE1o5iew,0.0,0.0033783783783783786,0.0,0.00012022120702091849,7.554017998397095e-05,0.0,-5.633609719784227e-20,9.565059355998392e-20,0,1,1,774
UC_5cKoC1ocFUYemH5C7mYcA,0.09090909090909091,0.0,0.0,0.00012022120702091849,0.00013928361126740993,0.0,0.0,-3.834948248712525e-21,1,0,1,775
UCKjOKIhkYRu2WtTUQ6rXXLw,0.0,0.0033783783783783786,0.0,0.00012022120702091849,7.554017998397095e-05,0.0,-2.4229218216744767e-21,8.241168752905335e-20,0,1,2,775
UC9TxoQPzQBT2WPnZuqyR7Xg,0.09090909090909091,0.0,0.0,0.00016029494269455797,0.00010741189562569042,0.0,0.0,1.2329463262552146e-19,1,0,1,776
UCGCaYmNuADcJo74EOHv-CTA,0.09090909090909091,0.0,0.0,0.00016029494269455797,0.00010741189562569042,0.0,0.0,4.126492673083854e-20,1,0,1,776
UCMY3RDHDiSf_7LVAGOYAFyQ,0.0,0.006756756756756757,0.0,0.00024044241404183698,7.554017998397095e-05,0.0,1.0396879474540971e-19,1.2244646397669023e-19,0,2,2,776
UCTReQiJMx-C8QNUmF9_Oypg,0.09090909090909091,0.0,0.0,0.00012022120702091849,0.00013928361126740993,0.0,0.0,-2.253198786268639e-21,1,0,3,777
UCIT3PMyfRdNJA2F3Y03iq-w,0.0,0.0033783783783783786,0.0,0.00012022120702091849,7.554017998397095e-05,0.0,-1.4235718851365319e-21,8.66759408532206e-20,0,1,2,777
UCwzKP2HxxyXHo-d2buAYq1Q,0.09090909090909091,0.0,0.0,0.00012022120702091849,0.00013928361126740993,0.0,0.0,6.549856671159903e-20,1,0,2,778
UCbXM9sohcwMWIN3cQgfoshg,0.0,0.0033783783783783786,0.0,0.00012022120702091849,7.554017998397095e-05,0.0,4.138202037725361e-20,-1.0361762278893475e-19,0,1,1,778
UCixzSRbf7nbTe07YvksdsVA,0.09090909090909091,0.0,0.0,0.00012022120702091849,0.00013928361126740993,0.0,0.0,-2.737465534082037e-19,1,0,1,779
UCe7DPo1Cx_FT4Z9Ovld1xcA,0.0,0.0033783783783783786,0.0,0.00012022120702091849,7.554017998397095e-05,0.0,-1.7295318081113275e-19,-4.248638352225649e-20,0,1,1,779
UCnFm3TE5h_NjMfWEgIcBhVg,0.09090909090909091,0.0,0.0,0.00012022120702091849,0.00013928361126740993,0.0,0.0,-5.859293500415123e-21,1,0,1,780
UChI7q0KshqST0mGVQ7lRgLA,0.0,0.0033783783783783786,0.0,0.00012022120702091849,7.554017998397095e-05,0.0,-3.7019039530761176e-21,4.4676446568103456e-20,0,1,1,780
UCbQmolMa5hIdNuHJ5k3Qw7Q,0.09090909090909091,0.0,0.0,0.00012022120702091849,0.00013928361126740993,0.0,0.0,2.6199491329946916e-19,1,0,1,781
UCEpsQNrhzH7lYf0tLHGryAA,0.0,0.0033783783783783786,0.0,0.00012022120702091849,7.554017998397095e-05,0.0,1.655284899383219e-19,1.867013067804398e-19,0,1,1,781
UCHi-nXm_kNZk57r-CFjRnpA,0.09090909090909091,0.0,0.0,0.00012022120702091849,0.00013928361126740993,0.0,0.0,5.634989443446392e-20,1,0,3,782
UCfl7_r3q0uuDt-SzhnwXl6A,0.0,0.0033783783783783786,0.0,0.00012022120702091849,7.554017998397095e-05,0.0,3.560188561088205e-20,1.2804967549318755e-21,0,1,1,782
UCTK0Nc2ycBTSrT-daKEBs6g,0.09090909090909091,0.0,0.0,0.00012022120702091849,0.00013928361126740993,0.0,0.0,2.255677981834049e-21,1,0,2,783
UCqzK60-oUOEq36uU9B1MMUg,0.0,0.0033783783783783786,0.0,0.00012022120702091849,7.554017998397095e-05,0.0,1.4251382418761951e-21,1.0740086098165712e-19,0,1,1,783
UCEnPHMThDKwIWE70hWF9IBg,0.09090909090909091,0.0,0.0,0.00016029494269455797,0.00019425277359926026,0.0,0.0,-1.2253753156435792e-20,1,0,1,784
UC5Eb_4U2ipyj9JE0f0-E8NA,0.09090909090909091,0.0033783783783783786,0.0,0.00024044241404183698,0.00013928361126740993,0.0,-7.741926095119618e-21,-1.5920856807593764e-19,1,1,3,784
UCthmUJhDT9wPvFztXshSI-w,0.0,0.0033783783783783786,0.0,0.00016029494269455797,7.554017998397095e-05,0.0,-1.0058803633614621e-19,-8.175433668960123e-20,0,1,1,784
UCi9UEEmS5iIBDorEs4KqpSQ,0.09090909090909091,0.0,0.0,0.00012022120702091849,0.00013928361126740993,0.0,0.0,6.588858029288758e-20,1,0,1,785
UCAKQ_EUjLCVwDz3dGdBPK3g,0.0,0.0033783783783783786,0.0,0.00012022120702091849,7.554017998397095e-05,0.0,4.1628431112306087e-20,5.002932340349521e-21,0,1,1,785
UC0nON2N36Ww42kuIeUwRQiA,0.09090909090909091,0.0,0.0,0.00012022120702091849,0.00013928361126740993,0.0,0.0,5.0241526406581074e-20,1,0,1,786
UCzED9CcCpLCOLK3sbUGwX1w,0.0,0.0033783783783783786,0.0,0.00012022120702091849,7.554017998397095e-05,0.0,3.1742616272750895e-20,6.5845527196869895e-21,0,1,1,786
UCoyhmF47tPy8UJopJ8jYAQA,0.09090909090909091,0.0,0.0,0.00012022120702091849,0.00013928361126740993,0.0,0.0,-3.138973821770371e-20,1,0,1,787
UCH7mE06QUVM0qZcyBcFvfUA,0.0,0.0033783783783783786,0.0,0.00012022120702091849,7.554017998397095e-05,0.0,-1.9832049032175825e-20,1.025295360603082e-19,0,1,1,787
UCPsV3_WT07bzzvqE0UY1zSg,0.5454545454545454,0.0,0.0,0.0013464775186342872,0.00037149182522850906,0.0,0.0,6.917072220183114e-19,6,0,2,788
UC9JgdEGlDMj2jy_tMC74o2w,0.45454545454545453,0.0,0.0,0.0009617696561673479,0.0003305139051177268,0.0,0.0,-1.392394398885185e-19,5,0,1,788
UCr4rKC9yjjabfHhKD_YfCSg,0.45454545454545453,0.0,0.0,0.001122064598861906,0.00029181253612421037,0.0,0.0,7.658777201169735e-19,5,0,1,788
UCG-E5KESL-O7F_okH4YD9VQ,0.45454545454545453,0.0,0.0,0.001095970073306978,0.00024400496266163108,0.0,0.0,7.568181314244532e-19,5,0,1,788
UC_RFxk0TCyp4GcaECQcrqtQ,0.2727272727272727,0.0,0.0,0.0010472602922711122,0.0002121332470199116,0.0,0.0,4.859037224974896e-19,3,0,3,788
UC2I6t-nmIuESLZOGrEia0sQ,0.09090909090909091,0.0,0.0,0.00012022120702091849,0.00013928361126740993,0.0,0.0,-3.78597941258244e-20,1,0,1,789
UCF0-gIRlwB85LtYsEZ8NpiQ,0.0,0.0033783783783783786,0.0,0.00012022120702091849,7.554017998397095e-05,0.0,-2.391983291622235e-20,-1.4172608133485477e-19,0,1,1,789
UCdORp-p0iSTNXmlQM2As1Wg,0.09090909090909091,0.0,0.0,0.00012022120702091849,0.00013928361126740993,0.0,0.0,1.9067853650098688e-19,1,0,2,790
UC5mBHgT6AP-w4jT6SOv73cw,0.0,0.0033783783783783786,0.0,0.00012022120702091849,7.554017998397095e-05,0.0,1.204707748450836e-19,1.6510613599196959e-21,0,1,1,790
UCestH4XBBLdslo7o43sCRzA,0.18181818181818182,0.0,0.0,0.00012022120702091849,0.00013928361126740993,0.0,0.0,-4.952490127822822e-19,2,0,1,791
UCp8PncdhoOKb3BDaHgFZMBw,0.0,0.006756756756756757,0.0,0.00012022120702091849,7.554017998397095e-05,0.0,-6.257970446593548e-19,-4.923698047849017e-20,0,2,2,791
UCLegj-UI_k3BgcBhWx-UfpA,0.09090909090909091,0.0,0.0,0.00012022120702091849,0.00013928361126740993,0.0,0.0,3.3189007338826615e-19,1,0,1,792
UCb7e58WorZrlbbnRRhHBwFA,0.0,0.0033783783783783786,0.0,0.00012022120702091849,7.554017998397095e-05,0.0,2.096882797517651e-19,1.04223311950998e-21,0,1,1,792
UC6FT6EznTWG7X2gDjOvPh4Q,0.18181818181818182,0.0,0.0,0.00024044241404183698,0.0002030270425508489,0.0,0.0,1.217855110627815e-21,2,0,1,793
UCJ3UB8Q9nXLYWhsg72EpkjQ,0.0,0.0033783783783783786,0.0,0.00016029494269455797,7.554017998397095e-05,0.0,7.694413410059844e-22,-9.573241296787288e-20,0,1,2,793
UC8jLGXhhIe1jVDHvs9Ai4OA,0.0,0.0033783783783783786,0.0,0.00016029494269455797,7.554017998397095e-05,0.0,7.694413410059844e-22,-4.2549431092205743e-20,0,1,2,793
UCJzma9Pg7QEzZ-YyM4jCtBA,0.09090909090909091,0.0,0.0,0.00012022120702091849,0.00013928361126740993,0.0,0.0,1.5234109571631346e-19,1,0,1,794
UChj652F63Z28V1V8ykiyemQ,0.0,0.0033783783783783786,0.0,0.00012022120702091849,7.554017998397095e-05,0.0,9.624916458071486e-20,-3.2537614194852577e-20,0,1,1,794
UCtjLyJ2drgYxzyA9IVbT-Pw,0.09090909090909091,0.0,0.0,0.00012022120702091849,0.00013928361126740993,0.0,0.0,-6.460455001896866e-20,1,0,3,795
UCR70_vrOAjEcXfLwSz-By3w,0.0,0.0033783783783783786,0.0,0.00012022120702091849,7.554017998397095e-05,0.0,-4.081718027693607e-20,-5.459544052339027e-20,0,1,2,795
UCHE-NPdoUM_3Hg5fViGzYDw,0.45454545454545453,0.0,0.0,0.0007854452192033342,0.00035176171554553983,0.0,0.0,1.1966841699070026e-19,5,0,1,796
UCqSqKdT4aY-_hgFDzXwIz-g,0.45454545454545453,0.0,0.0,0.0007854452192033342,0.00035176171554553983,0.0,0.0,-2.4107347523435533e-19,5,0,1,796
UCxxQ7L5voAttmxrm42T04Yw,0.36363636363636365,0.0,0.0,0.0007363548930031258,0.00028801828426210086,0.0,0.0,1.2624136470971175e-19,4,0,1,796
UCeNluz81E55GJlEg4_CDlUQ,0.0,0.010135135135135136,0.0,0.0009425342630440012,7.554017998397095e-05,0.0,3.0555803397993837e-21,1.3694917776083756e-20,0,3,3,796
UC_tRye06kkH-b9-bB5rpSFg,0.0,0.0033783783783783786,0.0,0.000547985036653489,7.554017998397095e-05,0.0,7.560655322776518e-20,2.6935016241092658e-20,0,1,1,796
UCQXVS1wnYdY8JREC_5W3fVw,0.36363636363636365,0.0,0.0,0.00048088482808367395,0.0003305139051177268,0.0,0.0,-3.955572494985656e-19,4,0,1,797
UCMo4Pi0EkvQkmdNMe23W5Zw,0.0,0.0033783783783783786,0.0,0.000274791330333528,7.554017998397095e-05,0.0,-2.499132268221265e-19,5.632777361196573e-21,0,1,1,797
UC-GiQU7R_VLc7tzSjDJJRvg,0.0,0.0033783783783783786,0.0,0.000274791330333528,7.554017998397095e-05,0.0,-2.499132268221265e-19,2.0891987016012427e-20,0,1,1,797
UC985pd0bTYuODFVfqHkW7iQ,0.0,0.0033783783783783786,0.0,0.000274791330333528,7.554017998397095e-05,0.0,-2.499132268221265e-19,1.8676882703534996e-20,0,1,1,797
UCGSlQYnSbQaWDNjvuUB84vg,0.0,0.0033783783783783786,0.0,0.000274791330333528,7.554017998397095e-05,0.0,-2.499132268221265e-19,3.956217160649756e-21,0,1,1,797
UCC9RmQTJDGaOfmB_1wJdvjw,0.45454545454545453,0.0,0.0,0.00048088482808367395,0.0003305139051177268,0.0,0.0,-1.3432672119633326e-20,5,0,1,798
UCgHCOa36V3lqnWuOVz-ZLWw,0.0,0.006756756756756757,0.0,0.000274791330333528,7.554017998397095e-05,0.0,-1.697353512553106e-20,-5.393766774791309e-20,0,2,2,798
UCTD0FLYaQA1JB03y37xMzpg,0.0,0.0033783783783783786,0.0,0.000274791330333528,7.554017998397095e-05,0.0,-8.48676756276553e-21,1.6258446858463814e-19,0,1,1,798
UCSIiCUTQvwEbYdnyL1Y8NRA,0.0,0.0033783783783783786,0.0,0.000274791330333528,7.554017998397095e-05,0.0,-8.48676756276553e-21,7.452979732682392e-20,0,1,2,798
UCP9NleJtGVImVinAYFJSbeg,0.0,0.0033783783783783786,0.0,0.000274791330333528,7.554017998397095e-05,0.0,-8.48676756276553e-21,-9.249598883628429e-21,0,1,1,798
UCwH0eT0UEUBjRIvNJjVZbhA,0.18181818181818182,0.0,0.0,0.00024044241404183698,0.0002030270425508489,0.0,0.0,1.603703131412042e-19,2,0,1,799
UCbR-HAqNTzoMY8cInabhqKw,0.0,0.0033783783783783786,0.0,0.00016029494269455797,7.554017998397095e-05,0.0,1.0132202732828072e-19,6.767190431927355e-21,0,1,1,799
UCx94-jC3msWDpSXw7o49Mfg,0.0,0.0033783783783783786,0.0,0.00016029494269455797,7.554017998397095e-05,0.0,1.0132202732828072e-19,-1.089595996020821e-19,0,1,1,799
UCGAebspKbomTD_NM7BUfmIA,0.45454545454545453,0.0,0.0,0.0006011060351045924,0.0003942573364011658,0.0,0.0,1.26572900602476e-19,5,0,1,800
UCcPg_eNFDC-8V4kUxjRHUyQ,0.0,0.0033783783783783786,0.0,0.0003339477972803291,7.554017998397095e-05,0.0,7.99688087069575e-20,-1.1573400483844948e-19,0,1,1,800
UCRT15WqagzDD_4SGO01bfSg,0.0,0.0033783783783783786,0.0,0.0003339477972803291,7.554017998397095e-05,0.0,7.99688087069575e-20,6.719816802882627e-20,0,1,1,800
UCgHRaXq-ijVRx855fySqNFg,0.0,0.0033783783783783786,0.0,0.0003339477972803291,7.554017998397095e-05,0.0,7.99688087069575e-20,5.522143201633575e-20,0,1,1,800
UCFNQYQDNIXRtY4cUNzWM4-A,0.0,0.0033783783783783786,0.0,0.0003339477972803291,7.554017998397095e-05,0.0,7.99688087069575e-20,6.459328164665236e-20,0,1,1,800
UCshHknYUbegL1U-YLtK3vgg,0.18181818181818182,0.0,0.0,0.00024044241404183698,0.0002030270425508489,0.0,0.0,4.440260133532923e-21,2,0,1,801
UCnnhzB-xHr5IriVDcpCdYsg,0.0,0.0033783783783783786,0.0,0.00016029494269455797,7.554017998397095e-05,0.0,2.805358110128337e-21,4.399844940792355e-20,0,1,2,801
UCSkXyA9Wm0dQE6__zugStCQ,0.0,0.0033783783783783786,0.0,0.00016029494269455797,7.554017998397095e-05,0.0,2.805358110128337e-21,5.570993450960025e-20,0,1,1,801
UCRdnloS2pCcRUy_I_jxnCSg,0.09090909090909091,0.0,0.0,0.00012022120702091849,0.00013928361126740993,0.0,0.0,1.705593707798577e-20,1,0,1,802
UCSIZ23mH59cTsDTgrmh2Nsw,0.0,0.0033783783783783786,0.0,0.00012022120702091849,7.554017998397095e-05,0.0,1.0775947797791613e-20,5.2039538187746457e-20,0,1,1,802
UCmIS8oflyDjypwg6dT2cJ0g,0.2727272727272727,0.0,0.0,0.0003606636210627555,0.00026677047383428783,0.0,0.0,8.850027823574257e-20,3,0,1,803
UC-pX82CayeGCeu6PmIBk52w,0.0,0.0033783783783783786,0.0,0.00021639817263765327,7.554017998397095e-05,0.0,5.591451082387669e-20,-9.063107103838316e-20,0,1,1,803
UCoxS0Y_Dd14MVziQjv9aSMQ,0.0,0.0033783783783783786,0.0,0.00021639817263765327,7.554017998397095e-05,0.0,5.591451082387669e-20,-1.1216674713573615e-20,0,1,1,803
UC0EBktw9dzeawH6shsV034g,0.0,0.0033783783783783786,0.0,0.00021639817263765327,7.554017998397095e-05,0.0,5.591451082387669e-20,-5.415320199269766e-20,0,1,1,803
UC5QM5u8dDzJiQbUkchz0hvA,0.18181818181818182,0.0,0.0,0.00024044241404183698,0.0002030270425508489,0.0,0.0,-1.2488837621873083e-19,2,0,1,804
UCYXsp217nq--oRqpJx6ZlKg,0.0,0.0033783783783783786,0.0,0.00016029494269455797,7.554017998397095e-05,0.0,-7.890452553445599e-20,1.4298969188105147e-19,0,1,1,804
UCu1r08wkzZ9rTNU__n77Kpw,0.0,0.0033783783783783786,0.0,0.00016029494269455797,7.554017998397095e-05,0.0,-7.890452553445599e-20,2.5585954715870033e-20,0,1,1,804
UCBsKmUUKwHfcET6pcwcNkiA,0.18181818181818182,0.0,0.0,0.00024044241404183698,0.0002030270425508489,0.0,0.0,1.2630465185925795e-19,2,0,1,805
UC4GGK9t8xszLYg55k73_bEw,0.0,0.0033783783783783786,0.0,0.00016029494269455797,7.554017998397095e-05,0.0,7.979932904480093e-20,2.6708599348927216e-20,0,1,1,805
UCwZeJ5GmEqCnKNeDG2RyOOA,0.0,0.0033783783783783786,0.0,0.00016029494269455797,7.554017998397095e-05,0.0,7.979932904480093e-20,-7.658973987706868e-20,0,1,1,805
UCYaK2B-Gx3JboFDdgCW6imw,0.09090909090909091,0.0,0.0,0.00012022120702091849,0.00013928361126740993,0.0,0.0,-3.048625370046015e-20,1,0,1,806
UCp-O19eLvk1ovQeht-EdjCg,0.0,0.0033783783783783786,0.0,0.00012022120702091849,7.554017998397095e-05,0.0,-1.926122715651965e-20,-1.6369608164301663e-20,0,1,1,806
UCIzja0EyTo00pcWhei5o-Mg,0.09090909090909091,0.0,0.0,0.00012022120702091849,0.00013928361126740993,0.0,0.0,-1.5041164130698714e-19,1,0,1,807
UC0p7YzGzGv9GE5aVNrOYpqg,0.0,0.0033783783783783786,0.0,0.00012022120702091849,7.554017998397095e-05,0.0,-9.50301345210909e-20,-3.4459906808549485e-20,0,1,3,807
UCJKWBNjQCK54qi6XJsuT5cQ,0.09090909090909091,0.0,0.0,0.00012022120702091849,0.00013928361126740993,0.0,0.0,1.703817648095325e-19,1,0,1,808
UCS9u_jH6wo1SP0AWqOFhEEg,0.0,0.0033783783783783786,0.0,0.00012022120702091849,7.554017998397095e-05,0.0,1.0764726645555593e-19,1.152464779727872e-20,0,1,1,808
UCF683wawRZMOH0u4K396mCA,0.18181818181818182,0.0,0.0,0.0002704977157970666,0.00017115532690912942,0.0,0.0,-7.92293664624314e-20,2,0,1,809
UCXJq5dq8bCXzntU9rrjy_lQ,0.09090909090909091,0.0,0.0,0.00018033181053137774,0.00010741189562569042,0.0,0.0,1.356970288825986e-19,1,0,1,809
UCSRfqgx-7yBwo6wSAIsWlJw,0.0,0.006756756756756757,0.0,0.0002704977157970666,7.554017998397095e-05,0.0,3.56762914708701e-20,-2.8100212412997647e-19,0,2,2,809
UCZ7r0R4XTGdgt3csNcIEI_A,0.0,0.0033783783783783786,0.0,0.00018033181053137774,7.554017998397095e-05,0.0,-5.005714509543024e-20,4.319552872763246e-20,0,1,1,809
UCRq7emYprrJnfqFKM81LYtg,0.18181818181818182,0.0,0.0,0.00024044241404183698,0.0002030270425508489,0.0,0.0,1.0629459018691782e-19,2,0,1,810
UChgCrIAhcr4Xhg8mw0EqU1Q,0.0,0.0033783783783783786,0.0,0.00016029494269455797,7.554017998397095e-05,0.0,6.715696415884928e-20,-1.0556976947949812e-19,0,1,1,810
UCcNA481WCCdWGdTkFc-f7PA,0.0,0.0033783783783783786,0.0,0.00016029494269455797,7.554017998397095e-05,0.0,6.715696415884928e-20,-1.0752239696957626e-20,0,1,1,810
UC_rNRW-xWvY1VHGqKY0_I8g,0.09090909090909091,0.0,0.0,0.00012022120702091849,0.00013928361126740993,0.0,0.0,2.9949416508622452e-21,1,0,1,811
UC6OqI8TF5TuMblylCWvU8pw,0.0,0.0033783783783783786,0.0,0.00012022120702091849,7.554017998397095e-05,0.0,1.8922053206199283e-21,9.028068031383328e-22,0,1,1,811
UCedCTsvTNw1OiOsew41xheg,0.09090909090909091,0.0,0.0,0.00012022120702091849,0.00013928361126740993,0.0,0.0,1.5695001131457232e-19,1,0,1,812
UCMzjGDXLAQfHRv62QSkV5CA,0.0,0.0033783783783783786,0.0,0.00012022120702091849,7.554017998397095e-05,0.0,9.916107928022254e-20,-5.1035170629463115e-21,0,1,1,812
UC1VIs6DyO3MVYQ-HkA8Masw,0.2727272727272727,0.0,0.0,0.00024044241404183698,0.0002030270425508489,0.0,0.0,5.985258446591865e-19,3,0,1,813
UCXGt6kPjDc5Xj00iWNiglJw,0.0,0.006756756756756757,0.0,0.00016029494269455797,7.554017998397095e-05,0.0,7.562977311872452e-19,-1.7539920836320784e-19,0,2,3,813
UCjKxZNnBXpJbCKSorrMQX3w,0.0,0.0033783783783783786,0.0,0.00016029494269455797,7.554017998397095e-05,0.0,3.781488655936226e-19,-1.0604726538554047e-19,0,1,1,813
UCpioZcJJFcpdixXkgoi5f_w,0.09090909090909091,0.0,0.0,0.00012022120702091849,0.00013928361126740993,0.0,0.0,-2.2179311924861665e-20,1,0,1,814
UCDtHhydQLzVcpYe1DHKLefA,0.0,0.0033783783783783786,0.0,0.00012022120702091849,7.554017998397095e-05,0.0,-1.4012898054234115e-20,-1.1527854335635476e-20,0,1,1,814
UCAPbyOvekmKF1QgkMNk3slQ,0.09090909090909091,0.0,0.0,0.00012022120702091849,0.00013928361126740993,0.0,0.0,2.518770561818604e-19,1,0,1,815
UCs_qhjy0DBIkKXqtaJonjNQ,0.0,0.0033783783783783786,0.0,0.00012022120702091849,7.554017998397095e-05,0.0,1.5913602380606864e-19,5.278847707405363e-20,0,1,1,815
UC-2rgdUcGSElxj-oDMSz_1Q,0.09090909090909091,0.0,0.0,0.00016029494269455797,0.00019425277359926026,0.0,0.0,-1.5373247972312625e-19,1,0,1,816
UC7e3K9vlNMd39QUZIsbaJZQ,0.09090909090909091,0.0033783783783783786,0.0,0.00024044241404183698,0.00013928361126740993,0.0,-9.712824154702525e-20,-9.904466235320415e-21,1,1,2,816
UCunlAGvIG9gnKYJMpV_mjdA,0.0,0.0033783783783783786,0.0,0.00016029494269455797,7.554017998397095e-05,0.0,-6.257645688348584e-21,5.255264532314021e-20,0,1,1,816
UC3qtSKqzzfg1diRVax8vy9w,0.2727272727272727,0.0,0.0,0.0003756912719403703,0.0002348987581925684,0.0,0.0,2.2102636812737717e-20,3,0,1,817
UCPEqNRjebM-sdAq1pEC5JYw,0.36363636363636365,0.0,0.0,0.0003005530175522962,0.00017115532690912942,0.0,0.0,-2.6592136939209525e-20,4,0,1,817
UC_8yxazbqwH80pnX6tHUpHw,0.0,0.0033783783783783786,0.0,0.00025046084796024687,7.554017998397095e-05,0.0,1.396445468804089e-20,-4.414526217730706e-21,0,1,1,817
UCKeUEiQdgLbzeifndTJ6c6A,0.0,0.0033783783783783786,0.0,0.00025046084796024687,7.554017998397095e-05,0.0,1.396445468804089e-20,-2.1532543511766973e-20,0,1,1,817
UCkekqu91KqP6VBE8WfRhj6Q,0.0,0.006756756756756757,0.0,0.0003756912719403703,7.554017998397095e-05,0.0,-2.836467957159721e-21,-1.122341197656949e-22,0,2,2,817
UCQsBcnn8s-QO-DF9pd1W0Xg,0.09090909090909091,0.0,0.0,0.00012022120702091849,0.00013928361126740993,0.0,0.0,-6.884951891371208e-21,1,0,1,818
UC8CFOWvcaBzVOcU0xHQzYKg,0.0,0.0033783783783783786,0.0,0.00012022120702091849,7.554017998397095e-05,0.0,-4.3499153305087405e-21,9.638578344001781e-20,0,1,3,818
UCgnTx5MixwFaRpQqlrMTclA,0.45454545454545453,0.0,0.0,0.0006011060351045924,0.0003942573364011658,0.0,0.0,-9.02813668365677e-19,5,0,1,819
UCTZ1aU7I7CGUX-JIV_BC8QA,0.0,0.0033783783783783786,0.0,0.0003339477972803291,7.554017998397095e-05,0.0,-5.703980330695611e-19,-5.642828203511885e-19,0,1,1,819
UCj7S8tXWpu5cYAO666QF4Xg,0.0,0.0033783783783783786,0.0,0.0003339477972803291,7.554017998397095e-05,0.0,-5.703980330695611e-19,-9.992879485970942e-21,0,1,1,819
UC-Ah9LJ4iyXUUTsKAnyIM2w,0.0,0.0033783783783783786,0.0,0.0003339477972803291,7.554017998397095e-05,0.0,-5.703980330695611e-19,9.523580069757653e-20,0,1,1,819
UCT2DFMcUKPlZJI-a7jRtMWg,0.0,0.0033783783783783786,0.0,0.0003339477972803291,7.554017998397095e-05,0.0,-5.703980330695611e-19,-4.65802204586415e-20,0,1,1,819
UC5eAWGL4n3RuSGbER3nGF9Q,0.09090909090909091,0.0,0.0,0.00012022120702091849,0.00013928361126740993,0.0,0.0,-1.1260124296980544e-19,1,0,2,820
UC0KIq_9cakoEpjv3nP2Yyfw,0.0,0.0033783783783783786,0.0,0.00012022120702091849,7.554017998397095e-05,0.0,-7.114150988368728e-20,7.467724911783282e-21,0,1,1,820
UCJvKPOktWdZ6NKdrHmldaaQ,0.09090909090909091,0.0,0.0,0.00012022120702091849,0.00013928361126740993,0.0,0.0,3.257724239259118e-20,1,0,1,821
UCfWHLj7A1mH1sTql0AjBUQg,0.0,0.0033783783783783786,0.0,0.00012022120702091849,7.554017998397095e-05,0.0,2.0582314639966058e-20,-5.151496446917069e-21,0,1,2,821
UCiamscOCufv6PmPi2pS1PiA,0.09090909090909091,0.0,0.0,0.00012022120702091849,0.00013928361126740993,0.0,0.0,4.37816642606306e-21,1,0,1,822
UCeCXXWL_-yzx_LAgDdyPI4A,0.0,0.0033783783783783786,0.0,0.00012022120702091849,7.554017998397095e-05,0.0,2.766127281167891e-21,8.5640573718918e-22,0,1,3,822
UCYXV4XTpESGUXiYQ-ZSbtqA,0.09090909090909091,0.0,0.0,0.00012022120702091849,0.00013928361126740993,0.0,0.0,1.845163548570707e-19,1,0,1,823
UCnF5ZwWCMkH5ZYXVKVnukGQ,0.0,0.0033783783783783786,0.0,0.00012022120702091849,7.554017998397095e-05,0.0,1.1657750604303943e-19,-3.2122501581048736e-23,0,1,2,823
UCejXfxaLB5SMhmzwbOiWnWw,0.18181818181818182,0.0,0.0,0.00024044241404183698,0.0002030270425508489,0.0,0.0,1.2490154776447724e-20,2,0,1,824
UCOPDxCY-HIXBAdrBullx_nQ,0.0,0.0033783783783783786,0.0,0.00016029494269455797,7.554017998397095e-05,0.0,7.891284732227277e-21,2.090007863650082e-20,0,1,1,824
UCUpD0mL24D0ApL1tZXLnwXw,0.0,0.0033783783783783786,0.0,0.00016029494269455797,7.554017998397095e-05,0.0,7.891284732227277e-21,4.931394119869243e-20,0,1,1,824
UCiwsJpazSMeNUeG0bZzCKBQ,0.09090909090909091,0.0,0.0,0.00016029494269455797,0.00010741189562569042,0.0,0.0,1.1725103330891493e-20,1,0,2,825
UCksIGzXI-gU0pLxeHzh_-Dg,0.09090909090909091,0.0,0.0,0.00016029494269455797,0.00010741189562569042,0.0,0.0,2.474365489189765e-20,1,0,2,825
UCm5OTdMBpqx_U1UI1DAqI0g,0.0,0.006756756756756757,0.0,0.00024044241404183698,7.554017998397095e-05,0.0,2.30409758820164e-20,-6.193038774413343e-20,0,2,2,825
UCR_NdVX4eIbAAoVuqpv-lKw,0.2727272727272727,0.0,0.0,0.0002704977157970666,0.0001817792321230359,0.0,0.0,-4.176152941034206e-19,3,0,3,826
UCXxaa_7Vd_H3MkV_NDwc2Pw,0.09090909090909091,0.0,0.0,0.00018033181053137774,9.678799041178392e-05,0.0,0.0,-2.3751727265963826e-20,1,0,2,826
UC6MkXkOen7IwenETia1pvpw,0.0,0.0033783783783783786,0.0,0.00018033181053137774,7.554017998397095e-05,0.0,-2.638495081355744e-19,-2.2304994750010136e-20,0,1,1,826
UCQJSPycOxbb7MJag0IrbyAg,0.0,0.010135135135135136,0.0,0.0002704977157970666,7.554017998397095e-05,0.0,-5.42705366960362e-19,-8.813920341589893e-20,0,3,3,826
UCSUP82TqefbKjwYWYXXqCXA,0.09090909090909091,0.0,0.0,0.00012022120702091849,0.00013928361126740993,0.0,0.0,-7.32893569098135e-20,1,0,3,827
UCg-Wnhuc78J-GlN7q40b2Cw,0.0,0.0033783783783783786,0.0,0.00012022120702091849,7.554017998397095e-05,0.0,-4.630424470861941e-20,8.950534962209989e-20,0,1,1,827
UC1c1ucNILKKWK4I7R3dNnRA,0.09090909090909091,0.0,0.0,0.00012022120702091849,0.00013928361126740993,0.0,0.0,1.6011868983898424e-20,1,0,1,828
UCOv0O4Byf6RXLW2rLMCcfTA,0.0,0.0033783783783783786,0.0,0.00012022120702091849,7.554017998397095e-05,0.0,1.0116305162632824e-20,2.024426515738531e-21,0,1,1,828
UCQOGTXAfB16zKShz0Cr1_Mg,0.45454545454545453,0.0,0.0,0.0006182804932504379,0.00036238562075944635,0.0,0.0,-9.018345693798503e-19,5,0,1,829
UCzasoABf3KSsSuGNR_maerg,0.09090909090909091,0.0,0.0,0.0002885308968502044,0.00010741189562569042,0.0,0.0,-2.162099283905771e-19,1,0,1,829
UCHZNVyBAd77UVrMATGcc4LA,0.0,0.0033783783783783786,0.0,0.0003606636210627555,7.554017998397095e-05,0.0,-5.697794379427208e-19,4.793622186409299e-20,0,1,1,829
UCjO8Jhv9Fp_5I7YxHNDNtoA,0.0,0.0033783783783783786,0.0,0.0003606636210627555,7.554017998397095e-05,0.0,-5.697794379427208e-19,-4.8921072666969926e-20,0,1,1,829
UCrmIH5jpbWRc-PnDxzZ7FxQ,0.0,0.0033783783783783786,0.0,0.0003606636210627555,7.554017998397095e-05,0.0,-5.697794379427208e-19,2.1614394945134247e-20,0,1,1,829
UCAsGv-K76xThEm_JYadWhEg,0.18181818181818182,0.0,0.0,0.0002704977157970666,0.00017115532690912942,0.0,0.0,-1.851309706185527e-19,2,0,3,830
UCVZQOZZlIyznRDDi50dtMoQ,0.09090909090909091,0.0,0.0,0.00018033181053137774,0.00010741189562569042,0.0,0.0,-2.119241370336851e-20,1,0,2,830
UCp4B__JA42udGF8btwXuffw,0.0,0.006756756756756757,0.0,0.0002704977157970666,7.554017998397095e-05,0.0,-1.3035519589166334e-19,1.1250035737655088e-21,0,2,2,830
UCN_yEDcPKpXQRwFSlcItG_w,0.0,0.0033783783783783786,0.0,0.00018033181053137774,7.554017998397095e-05,0.0,-1.1696582052445121e-19,-4.178195943107831e-20,0,1,1,830
UC7WZmy7vucruSjiiNTtOh7g,0.09090909090909091,0.0,0.0,0.00012022120702091849,0.00013928361126740993,0.0,0.0,3.6663468508711303e-20,1,0,1,831
UCSvEFnauXRElf_lncXu5mAA,0.0,0.0033783783783783786,0.0,0.00012022120702091849,7.554017998397095e-05,0.0,2.3163993917741825e-20,1.4282279480316296e-20,0,1,1,831
UCFbF2jD7LtjU1E8YuVH748w,0.09090909090909091,0.0,0.0,0.00012022120702091849,0.00013928361126740993,0.0,0.0,4.400957767012831e-20,1,0,1,832
UC4MBR3JDkKQMpGAMJNFURug,0.0,0.0033783783783783786,0.0,0.00012022120702091849,7.554017998397095e-05,0.0,2.780526859402346e-20,1.0372613007722421e-20,0,1,1,832
UCiqP1C9-MlGU_xMAB4rm3qg,0.09090909090909091,0.0,0.0,0.00012022120702091849,0.00013928361126740993,0.0,0.0,1.722944987245907e-20,1,0,1,833
UCLxWL9uffIQePBjy42WsSVA,0.0,0.0033783783783783786,0.0,0.00012022120702091849,7.554017998397095e-05,0.0,1.0885573250028213e-20,-4.8108463640889874e-20,0,1,1,833
UC_J6LVUfUye5SzISvqhoi6g,0.09090909090909091,0.0,0.0,0.00012022120702091849,0.00013928361126740993,0.0,0.0,2.3588319096863814e-20,1,0,2,834
UC5oqBfJQpteTCcUfH8kw4mg,0.0,0.0033783783783783786,0.0,0.00012022120702091849,7.554017998397095e-05,0.0,1.490310934328762e-20,6.663431010850278e-21,0,1,1,834
UCTWU6xjtWbtKW9UOcIFWddw,0.2727272727272727,0.0,0.0,0.0003606636210627555,0.00026677047383428783,0.0,0.0,-5.458119197541533e-20,3,0,1,835
UCUPSWWy9WwQPfyvqNe8OBag,0.0,0.0033783783783783786,0.0,0.00021639817263765327,7.554017998397095e-05,0.0,-3.4484418697080325e-20,-5.63849221851393e-20,0,1,1,835
UCH-PuH0DJJkWiUrUwzNfJLg,0.0,0.0033783783783783786,0.0,0.00021639817263765327,7.554017998397095e-05,0.0,-3.4484418697080325e-20,-1.8402683946323133e-20,0,1,1,835
UCXBZemC2eofPaSBgt9Qf9Tg,0.0,0.0033783783783783786,0.0,0.00021639817263765327,7.554017998397095e-05,0.0,-3.4484418697080325e-20,-2.9337848497417397e-20,0,1,1,835
UC2ssBeouki0vRjJKY1rB_kg,0.36363636363636365,0.0,0.0,0.00032726884133472256,0.0001817792321230359,0.0,0.0,3.4537362970173245e-19,4,0,1,836
UCyOQKFYJW3YItGLoOgCo9dg,0.2727272727272727,0.0,0.0,0.0004909032620020839,0.0001817792321230359,0.0,0.0,5.590353591947419e-20,3,0,1,836
UCS7pdCXWfrKCAQJp9yc1sQQ,0.09090909090909091,0.0,0.0,0.0002945419572012503,9.678799041178392e-05,0.0,0.0,4.97636397019762e-21,1,0,1,836
UCSO07Mvhrulwy-btROmOL1A,0.09090909090909091,0.0,0.0,0.0002945419572012503,9.678799041178392e-05,0.0,0.0,-2.7347364255946785e-20,1,0,1,836
UCJPy2RZKKzxLKNFWJia1gFA,0.0,0.010135135135135136,0.0,0.00042077422457321474,7.554017998397095e-05,0.0,4.717342680610875e-19,-2.1762419719455726e-19,0,3,3,836
UCRiVR0-KW-g1KmAR8wfNdAQ,0.18181818181818182,0.0,0.0,0.00012022120702091849,0.00013928361126740993,0.0,0.0,-1.2303940368565354e-19,2,0,1,837
UCOARJo6xZpD4gLmovxtySQQ,0.0,0.006756756756756757,0.0,0.00012022120702091849,7.554017998397095e-05,0.0,-1.5547268791221296e-19,1.2444043299117436e-19,0,2,2,837
UCZEalvhNr-786OsBNUYtKQA,0.09090909090909091,0.0,0.0,0.00012022120702091849,0.00013928361126740993,0.0,0.0,-1.9098584577229408e-19,1,0,1,838
UCplm-xgQh4DEvHpuNHE3Lnw,0.0,0.0033783783783783786,0.0,0.00012022120702091849,7.554017998397095e-05,0.0,-1.2066493296434977e-19,4.6576358104937046e-20,0,1,1,838
UCzMGZYtEDVBciY4lY35g6vg,0.2727272727272727,0.0,0.0,0.0003606636210627555,0.00026677047383428783,0.0,0.0,-6.853174583426243e-20,3,0,1,839
UCDzf54seEKKbQVKBnJcq5Rg,0.0,0.0033783783783783786,0.0,0.00021639817263765327,7.554017998397095e-05,0.0,-4.329838414769454e-20,4.312823643556372e-21,0,1,1,839
UCpjwsXffCkaLc2ZyUatrdRg,0.0,0.0033783783783783786,0.0,0.00021639817263765327,7.554017998397095e-05,0.0,-4.329838414769454e-20,1.971253495696768e-20,0,1,1,839
UCTAOfZiWOhcQhYKrwkh3rAg,0.0,0.0033783783783783786,0.0,0.00021639817263765327,7.554017998397095e-05,0.0,-4.329838414769454e-20,1.770553008758319e-20,0,1,1,839
UCHO63qIpXPTSXDehsADAePw,0.45454545454545453,0.0,0.0,0.0006011060351045924,0.0003942573364011658,0.0,0.0,2.283140487894639e-19,5,0,1,840
UCQlFGiwb-B4ucnEbnjiYbsg,0.0,0.0033783783783783786,0.0,0.0003339477972803291,7.554017998397095e-05,0.0,1.4424890640768361e-19,-3.49435132434132e-20,0,1,1,840
UCkMg3cfmQw4tMFckq3gxUvg,0.0,0.0033783783783783786,0.0,0.0003339477972803291,7.554017998397095e-05,0.0,1.4424890640768361e-19,1.009634963643556e-19,0,1,3,840
UCUw48OroM2jImASNv0p7vAw,0.0,0.0033783783783783786,0.0,0.0003339477972803291,7.554017998397095e-05,0.0,1.4424890640768361e-19,3.9794611465485467e-19,0,1,1,840
UCQYZ-5Otb5me-IegFzrt0-A,0.0,0.0033783783783783786,0.0,0.0003339477972803291,7.554017998397095e-05,0.0,1.4424890640768361e-19,2.1380389660313608e-20,0,1,2,840
UCX0zDtoMIk_flwJ7TuQBKkQ,0.45454545454545453,0.0,0.0,0.0006011060351045924,0.0003942573364011658,0.0,0.0,8.443431603683753e-19,5,0,1,841
UCrWxEDv4vNcQxmzV10McERQ,0.0,0.0033783783783783786,0.0,0.0003339477972803291,7.554017998397095e-05,0.0,5.334563429701927e-19,-1.0408171916202192e-21,0,1,2,841
UCwIkPpt-QgjRJY0CNRwioPw,0.0,0.0033783783783783786,0.0,0.0003339477972803291,7.554017998397095e-05,0.0,5.334563429701927e-19,-5.0888163595928845e-20,0,1,1,841
UCb3PHq9__66N3lhBens5niQ,0.0,0.0033783783783783786,0.0,0.0003339477972803291,7.554017998397095e-05,0.0,5.334563429701927e-19,3.704094383633406e-20,0,1,1,841
UCBznMEyF5-mEkJq8Sp3wy0A,0.0,0.0033783783783783786,0.0,0.0003339477972803291,7.554017998397095e-05,0.0,5.334563429701927e-19,-1.1479694927915118e-19,0,1,1,841
UClyRpbsfcOpebHZHiAgT83Q,0.18181818181818182,0.0,0.0,0.00024044241404183698,0.0002030270425508489,0.0,0.0,3.7351659149926864e-20,2,0,1,842
UCDi4NGvuySVMP5smavpid3A,0.0,0.0033783783783783786,0.0,0.00016029494269455797,7.554017998397095e-05,0.0,2.3598793037295298e-20,-6.5590925242905256e-21,0,1,1,842
UC1YCqOLSH2nPVlSydTuwR1Q,0.0,0.0033783783783783786,0.0,0.00016029494269455797,7.554017998397095e-05,0.0,2.3598793037295298e-20,-1.2788528952738187e-19,0,1,1,842
UCS6KnyxXZ4P42fRlHPFpJnA,0.45454545454545453,0.0,0.0,0.0006011060351045924,0.0003942573364011658,0.0,0.0,-1.5451130419221279e-21,5,0,1,843
UCZmpiKXu6Y9nyiv_Uu_LsyA,0.0,0.0033783783783783786,0.0,0.0003339477972803291,7.554017998397095e-05,0.0,-9.762030315490675e-22,-1.834730916179544e-20,0,1,1,843
UCgd-DJSUnpEz1Gn4EHrWHFA,0.0,0.0033783783783783786,0.0,0.0003339477972803291,7.554017998397095e-05,0.0,-9.762030315490675e-22,-5.850050756211656e-20,0,1,1,843
UCsTwSND_8EE5IF0ut_F1rOA,0.0,0.0033783783783783786,0.0,0.0003339477972803291,7.554017998397095e-05,0.0,-9.762030315490675e-22,2.6169215619177253e-20,0,1,1,843
UCyXnfsDCIyml0SH3qY4LjcA,0.0,0.0033783783783783786,0.0,0.0003339477972803291,7.554017998397095e-05,0.0,-9.762030315490675e-22,-6.612283101867971e-20,0,1,1,843
UC-dch3BP4gKHC4cec0PU1PA,0.09090909090909091,0.0,0.0,0.00012022120702091849,0.00013928361126740993,0.0,0.0,-3.418351728884102e-20,1,0,1,844
UCMiRfo4vFY5VYG-EOYRLfiw,0.0,0.0033783783783783786,0.0,0.00012022120702091849,7.554017998397095e-05,0.0,-2.159715975529147e-20,-7.182889167470001e-20,0,1,1,844
UCszRrLnZkEGqKoxaVADNwyg,0.09090909090909091,0.0,0.0,0.00012022120702091849,0.00013928361126740993,0.0,0.0,-4.234697323982596e-20,1,0,1,845
UCAKW455uFtmkipXs5_i1_aA,0.0,0.0033783783783783786,0.0,0.00012022120702091849,7.554017998397095e-05,0.0,-2.6754834456784547e-20,-4.0366219265404973e-20,0,1,1,845
UCmeC9qdB-j3Eo2v-TiKeOjw,0.09090909090909091,0.0,0.0,0.00012022120702091849,0.00013928361126740993,0.0,0.0,-5.019574457338071e-19,1,0,1,846
UClt9Il1GuzN0GuyPZ3OQjxg,0.0,0.0033783783783783786,0.0,0.00012022120702091849,7.554017998397095e-05,0.0,-3.171369129241129e-19,-1.3078529471650538e-19,0,1,1,846
UCYpKsoOWIjDeSW7izfXlK9g,0.18181818181818182,0.0,0.0,0.00024044241404183698,0.0002030270425508489,0.0,0.0,2.738275725502479e-19,2,0,2,847
UCqsugh18i9xrPjj2ZxxX70A,0.0,0.0033783783783783786,0.0,0.00016029494269455797,7.554017998397095e-05,0.0,1.7300436873714928e-19,-1.8937965980356568e-21,0,1,1,847
UCVK8AGkInAcfDifAFqMbChg,0.0,0.0033783783783783786,0.0,0.00016029494269455797,7.554017998397095e-05,0.0,1.7300436873714928e-19,-1.2247534070616604e-19,0,1,1,847
UCq8NOkuJoPM9ShSDV5tObwA,0.18181818181818182,0.0,0.0,0.000274791330333528,0.00017115532690912942,0.0,0.0,1.7807766888491758e-19,2,0,1,848
UCusdgjkNeXEjPpUkI-PtbVQ,0.18181818181818182,0.0,0.0,0.000274791330333528,0.00017115532690912942,0.0,0.0,1.814889995756423e-19,2,0,1,848
UCtKH9tlaY8KttB1X13BaG7A,0.0,0.0033783783783783786,0.0,0.0001923539312334696,7.554017998397095e-05,0.0,1.1250954169695562e-19,-8.70566931383048e-20,0,1,1,848
UCI7YUv58z8SxQMJc0ap5qwQ,0.0,0.006756756756756757,0.0,0.00032058988538911595,7.554017998397095e-05,0.0,2.2717436347475188e-19,-2.6723469766887534e-21,0,2,2,848
UCIQiJMXdKBNdClW25iUAFgA,0.0,0.0033783783783783786,0.0,0.0001923539312334696,7.554017998397095e-05,0.0,1.1466482177779625e-19,-4.265573150085145e-21,0,1,1,848
UChrWpVXNc7ju5b3PY9o9nDA,0.09090909090909091,0.0,0.0,0.00012022120702091849,0.00013928361126740993,0.0,0.0,-1.780781268544445e-19,1,0,3,849
UC7vkhaEkXrM-Nz4nERqF1vw,0.0,0.0033783783783783786,0.0,0.00012022120702091849,7.554017998397095e-05,0.0,-1.1250983104228403e-19,-3.991645467147401e-20,0,1,1,849
UCj0Kr3CKdtOM1xX2Bx0-eRA,0.45454545454545453,0.0,0.0,0.0006011060351045924,0.0003942573364011658,0.0,0.0,-9.029765098450308e-20,5,0,2,850
UClR_cLRyakVX_zeLGdXoi9g,0.0,0.0033783783783783786,0.0,0.0003339477972803291,7.554017998397095e-05,0.0,-5.705009163806809e-20,1.5884343922196188e-20,0,1,2,850
UC5i-HPcO7kmXTkzxN9_n16w,0.0,0.0033783783783783786,0.0,0.0003339477972803291,7.554017998397095e-05,0.0,-5.705009163806809e-20,3.518453576637056e-20,0,1,1,850
UCOCaHa-fP6UyFtvmQndZyww,0.0,0.0033783783783783786,0.0,0.0003339477972803291,7.554017998397095e-05,0.0,-5.705009163806809e-20,-2.3777902775409197e-20,0,1,1,850
UC3v9GUIja7J7bDLnVi7d79g,0.0,0.0033783783783783786,0.0,0.0003339477972803291,7.554017998397095e-05,0.0,-5.705009163806809e-20,-2.1524211499812427e-19,0,1,1,850
UCXnjOu6yhLu_TzSKLl3Xq3g,0.09090909090909091,0.0,0.0,0.00016029494269455797,0.00019425277359926026,0.0,0.0,-4.294010246242185e-20,1,0,2,851
UCf-T3qIkGzdFshIr8b8aDwA,0.09090909090909091,0.0033783783783783786,0.0,0.00024044241404183698,0.00013928361126740993,0.0,-2.7129573734422227e-20,5.892493932956115e-20,1,1,2,851
UCteUt2B7LL-oNrbyX47eC_g,0.0,0.0033783783783783786,0.0,0.00016029494269455797,7.554017998397095e-05,0.0,3.7228799994985453e-20,-3.1018407203571917e-20,0,1,1,851
UCELvKBsBj685nOauVAFvugg,0.45454545454545453,0.0,0.0,0.0005464600319132658,0.00029864218947600737,0.0,0.0,4.153258099651134e-19,5,0,1,852
UCNtyxSdQlJoU5CKfQ4yKplQ,0.45454545454545453,0.0,0.0,0.0006678955945606582,0.00027739437904819434,0.0,0.0,-1.6306340430658702e-19,5,0,1,852
UCqk8fw6agEjk1z0BoH552SQ,0.36363636363636365,0.0,0.0,0.0003756912719403703,0.00016053142169522293,0.0,0.0,-3.3707062056948783e-19,4,0,1,852
UCPyycC1OZ-NY4iYb8cNlVSA,0.0,0.006756756756756757,0.0,0.0003878103452287693,7.554017998397095e-05,0.0,5.248060223013112e-19,-1.8967135973479435e-20,0,2,2,852
UC8aVXiTL_bvhrENmKvKE9ng,0.0,0.006756756756756757,0.0,0.0006327431948469393,7.554017998397095e-05,0.0,1.593794877579742e-19,-9.568624683047869e-20,0,2,2,852
UCasVWtxBnYG5BED7B_4_W6Q,0.45454545454545453,0.0,0.0,0.0005009216959204937,0.0003092660946899139,0.0,0.0,2.344868588107293e-19,5,0,1,853
UC-pPcypKOPWR1eKwJounl9Q,0.09090909090909091,0.0,0.0,0.00025046084796024687,9.678799041178392e-05,0.0,0.0,-1.832232478213789e-19,1,0,1,853
UChVfo_xGjhVNcX4KsxVgVuQ,0.0,0.010135135135135136,0.0,0.0003756912719403703,7.554017998397095e-05,0.0,1.8053725993950088e-19,6.530077813465833e-20,0,3,3,853
UC48fNWK0wba0pFpxvo9_2mA,0.0,0.0033783783783783786,0.0,0.0003005530175522962,7.554017998397095e-05,0.0,1.481488902227445e-19,-3.855035886693551e-20,0,1,1,853
UCzx3BLPacWIj2TMd5XWrTxQ,0.0,0.0033783783783783786,0.0,0.0003005530175522962,7.554017998397095e-05,0.0,1.481488902227445e-19,-5.574993515753614e-20,0,1,1,853
UCF3RaiP3yTfcUwbJM6WUlZA,0.09090909090909091,0.0,0.0,0.00012022120702091849,0.00013928361126740993,0.0,0.0,4.649848515463833e-21,1,0,1,854
UC-L24zEF8hOmsFPoU5FC1cg,0.0,0.0033783783783783786,0.0,0.00012022120702091849,7.554017998397095e-05,0.0,2.937776132801871e-21,-9.831415066880569e-20,0,1,1,854
UCyomfF4WwrF8ZftU4JYcQPA,0.18181818181818182,0.0,0.0,0.00024044241404183698,0.0002030270425508489,0.0,0.0,4.660627048408311e-19,2,0,1,855
UCTDlAusWNOpIkk2WQYRDpWA,0.0,0.0033783783783783786,0.0,0.00016029494269455797,7.554017998397095e-05,0.0,2.944586014183082e-19,-8.494430347741423e-20,0,1,1,855
UCE01bCBL-4Ucogmgv4_451w,0.0,0.0033783783783783786,0.0,0.00016029494269455797,7.554017998397095e-05,0.0,2.944586014183082e-19,-5.543411385722086e-20,0,1,1,855
UCVtdmORFfnem60ZmXw6WP6A,0.09090909090909091,0.0,0.0,0.00016029494269455797,0.00010741189562569042,0.0,0.0,3.095888786425851e-20,1,0,1,856
UCfyBy965gYUCHsbQ6rKyYoQ,0.09090909090909091,0.0,0.0,0.00016029494269455797,0.00010741189562569042,0.0,0.0,-4.6648278549854696e-20,1,0,2,856
UCZCZMNldliKt1QBKeoMNiHQ,0.0,0.006756756756756757,0.0,0.00024044241404183698,7.554017998397095e-05,0.0,-9.912563246106239e-21,7.814994817093871e-20,0,2,2,856
UCJFuY3bk9mhCvcDDu65qcwg,0.09090909090909091,0.0,0.0,0.00012022120702091849,0.00013928361126740993,0.0,0.0,5.1372286349283895e-20,1,0,1,857
UC-jp203fSKTCwDErNe6OPSQ,0.0,0.0033783783783783786,0.0,0.00012022120702091849,7.554017998397095e-05,0.0,3.2457030852183574e-20,-1.4022815990529493e-21,0,1,1,857
UCO2thBnmCDlYeOMIDlZbHmQ,0.09090909090909091,0.0,0.0,0.00012022120702091849,0.00013928361126740993,0.0,0.0,-3.605447208696976e-19,1,0,2,858
UC85sQBVfW5TgWIp7xTrODJA,0.0,0.0033783783783783786,0.0,0.00012022120702091849,7.554017998397095e-05,0.0,-2.277922973740259e-19,-1.3032686491878643e-21,0,1,1,858
UC6SQcVXvyiec4oLuLxHblQg,0.09090909090909091,0.0,0.0,0.00016029494269455797,0.00010741189562569042,0.0,0.0,1.6600345854397478e-19,1,0,1,859
UC1F91YbdGNIpvU4NfdWqUWw,0.09090909090909091,0.0,0.0,0.00016029494269455797,0.00010741189562569042,0.0,0.0,3.7095338160020754e-19,1,0,2,859
UCSmO_0hjZS0iimNQuEd3BIg,0.0,0.006756756756756757,0.0,0.00024044241404183698,7.554017998397095e-05,0.0,3.392495441677703e-19,5.0085933155145036e-20,0,2,3,859
UCFvDvwy5ytP5DNh40mk0-_w,0.09090909090909091,0.0,0.0,0.00012022120702091849,0.00013928361126740993,0.0,0.0,1.0544117576863794e-19,1,0,1,860
UCuX6SqWAWlUPyS5tOLfcK1Q,0.0,0.0033783783783783786,0.0,0.00012022120702091849,7.554017998397095e-05,0.0,6.661777659153957e-20,2.9041569594587146e-20,0,1,1,860
UCaStruCAoJY-JjAnTJbtcFA,0.18181818181818182,0.0,0.0,0.00024044241404183698,0.0002030270425508489,0.0,0.0,-2.9210639226897963e-20,2,0,1,861
UCsH2X7EE_9RQ9dzOpA2Vsgg,0.0,0.0033783783783783786,0.0,0.00016029494269455797,7.554017998397095e-05,0.0,-1.8455293427146574e-20,-3.5622516569373075e-21,0,1,3,861
UC69mKiMEOe0E6TejhHhJ20Q,0.0,0.0033783783783783786,0.0,0.00016029494269455797,7.554017998397095e-05,0.0,-1.8455293427146574e-20,1.0005345374348884e-19,0,1,1,861
UCOHI2ALiolyRmKUfHI7MxWQ,0.09090909090909091,0.0,0.0,0.00012022120702091849,0.00013928361126740993,0.0,0.0,1.6615011943265043e-19,1,0,1,862
UCr9-4O7Ob9OOyzQ28Uo4_FA,0.0,0.0033783783783783786,0.0,0.00012022120702091849,7.554017998397095e-05,0.0,1.0497371123126375e-19,2.591555661074306e-19,0,1,1,862
UCYFcZAInApP7gjiAbx9Z4ZQ,0.09090909090909091,0.0,0.0,0.00012022120702091849,0.00013928361126740993,0.0,0.0,9.748670705097203e-20,1,0,1,863
UCM-fycnSK5vQezmjJrrZxMg,0.0,0.0033783783783783786,0.0,0.00012022120702091849,7.554017998397095e-05,0.0,6.159214010678906e-20,1.419753636090553e-19,0,1,1,863
UC8B7kOClzjhBI2WrPFAzsDA,0.09090909090909091,0.0,0.0,0.00012022120702091849,0.00013928361126740993,0.0,0.0,-1.075740589622294e-20,1,0,1,864
UCaLxsX7lBtYcajS7kQSr4pw,0.0,0.0033783783783783786,0.0,0.00012022120702091849,7.554017998397095e-05,0.0,-6.796533303759343e-21,1.6545219512225876e-19,0,1,1,864
UC5Ls5j3VwUejJFO45aTio0Q,0.36363636363636365,0.0,0.0,0.00048088482808367395,0.0003305139051177268,0.0,0.0,-1.295382276014221e-19,4,0,4,865
UCf_PATi7_jSRr3hc6rSTfOw,0.0,0.0033783783783783786,0.0,0.000274791330333528,7.554017998397095e-05,0.0,-8.184230347877328e-20,4.0856348943399293e-20,0,1,1,865
UCgP3CpFTRsxFw_5M_oyOgJA,0.0,0.0033783783783783786,0.0,0.000274791330333528,7.554017998397095e-05,0.0,-8.184230347877328e-20,-1.8691022718020867e-20,0,1,1,865
UCfSJ6rNLiHRVVUfqoDI5Z2g,0.0,0.0033783783783783786,0.0,0.000274791330333528,7.554017998397095e-05,0.0,-8.184230347877328e-20,-5.877996305501436e-22,0,1,1,865
UCA2_GqjfVjurA-27Pj9Pxpw,0.0,0.0033783783783783786,0.0,0.000274791330333528,7.554017998397095e-05,0.0,-8.184230347877328e-20,-3.975667634280354e-20,0,1,1,865
UCnJgg4-QjMb8jEP6fIuicSQ,0.18181818181818182,0.0,0.0,0.00024044241404183698,0.0002030270425508489,0.0,0.0,1.3420392989364434e-19,2,0,1,866
UCfb_YQDtYc82p_HNGhYHKvg,0.0,0.0033783783783783786,0.0,0.00016029494269455797,7.554017998397095e-05,0.0,8.479009603400714e-20,2.1402631722678416e-20,0,1,1,866
UCS-hmDmbe-Gv6nsM4FaqY_w,0.0,0.0033783783783783786,0.0,0.00016029494269455797,7.554017998397095e-05,0.0,8.479009603400714e-20,1.4052305574237147e-19,0,1,1,866
UCE20I8sD5z3RfwhtQZhhRMw,0.09090909090909091,0.0,0.0,0.00012022120702091849,0.00013928361126740993,0.0,0.0,5.609368300263004e-20,1,0,1,867
UCScA3p-ZSxg-pQxdYE_1buA,0.0,0.0033783783783783786,0.0,0.00012022120702091849,7.554017998397095e-05,0.0,3.5440011126823194e-20,-3.3841982349592374e-21,0,1,1,867
UCRiZ5JQGpFh9ad06FV5tkIg,0.2727272727272727,0.0,0.0,0.00024044241404183698,0.0002030270425508489,0.0,0.0,-1.732483989097991e-19,3,0,3,868
UCbNFkS6geg86r-GG2EAORvw,0.0,0.006756756756756757,0.0,0.00016029494269455797,7.554017998397095e-05,0.0,-2.18916814029833e-19,-7.064088212731342e-21,0,2,2,868
UCxA8k4CiMPoU6nCeZr-y6Nw,0.0,0.0033783783783783786,0.0,0.00016029494269455797,7.554017998397095e-05,0.0,-1.094584070149165e-19,-7.470705332354652e-21,0,1,2,868
UCr0n_KUj0tVp16ohufmmbgw,0.09090909090909091,0.0,0.0,0.00012022120702091849,0.00013928361126740993,0.0,0.0,-6.4019807484496515e-19,1,0,1,869
UCyLtbcIHUWxLs_4p6sBdu9g,0.0,0.0033783783783783786,0.0,0.00012022120702091849,7.554017998397095e-05,0.0,-4.0447739712175006e-19,4.900185163042706e-21,0,1,2,869
UCrwtezwJ8ZaVYube7BKVa6w,0.09090909090909091,0.0,0.0,0.00012022120702091849,0.00013928361126740993,0.0,0.0,2.173567857826079e-22,1,0,1,870
UCF2CDGtybtDd2LlIYq9Eneg,0.0,0.0033783783783783786,0.0,0.00012022120702091849,7.554017998397095e-05,0.0,1.3732610330230902e-22,-4.89631092429681e-21,0,1,1,870
UCZYLIcdQUykoo4Ow2HiBqjg,0.45454545454545453,0.0,0.0,0.0008243739910005839,0.0005621242414164255,0.0,0.0,2.6534321680623805e-19,5,0,1,871
UCsDnfbANneHsk-TjjNJ2nEA,0.2727272727272727,0.010135135135135136,0.0,0.0007869024459551028,0.00026677047383428783,0.0,6.426908939059052e-19,5.226867804070098e-21,3,3,6,871
UCHfVThR9-QUrIcwvGz8l9TA,0.45454545454545453,0.0033783783783783786,0.0,0.0007526892961309679,0.0002412731013209123,0.0,1.676439494193887e-19,8.705599647095635e-19,5,1,2,871
UCTVLS9qd3zpDgRiAf2HgMkQ,0.18181818181818182,0.0,0.0,0.0006658405311927793,0.00016450583900032208,0.0,0.0,4.865508111058032e-19,2,0,1,871
UCZ_t7glaHcAEAx_iM4VBeaQ,0.09090909090909091,0.0,0.0,0.0004678879408381693,8.828886624065873e-05,0.0,0.0,5.973247052798944e-20,1,0,1,871
UCpDvAon1k1bfbjMpnr_pxJQ,0.18181818181818182,0.0,0.0,0.00024044241404183698,0.0002030270425508489,0.0,0.0,-1.611951569684096e-19,2,0,1,872
UC1YeojoFdTNKZynmquKTZig,0.0,0.0033783783783783786,0.0,0.00016029494269455797,7.554017998397095e-05,0.0,-1.0184316398483936e-19,3.0802775563197683e-20,0,1,1,872
UC_442srXYXY2OZX29y1zjzQ,0.0,0.0033783783783783786,0.0,0.00016029494269455797,7.554017998397095e-05,0.0,-1.0184316398483936e-19,-1.3100546076965827e-20,0,1,1,872
UCGyxLpcoOoQB_dAz_aveU8w,0.09090909090909091,0.0,0.0,0.00012022120702091849,0.00013928361126740993,0.0,0.0,-2.8323907616180536e-19,1,0,1,873
UC_3MTnoGwj07ZQCSeejd2hQ,0.0,0.0033783783783783786,0.0,0.00012022120702091849,7.554017998397095e-05,0.0,-1.789505604446557e-19,4.236168914880292e-21,0,1,1,873
UCsOwDAPtMVR0L5FdUZbxdSA,0.18181818181818182,0.0,0.0,0.0002704977157970666,0.00016053142169522293,0.0,0.0,-5.508913118702605e-20,2,0,1,874
UCSmSv9aBKm0S23ufKPAMhPg,0.18181818181818182,0.0,0.0,0.00018033181053137774,0.00011803580083959693,0.0,0.0,-9.393988748161763e-20,2,0,1,874
UCltiHj2ZO2gsXiCQFIvxbhQ,0.0,0.010135135135135136,0.0,0.0002704977157970666,7.554017998397095e-05,0.0,-1.5350785108964212e-19,5.248266521479999e-20,0,3,4,874
UCy3-eiA_KaMCxaItysxPZJw,0.0,0.0033783783783783786,0.0,0.00018033181053137774,7.554017998397095e-05,0.0,-3.480533489205347e-20,-1.8229536697588348e-19,0,1,2,874
UCQWPzsH6To7y-y9DJjUR-xg,0.18181818181818182,0.0,0.0,0.00024044241404183698,0.0002030270425508489,0.0,0.0,-1.4165805504863407e-19,2,0,2,875
UCljZJR4Vq_e-IFPL_ialZ6Q,0.0,0.0033783783783783786,0.0,0.00016029494269455797,7.554017998397095e-05,0.0,-8.949961525778822e-20,-2.633648413144492e-20,0,1,1,875
UCUZoaJHaDsMLGTMDkwV8bGw,0.0,0.0033783783783783786,0.0,0.00016029494269455797,7.554017998397095e-05,0.0,-8.949961525778822e-20,-3.089504166450997e-21,0,1,1,875
UCXqmx1o4aXRxD8nP5iku-tA,0.18181818181818182,0.0,0.0,0.00024044241404183698,0.0002030270425508489,0.0,0.0,-1.0942569513581176e-20,2,0,2,876
UCY8_EWhHUWVWqRyGGV-cS8w,0.0,0.0033783783783783786,0.0,0.00016029494269455797,7.554017998397095e-05,0.0,-6.913519750506849e-21,4.568111282412025e-21,0,1,1,876
UCble6n_HiEYMjetgQmDCTNw,0.0,0.0033783783783783786,0.0,0.00016029494269455797,7.554017998397095e-05,0.0,-6.913519750506849e-21,5.510171070572836e-20,0,1,1,876
UCpDN_hd0FAEyemyJirDvm7g,0.2727272727272727,0.0,0.0,0.0003606636210627555,0.00026677047383428783,0.0,0.0,1.962591482050801e-19,3,0,2,877
UCbpGIoEXssSPcEmH2owbF2A,0.0,0.0033783783783783786,0.0,0.00021639817263765327,7.554017998397095e-05,0.0,1.23996607528922e-19,9.011268806023259e-21,0,1,1,877
UCKHJSN4PLAZ1sDpLeIvLlFw,0.0,0.0033783783783783786,0.0,0.00021639817263765327,7.554017998397095e-05,0.0,1.23996607528922e-19,-1.1195471892943346e-20,0,1,1,877
UCEOvpVbhPvPnogKtLw8b52w,0.0,0.0033783783783783786,0.0,0.00021639817263765327,7.554017998397095e-05,0.0,1.23996607528922e-19,2.9220969157373726e-20,0,1,1,877
UC6qsX6DCAPP5WeSIG4VpJxg,0.18181818181818182,0.0,0.0,0.00024044241404183698,0.0002030270425508489,0.0,0.0,6.506104023956164e-21,2,0,1,878
UCUzhYvsWCfJtAm3fskY8aog,0.0,0.0033783783783783786,0.0,0.00016029494269455797,7.554017998397095e-05,0.0,4.110559097901713e-21,-3.2087649948772773e-20,0,1,1,878
UCZvRh25W4LXhQnMQnVSrvjA,0.0,0.0033783783783783786,0.0,0.00016029494269455797,7.554017998397095e-05,0.0,4.110559097901713e-21,-3.4516602036799217e-20,0,1,1,878
UCS08pxtJI5Dc10EF2Op6_Xw,0.09090909090909091,0.0,0.0,0.00012022120702091849,0.00013928361126740993,0.0,0.0,-2.295918001443754e-19,1,0,2,879
UCopTFl6LN_MIhDGB8niQaNA,0.0,0.0033783783783783786,0.0,0.00012022120702091849,7.554017998397095e-05,0.0,-1.450561902195391e-19,-1.879818025687189e-19,0,1,1,879
UCUlupvMFDsbQUDIwyswRQGQ,0.18181818181818182,0.0,0.0,0.0002704977157970666,0.00017115532690912942,0.0,0.0,-2.8731410993015627e-19,2,0,1,880
UCoOP5lrrejRSxxkxUiRyL1A,0.09090909090909091,0.0,0.0,0.00018033181053137774,0.00010741189562569042,0.0,0.0,1.9378031409417697e-19,1,0,1,880
UCVrWghouDYnG_6YQywLnM0A,0.0,0.006756756756756757,0.0,0.0002704977157970666,7.554017998397095e-05,0.0,-5.909468923632085e-20,-7.186450581154345e-20,0,2,2,880
UCSGvlkGhOszWlYk5_Qw4N5g,0.0,0.0033783783783783786,0.0,0.00018033181053137774,7.554017998397095e-05,0.0,-1.8152516839268018e-19,-1.0077503121180108e-19,0,1,1,880
UCSEAm--vefBA7jOisIWLFcQ,0.09090909090909091,0.0,0.0,0.00012022120702091849,0.00013928361126740993,0.0,0.0,1.8509575029218267e-19,1,0,2,881
UCa8BPmmkOJ5qjinuNjakVmw,0.0,0.0033783783783783786,0.0,0.00012022120702091849,7.554017998397095e-05,0.0,1.16943568308308e-19,-9.96115424827358e-20,0,1,1,881
UCDlZTdO5b4NTBO_5zmtNCzw,0.09090909090909091,0.0,0.0,0.00021639817263765327,9.678799041178392e-05,0.0,0.0,-1.6592960375510968e-19,1,0,1,882
UCCB8DikdGUarPK86BItKxJA,0.09090909090909091,0.0,0.0,0.00021639817263765327,9.678799041178392e-05,0.0,0.0,-3.575563157375123e-20,1,0,1,882
UC3hAeS5xfSRDUTZJlYTKAUg,0.09090909090909091,0.0,0.0,0.00021639817263765327,9.678799041178392e-05,0.0,0.0,8.122628316202395e-20,1,0,1,882
UCeFlBEQ9oY5bBhmopIwsnwA,0.0,0.010135135135135136,0.0,0.0003606636210627555,7.554017998397095e-05,0.0,-7.610601366499686e-20,4.646919468758723e-21,0,3,4,882
UCdLK54AVmEJ7SQ3dTuAJBsw,0.09090909090909091,0.0,0.0,0.00021639817263765327,9.678799041178392e-05,0.0,0.0,-1.216088550617026e-21,1,0,1,883
UCYK_HqZDEh4mUdUWiBtIUJw,0.09090909090909091,0.0,0.0,0.00021639817263765327,9.678799041178392e-05,0.0,0.0,3.812433453443502e-20,1,0,1,883
UCgrYR5dWGAke8nLP43dwL1A,0.09090909090909091,0.0,0.0,0.00021639817263765327,9.678799041178392e-05,0.0,0.0,4.065033154500333e-20,1,0,1,883
UCAHt9L5Wu2Es58Jqo8Wky6g,0.0,0.010135135135135136,0.0,0.0003606636210627555,7.554017998397095e-05,0.0,4.9001539985761514e-20,-6.738366631863384e-20,0,3,3,883
UC5ZlvYl2Bd4Q0uI0E826qUA,0.09090909090909091,0.0,0.0,0.00012022120702091849,0.00013928361126740993,0.0,0.0,5.615511140075735e-20,1,0,1,884
UC-VHoIYyon0aXY2JegdXrOQ,0.0,0.0033783783783783786,0.0,0.00012022120702091849,7.554017998397095e-05,0.0,3.547882161307764e-20,-1.052303657298164e-19,0,1,1,884
UCn0rHJG4x2E7cR5KeGzJoiQ,0.09090909090909091,0.0,0.0,0.00012022120702091849,0.00013928361126740993,0.0,0.0,1.0358133243174206e-20,1,0,1,885
UCfu2rtTFN62nq7loE7XHRdA,0.0,0.0033783783783783786,0.0,0.00012022120702091849,7.554017998397095e-05,0.0,6.544272683503406e-21,-1.1351305331914118e-20,0,1,1,885
UCwPTsozM-Qx4p0FZC0Je5XQ,0.45454545454545453,0.0,0.0,0.0006411797707782319,0.0004635496764715585,0.0,0.0,-4.533388034182339e-19,5,0,1,886
UCr9ma8iMSBHUaJBQZtArEBg,0.45454545454545453,0.006756756756756757,6.011783094865937e-07,0.0005918582499491372,0.00026677047383428783,0.0,-5.728392709250211e-19,5.262940472601245e-20,5,2,4,886
UC8eaX3lbXDeU7E9xrF2FhmA,0.09090909090909091,0.0,0.0,0.00032058988538911595,0.00010741189562569042,0.0,0.0,-1.437115738882355e-19,1,0,1,886
UCbm0_IwAqG2dADC0W1JJ_AQ,0.0,0.0033783783783783786,0.0,0.0004049556447020412,7.554017998397095e-05,0.0,-2.8641963546251054e-19,-2.1835671933694706e-20,0,1,1,886
UCF7ZkjP2HcUrz__OktvK0YA,0.0,0.006756756756756757,0.0,0.0004525974852552225,7.554017998397095e-05,0.0,-3.772166647360838e-19,-4.1917946649871384e-20,0,2,2,886
UCuFOknq4tvPzvFQ1VPKKKRA,0.36363636363636365,0.0,0.0,0.00048088482808367395,0.0003305139051177268,0.0,0.0,-9.483964403635206e-20,4,0,1,887
UCu6dS7maS205VYIzXhO0nFw,0.0,0.0033783783783783786,0.0,0.000274791330333528,7.554017998397095e-05,0.0,-5.991972464626145e-20,1.4784577915875281e-19,0,1,1,887
UC4aga2HRpExS7OV9dqGJwYw,0.0,0.0033783783783783786,0.0,0.000274791330333528,7.554017998397095e-05,0.0,-5.991972464626145e-20,2.920178073788737e-20,0,1,1,887
UCr6R5W8qMnyLeZkHDIeB02A,0.0,0.0033783783783783786,0.0,0.000274791330333528,7.554017998397095e-05,0.0,-5.991972464626145e-20,-8.694485143631469e-20,0,1,1,887
UCNX5uR53xKsiew4k-WH8W5g,0.0,0.0033783783783783786,0.0,0.000274791330333528,7.554017998397095e-05,0.0,-5.991972464626145e-20,-1.1384592072047585e-20,0,1,1,887
UCixQDZzXK8LKaWqc1tlmkKA,0.09090909090909091,0.0,0.0,0.00012022120702091849,0.00013928361126740993,0.0,0.0,6.795931112057723e-21,1,0,1,888
UCRLvaT1Xk8Q7SCxd9mKevPw,0.0,0.0033783783783783786,0.0,0.00012022120702091849,7.554017998397095e-05,0.0,4.293671966897896e-21,-6.036290935706031e-19,0,1,1,888
UCI2H-IAT3Vr7xV7uWWE3C5w,0.09090909090909091,0.0,0.0,0.00012022120702091849,0.00013928361126740993,0.0,0.0,3.1137027851373205e-19,1,0,1,889
UCa368hl9ryhTEKo82hgfeyw,0.0,0.0033783783783783786,0.0,0.00012022120702091849,7.554017998397095e-05,0.0,1.9672386522687962e-19,-4.071948135380837e-21,0,1,1,889
UC7T_aOTMvYRlCAPT0WnWEKA,0.45454545454545453,0.0,0.0,0.00024044241404183698,0.0002030270425508489,0.0,0.0,-1.3883025199397726e-18,5,0,1,890
UCQehLkUzvcfE2dNYuTMbfaw,0.0,0.010135135135135136,0.0,0.00016029494269455797,7.554017998397095e-05,0.0,-2.6313902450524777e-18,3.213397239459926e-19,0,3,3,890
UCyDAF4Y6TwKiyTE8QgZ3q9w,0.0,0.006756756756756757,0.0,0.00016029494269455797,7.554017998397095e-05,0.0,-1.754260163368318e-18,-2.6084525809284083e-20,0,2,2,890
UC75jOnfMHIxEXhGlMsomH8g,0.18181818181818182,0.0,0.0,0.00024044241404183698,0.0002030270425508489,0.0,0.0,3.5589771329420854e-19,2,0,1,891
UCoxY8dnUboD0ufSg19wayKQ,0.0,0.0033783783783783786,0.0,0.00016029494269455797,7.554017998397095e-05,0.0,2.2485631614822477e-19,-1.351184475437191e-20,0,1,1,891
UCd88qQ5jAxsc1obyt_y6SvQ,0.0,0.0033783783783783786,0.0,0.00016029494269455797,7.554017998397095e-05,0.0,2.2485631614822477e-19,2.1048519352568434e-21,0,1,1,891
UC-gLZPacrjglmRcCom-7kmg,0.09090909090909091,0.0,0.0,0.00012022120702091849,0.00013928361126740993,0.0,0.0,1.0490179888944628e-19,1,0,1,892
UCwLSh7sfOZMUgbNOskvBICQ,0.0,0.0033783783783783786,0.0,0.00012022120702091849,7.554017998397095e-05,0.0,6.627699806574358e-20,1.6854417437282037e-21,0,1,2,892
UCho-790upjz2PbsKhNqMrLQ,0.09090909090909091,0.0,0.0,0.00012022120702091849,0.00013928361126740993,0.0,0.0,-5.90351462440218e-20,1,0,1,893
UC1k6p6w6kXvKB9RAktc0-Wg,0.0,0.0033783783783783786,0.0,0.00012022120702091849,7.554017998397095e-05,0.0,-3.729842876716921e-20,-1.2255248740434185e-20,0,1,2,893
UCyaP6TLFvEceMjeMOaFLm8Q,0.09090909090909091,0.0,0.0,0.00012022120702091849,0.00013928361126740993,0.0,0.0,3.9339753505749125e-20,1,0,2,894
UCQyk9KhcMTy0Qjn9OpTY7MQ,0.0,0.0033783783783783786,0.0,0.00012022120702091849,7.554017998397095e-05,0.0,2.485487183832913e-20,4.363070635665354e-20,0,1,1,894
UCOvcireyQtcIOpUEnd2p4Lw,0.09090909090909091,0.0,0.0,0.00012022120702091849,0.00013928361126740993,0.0,0.0,2.969176877497857e-20,1,0,1,895
UCtho1YsL1nhSzKtWChQT3XA,0.0,0.0033783783783783786,0.0,0.00012022120702091849,7.554017998397095e-05,0.0,1.8759271266088276e-20,5.610841571632372e-21,0,1,1,895
UCFRI3MpxWloOW7oxjB5l1eA,0.09090909090909091,0.0,0.0,0.00012022120702091849,0.00013928361126740993,0.0,0.0,3.702955852741586e-20,1,0,1,896
UCqQ6wYjqzrCKVPwygD-ItZA,0.0,0.0033783783783783786,0.0,0.00012022120702091849,7.554017998397095e-05,0.0,2.3395289736483127e-20,8.759463226593295e-20,0,1,1,896
UC1HGtiER7MSZagDR_GxgoAA,0.09090909090909091,0.0,0.0,0.00012022120702091849,0.00013928361126740993,0.0,0.0,3.170688079721514e-21,1,0,1,897
UCCtsYx0HbPG3Y3sN3gATfUQ,0.0,0.0033783783783783786,0.0,0.00012022120702091849,7.554017998397095e-05,0.0,2.003241983945813e-21,2.4942759619990348e-20,0,1,1,897
UCEjDpCwG9vpRYS-qW3wYsUg,0.09090909090909091,0.0,0.0,0.00012022120702091849,0.00013928361126740993,0.0,0.0,-2.7952169238800383e-21,1,0,1,898
UCo7Rw9Ajl7Xt5H9HmuMUWUw,0.0,0.0033783783783783786,0.0,0.00012022120702091849,7.554017998397095e-05,0.0,-1.7660191590477016e-21,-8.085678758788662e-20,0,1,2,898
UCTIp1sen6lAqtPs4Ziy-jfw,0.09090909090909091,0.0,0.0,0.00012022120702091849,0.00013928361126740993,0.0,0.0,3.544133911311766e-20,1,0,1,899
UCyoaHb4G8H9GUeNQmr54hWQ,0.0,0.0033783783783783786,0.0,0.00012022120702091849,7.554017998397095e-05,0.0,2.2391852081802376e-20,4.435324219872241e-19,0,1,1,899
UCuGd-QjfKBlaR0uMOSFvE4g,0.36363636363636365,0.0,0.0,0.0003606636210627555,0.00026677047383428783,0.0,0.0,-1.515937238069351e-19,4,0,2,900
UCQENGH6nsp5kW7Dd-46bdtA,0.0,0.0033783783783783786,0.0,0.00021639817263765327,7.554017998397095e-05,0.0,-9.577697471250808e-20,-2.0674813582925005e-19,0,1,1,900
UCIYdb5Q4RuU7hhwRtf9--iA,0.0,0.006756756756756757,0.0,0.00021639817263765327,7.554017998397095e-05,0.0,-1.9155394942501615e-19,-1.0820796554027298e-20,0,2,2,900
UCw9IR9PGhTfFHqpC-TnB5hQ,0.0,0.0033783783783783786,0.0,0.00021639817263765327,7.554017998397095e-05,0.0,-9.577697471250808e-20,-1.7814013448784256e-19,0,1,2,900
UC7NNUrPfn8-njfi-1alJruw,0.09090909090909091,0.0,0.0,0.00012022120702091849,0.00013928361126740993,0.0,0.0,9.409624520740834e-21,1,0,1,901
UCvJgA7OpWfEhubr9LeJ_sLg,0.0,0.0033783783783783786,0.0,0.00012022120702091849,7.554017998397095e-05,0.0,5.94500449718461e-21,2.4177916752156847e-20,0,1,1,901
UCB6FR1IUZmbI3qm3ukSPExg,0.18181818181818182,0.0,0.0,0.00024044241404183698,0.0002030270425508489,0.0,0.0,9.063477548316293e-20,2,0,1,902
UCZBFk5dhYTa1wP2nq8H3-Rw,0.0,0.0033783783783783786,0.0,0.00016029494269455797,7.554017998397095e-05,0.0,5.726308702977859e-20,-1.524811540106867e-19,0,1,1,902
UCoRiR79ktawpxWaDqP2kBqQ,0.0,0.0033783783783783786,0.0,0.00016029494269455797,7.554017998397095e-05,0.0,5.726308702977859e-20,1.037439862252041e-19,0,1,1,902
UCxPrPSUdS-W-n9ExXGwuv4Q,0.09090909090909091,0.0,0.0,0.00012022120702091849,0.00013928361126740993,0.0,0.0,1.4730847239663333e-20,1,0,1,903
UCbhvBFXcXNHCjtAZJ2WP41g,0.0,0.0033783783783783786,0.0,0.00012022120702091849,7.554017998397095e-05,0.0,9.306955117508037e-21,-7.047196506885054e-20,0,1,1,903
UCNqrEF9J2Wgms0zp7DGMrtQ,0.09090909090909091,0.0,0.0,0.00012022120702091849,0.00013928361126740993,0.0,0.0,7.18196722234799e-20,1,0,1,904
UC_ZDZJ6Pw87X-ezQ9Y23Gqw,0.0,0.0033783783783783786,0.0,0.00012022120702091849,7.554017998397095e-05,0.0,4.537569734199094e-20,4.157439499345447e-21,0,1,1,904
UCFxG1xkVlTLbbZFlTl9tNrA,0.45454545454545453,0.0,0.0,0.023164029355808694,0.0005947358115630722,0.0,0.0,1.7269828153496254e-19,5,0,1,905
UCwr7mCMjrhaBlgcd01XSooA,0.45454545454545453,0.0033783783783783786,0.0,0.02209671258784627,0.0003942573364011658,0.0,1.0911084263972025e-19,1.1531592811349741e-19,5,1,2,905
UC_bY2mBZoUVknfTpbEAtJqg,0.36363636363636365,0.0,0.0,0.03046826660735446,0.00034298744659395117,0.0,0.0,1.3744330645207418e-19,4,0,2,905
UCrhyd4XZdXYVx9yq92fzuGw,0.36363636363636365,0.006756756756756757,0.0,0.027073268350123986,0.00028801828426210086,0.0,-2.4244374301890027e-20,-5.775064436024477e-19,4,2,3,905
UC57hpFvNTYFrb1644a3EaxQ,0.2727272727272727,0.0,0.0,0.02563277013922597,0.00028401840789002636,0.0,0.0,-5.47548292277185e-20,3,0,2,905
UCPB-pnvErRExAOEFdSXwPJA,0.09090909090909091,0.0,0.0,0.00012022120702091849,0.00013928361126740993,0.0,0.0,1.4660091786093024e-19,1,0,1,906
UCKjYYO27HjN2-1ciOpEiJMw,0.0,0.0033783783783783786,0.0,0.00012022120702091849,7.554017998397095e-05,0.0,9.262251793932411e-20,-1.8782119658444648e-19,0,1,2,906
UCa2VJblmze2oKiMob8K7-9Q,0.36363636363636365,0.0,0.0,0.00048088482808367395,0.0003305139051177268,0.0,0.0,3.769980754016437e-20,4,0,1,907
UCtDpjbIBLUEI5wIl5nwOoqw,0.0,0.0033783783783783786,0.0,0.000274791330333528,7.554017998397095e-05,0.0,2.381875332806858e-20,-4.457853454161696e-20,0,1,2,907
UC8T-4PnHk0kOg5Q5BqONwgQ,0.0,0.0033783783783783786,0.0,0.000274791330333528,7.554017998397095e-05,0.0,2.381875332806858e-20,-1.0064532342874338e-19,0,1,1,907
UCaj_sn-eiOvgz-htLVgFyxA,0.0,0.0033783783783783786,0.0,0.000274791330333528,7.554017998397095e-05,0.0,2.381875332806858e-20,-1.8290528140249882e-19,0,1,2,907
UCXa3NuU83E_oaCv_C2TzgKg,0.0,0.0033783783783783786,0.0,0.000274791330333528,7.554017998397095e-05,0.0,2.381875332806858e-20,-1.0891957745796632e-19,0,1,1,907
UCeMUGNs6NGucRdKfYbmxjPA,0.09090909090909091,0.0,0.0,0.00012022120702091849,0.00013928361126740993,0.0,0.0,-5.2714614330864886e-20,1,0,1,908
UCA3z7mXZS_ek1nzxKQ8UNIg,0.0,0.0033783783783783786,0.0,0.00012022120702091849,7.554017998397095e-05,0.0,-3.330511420233275e-20,-2.3309245405013766e-20,0,1,1,908
UCDPYbsNlUFiTxBYqkfJgggg,0.09090909090909091,0.0,0.0,0.00016029494269455797,0.00010741189562569042,0.0,0.0,1.026831060642128e-20,1,0,1,909
UC4_tSemLDcj1xQBeq-vtrIA,0.09090909090909091,0.0,0.0,0.00016029494269455797,0.00010741189562569042,0.0,0.0,5.922487674140415e-20,1,0,1,909
UCt5VO4xj52lnzLxN2FRwNGA,0.0,0.006756756756756757,0.0,0.00024044241404183698,7.554017998397095e-05,0.0,4.390582327656873e-20,4.875783679701742e-20,0,2,2,909
UClh2x9ujAiubheeu68jqrxQ,0.45454545454545453,0.0,0.0,0.03438535555810386,0.00028617739016968376,0.0,0.0,1.3099538878750636e-10,5,0,1,910
UC5dsVW7RHdpx7tC-Z-joL0g,0.45454545454545453,0.0,0.0,0.03439592419025877,0.0002005481313342707,0.0,0.0,2.5694034260331e-10,5,0,1,910
UCfpQLWf9W1O-CTH3mbwjKrg,0.45454545454545453,0.0,0.0,0.03439032822291098,0.00019056224324452532,0.0,0.0,1.3185642023699996e-10,5,0,1,910
UCpsWjFglU-00HGfUZHmwJTg,0.36363636363636365,0.0,0.0,0.040069896940966604,0.00018390401316581718,0.0,0.0,3.8893306069564395e-08,4,0,2,910
UCvHTA4eekgwMWT-mBWBDs6A,0.18181818181818182,0.0,0.0,0.03207943084721456,0.00017665224314231443,0.0,0.0,1.3797758890380265e-17,2,0,1,910
UCuotYNwVZUvBDMqnivNlYrw,0.09090909090909091,0.0,0.0,0.00012022120702091849,0.00013928361126740993,0.0,0.0,3.954084964675621e-21,1,0,1,911
UCmM0udGyewq7Zx3KaQNH8BQ,0.0,0.0033783783783783786,0.0,0.00012022120702091849,7.554017998397095e-05,0.0,2.4981924459825175e-21,-2.2339222128968472e-20,0,1,1,911
UCi9k8KZfKhcMt4_17j2Ekpg,0.09090909090909091,0.0,0.0,0.00012022120702091849,0.00013928361126740993,0.0,0.0,-4.567193166384254e-20,1,0,2,912
UCwl-LG3FsfsbFA-RbHdxugw,0.0,0.0033783783783783786,0.0,0.00012022120702091849,7.554017998397095e-05,0.0,-2.8855544505326866e-20,-6.602139114864833e-20,0,1,1,912
UCIon2Ov95dkKRch8JlFuy7A,0.45454545454545453,0.0,0.0,0.0006491945179129599,0.0003198899999038203,0.0,0.0,-1.5268353288966305e-19,5,0,1,913
UCppAQtRFxcVPjWrhKXT-nwg,0.36363636363636365,0.0,0.0,0.0005125219878260209,0.00022427485297866185,0.0,0.0,-1.9170122810974943e-19,4,0,1,913
UCeCtKKqalU8x7kOPnRTifaQ,0.18181818181818182,0.0,0.0,0.00046371036993782846,0.0001286597060535034,0.0,0.0,2.938533502741933e-20,2,0,2,913
UCyOA6crVfEpNLUklDBQXcAA,0.0,0.006756756756756757,0.0,0.00046371036993782846,7.554017998397095e-05,0.0,-7.78998502193248e-20,-2.3869377753832952e-20,0,2,2,913
UC8t4QnKaRNlhmHx7HUuYp8Q,0.0,0.010135135135135136,0.0,0.0006491945179129599,7.554017998397095e-05,0.0,-1.990167620276767e-19,2.916362860584779e-21,0,3,3,913
UC2ibcLjbVT1e3f4CXabnoAA,0.2727272727272727,0.0,0.0,0.00042936145364613743,0.00037670879849798855,0.0,0.0,3.436387301381884e-21,3,0,1,914
UC068stQ8QscKVKEYGE7NaJQ,0.18181818181818182,0.0033783783783783786,0.0,0.00042936145364613743,0.0002030270425508489,0.0,2.1711108573729732e-21,2.699773672362013e-19,2,1,3,914
UC3FmIMWwvKu4W1ArzNQlrTg,0.0,0.0033783783783783786,0.0,0.0002732300159566329,7.554017998397095e-05,0.0,2.1711108573729732e-21,1.2920347989603026e-22,0,1,1,914
UCKFy1fShQsPRweK0Mtc3fSw,0.0,0.0033783783783783786,0.0,0.0002732300159566329,7.554017998397095e-05,0.0,2.1711108573729732e-21,-1.486609751565705e-19,0,1,1,914
UCryVKdPk_zTQW0Vsfoqk9zw,0.0,0.0033783783783783786,0.0,0.0002732300159566329,7.554017998397095e-05,0.0,1.7057180749555693e-19,-1.6122544530990675e-19,0,1,1,914
UCJLsORxj3o0O1-6Wu2jSQGg,0.18181818181818182,0.0,0.0,0.00024044241404183698,0.0002030270425508489,0.0,0.0,-3.321772167479474e-19,2,0,1,915
UCiOGB8oSezzx2MkcglLvf_w,0.0,0.0033783783783783786,0.0,0.00016029494269455797,7.554017998397095e-05,0.0,-2.0986969704008288e-19,3.6306288799399084e-20,0,1,1,915
UCBaCDdRhI47kObTbvoIAF2w,0.0,0.0033783783783783786,0.0,0.00016029494269455797,7.554017998397095e-05,0.0,-2.0986969704008288e-19,-1.6293625474752231e-19,0,1,1,915
UCXpGxfHeIi2jbXGIovQ-pzg,0.18181818181818182,0.0,0.0,0.00024044241404183698,0.0002030270425508489,0.0,0.0,-1.4585242054327123e-19,2,0,1,916
UCY-tLh-20n_ov-CodMJmZPA,0.0,0.0033783783783783786,0.0,0.00016029494269455797,7.554017998397095e-05,0.0,-9.214961703772011e-20,3.456838216476328e-20,0,1,2,916
UCLEmdcsZA57JTPaV2wJOJCw,0.0,0.0033783783783783786,0.0,0.00016029494269455797,7.554017998397095e-05,0.0,-9.214961703772011e-20,1.8279821240949712e-20,0,1,1,916
UCAiGCzZPf6zWCRSJUBLpW1w,0.09090909090909091,0.0,0.0,0.00012022120702091849,0.00013928361126740993,0.0,0.0,-1.7067500841627985e-19,1,0,1,917
UCQaydiUcrvaToniVnHF76Rw,0.0,0.0033783783783783786,0.0,0.00012022120702091849,7.554017998397095e-05,0.0,-1.07832537882385e-19,2.5786494060326277e-21,0,1,1,917
UC70L4fble-w_3gme5WXQdeQ,0.09090909090909091,0.0,0.0,0.00012022120702091849,0.00013928361126740993,0.0,0.0,9.877366289494687e-20,1,0,1,918
UC-wef_dnDGQ9FEYUWxranZA,0.0,0.0033783783783783786,0.0,0.00012022120702091849,7.554017998397095e-05,0.0,6.240523931847854e-20,-1.122792720051578e-19,0,1,1,918
UCy4ZP_2sD2wjh6cdZdNmmzA,0.09090909090909091,0.0,0.0,0.00012022120702091849,0.00013928361126740993,0.0,0.0,8.97241925259357e-20,1,0,1,919
UCsVDF5V1E4MKBYbuVww9cUw,0.0,0.0033783783783783786,0.0,0.00012022120702091849,7.554017998397095e-05,0.0,5.668778035693067e-20,9.146634412887193e-21,0,1,1,919
UC79sFm0_1xN7JeX6qQd8KlA,0.09090909090909091,0.0,0.0,0.00012022120702091849,0.00013928361126740993,0.0,0.0,5.0732977506539146e-20,1,0,1,920
UCDVCX3hzv3WqAviZM6cspGA,0.0,0.0033783783783783786,0.0,0.00012022120702091849,7.554017998397095e-05,0.0,3.205311527225476e-20,3.7652790683785867e-20,0,1,1,920
UC9TBUSmhlElfv5sxDbEiavA,0.09090909090909091,0.0,0.0,0.00012022120702091849,0.00013928361126740993,0.0,0.0,4.938213070396109e-20,1,0,1,921
UCE8WZhyJuEagL9eOQaHrvAA,0.0,0.0033783783783783786,0.0,0.00012022120702091849,7.554017998397095e-05,0.0,3.1199649727627294e-20,-4.1154755538534446e-19,0,1,2,921
UCqEzgmKSxtAvU3gnEG3IBqA,0.09090909090909091,0.0,0.0,0.00012022120702091849,0.00013928361126740993,0.0,0.0,-1.3937051362629333e-19,1,0,1,922
UCT1ElkAys44g3g1EYrbHP0g,0.0,0.0033783783783783786,0.0,0.00012022120702091849,7.554017998397095e-05,0.0,-8.805434568158614e-20,2.755620346548903e-20,0,1,1,922
UCW5EQ1ifHmcQH1D6XAMO8MA,0.09090909090909091,0.0,0.0,0.00012022120702091849,0.00013928361126740993,0.0,0.0,-5.942662632610075e-20,1,0,1,923
UC7cYp_NVFcFi_74ZTL1rZlQ,0.0,0.0033783783783783786,0.0,0.00012022120702091849,7.554017998397095e-05,0.0,-3.75457660380016e-20,6.901618342042656e-21,0,1,1,923
UC-E2Cg1R-kAM9s0Msuo2ylQ,0.09090909090909091,0.0,0.0,0.00012022120702091849,0.00013928361126740993,0.0,0.0,3.044948940687588e-19,1,0,1,924
UCfqt2hmV1XkwSKeOJ3fgJOg,0.0,0.0033783783783783786,0.0,0.00012022120702091849,7.554017998397095e-05,0.0,1.9237999461279258e-19,2.799301000449195e-20,0,1,1,924
UCUTuuUrQtAZCvtQsKLc6x5Q,0.09090909090909091,0.0,0.0,0.00012022120702091849,0.00013928361126740993,0.0,0.0,-8.026197704600228e-20,1,0,2,925
UCGRTy_oUUZhsEiw--hsBKdQ,0.0,0.0033783783783783786,0.0,0.00012022120702091849,7.554017998397095e-05,0.0,-5.070954887090905e-20,-1.7158533020856272e-19,0,1,1,925
UCda7lFuhnCEeVGicEhK0Pxw,0.09090909090909091,0.0,0.0,0.00012022120702091849,0.00013928361126740993,0.0,0.0,-1.2948897938204507e-20,1,0,2,926
UCL8XgzXT6M1t2fTWnKrp6EA,0.0,0.0033783783783783786,0.0,0.00012022120702091849,7.554017998397095e-05,0.0,-8.181118843427502e-21,1.3319951837310466e-20,0,1,1,926
UCjLzjQjvG6QMQ-QFBNctP0A,0.09090909090909091,0.0,0.0,0.00012022120702091849,0.00013928361126740993,0.0,0.0,-6.391481635110295e-21,1,0,1,927
UC-4Rck7aGbLWY0W2ZM9XkKQ,0.0,0.0033783783783783786,0.0,0.00012022120702091849,7.554017998397095e-05,0.0,-4.03814062725342e-21,6.135359217405855e-21,0,1,1,927
UCf-iZc77p7-pVC8Tj-LexPw,0.18181818181818182,0.0,0.0,0.00012022120702091849,0.00013928361126740993,0.0,0.0,1.2551384985121513e-19,2,0,4,928
UCkE6dv4OSARPHD0eBt-OILA,0.0,0.006756756756756757,0.0,0.00012022120702091849,7.554017998397095e-05,0.0,1.5859940004613064e-19,7.513512361361076e-21,0,2,2,928
UCbeOftEXuogNJWYjyVd_JLw,0.09090909090909091,0.0,0.0,0.00012022120702091849,0.00013928361126740993,0.0,0.0,1.4542537966362274e-20,1,0,1,929
UCdwwKVxB8IRZHSYE3jDlDmw,0.0,0.0033783783783783786,0.0,0.00012022120702091849,7.554017998397095e-05,0.0,9.187981244090586e-21,1.2597791701332894e-20,0,1,1,929
UCAdprrd8RVzyJOllsgtK9Fg,0.18181818181818182,0.0,0.0,0.00024044241404183698,0.0002030270425508489,0.0,0.0,-1.3922699782325176e-19,2,0,1,930
UCVemlYo-pPpBdt_r2ZzYzRQ,0.0,0.0033783783783783786,0.0,0.00016029494269455797,7.554017998397095e-05,0.0,-8.7963672340411e-20,-1.110646125510439e-19,0,1,1,930
UCcyTqP4wpBbyTNj1rBzZU1w,0.0,0.0033783783783783786,0.0,0.00016029494269455797,7.554017998397095e-05,0.0,-8.7963672340411e-20,-1.4748449465010514e-19,0,1,1,930
UCbpaqW_zGPP90WLXeaQrsxA,0.09090909090909091,0.0,0.0,0.00012022120702091849,0.00013928361126740993,0.0,0.0,7.713160034155889e-20,1,0,1,931
UC_zxSEmHFNLPBcULRRUnm9A,0.0,0.0033783783783783786,0.0,0.00012022120702091849,7.554017998397095e-05,0.0,4.873177562982199e-20,-3.5121525356901076e-20,0,1,1,931
UC7QyBFmQN6CnnJFJ-R5vhFA,0.45454545454545453,0.0,0.0,0.0009111502005795928,0.0007790414727241184,0.0,0.0,-8.765978551059854e-20,5,0,1,932
UCYrZScOGkOOAZ5QDc5M9hEg,0.45454545454545453,0.0033783783783783786,0.0,0.0008655926905506131,0.0003942573364011658,0.0,-5.538348718740551e-20,8.00903932074643e-20,5,1,2,932
UCGJsYqL0dQxdBX_2DXj88dw,0.45454545454545453,0.0033783783783783786,0.0,0.0006658405311927793,0.0002030270425508489,0.0,-5.538348718740551e-20,-9.84276473077137e-19,5,1,2,932
UCL1qdyLjfvGPhywrL8ro6iA,0.0,0.0033783783783783786,0.0,0.0005770617937004088,7.554017998397095e-05,0.0,-5.538348718740551e-20,5.922096343130828e-20,0,1,1,932
UCloHYo6dO1E_i4KQPzBuAKg,0.0,0.0033783783783783786,0.0,0.0005770617937004088,7.554017998397095e-05,0.0,-5.538348718740551e-20,6.877469511963196e-22,0,1,1,932
UCsteeWiHmscvanYawy94hXg,0.09090909090909091,0.0,0.0,0.00012022120702091849,0.00013928361126740993,0.0,0.0,-1.3886804132751823e-19,1,0,1,933
UCVfibKQMG1eUl4clpw6BEXQ,0.0,0.0033783783783783786,0.0,0.00012022120702091849,7.554017998397095e-05,0.0,-8.773688348430672e-20,2.2789852816655068e-19,0,1,1,933
UCxx2LfHKZyjsnnidYZao6wg,0.09090909090909091,0.0,0.0,0.00012022120702091849,0.00013928361126740993,0.0,0.0,2.7656380273190546e-19,1,0,3,934
UCdIHwHB6kyPcRToR3k0T1iA,0.0,0.0033783783783783786,0.0,0.00012022120702091849,7.554017998397095e-05,0.0,1.7473312004910978e-19,4.811536112378706e-21,0,1,1,934
UCb8_ZUup2F3TQhwvBRBr0Lw,0.18181818181818182,0.0,0.0,0.00024044241404183698,0.0002030270425508489,0.0,0.0,2.5521176533972996e-20,2,0,1,935
UChttiXhOCUZTeC8_VQnNnhg,0.0,0.0033783783783783786,0.0,0.00016029494269455797,7.554017998397095e-05,0.0,1.612428943721193e-20,7.456070971078092e-21,0,1,2,935
UCIx2OQkyFB47vWqkqq_J9XA,0.0,0.0033783783783783786,0.0,0.00016029494269455797,7.554017998397095e-05,0.0,1.612428943721193e-20,1.332003945512026e-20,0,1,1,935
UC7tikn6r1VtWu85frxNpsHw,0.09090909090909091,0.0,0.0,0.00016029494269455797,0.00010741189562569042,0.0,0.0,-4.075309275216862e-20,1,0,1,936
UCi0rTuaJf8Bgh3LE2r4DXlg,0.09090909090909091,0.0,0.0,0.00016029494269455797,0.00010741189562569042,0.0,0.0,3.205239987282525e-19,1,0,1,936
UC1d_zj_A7Vr95R7dXkf44RQ,0.0,0.006756756756756757,0.0,0.00024044241404183698,7.554017998397095e-05,0.0,1.7675936914837513e-19,-1.2035503452616238e-19,0,2,3,936
UCQn8PP1NBF2OS49glVDY08A,0.09090909090909091,0.0,0.0,0.00012022120702091849,0.00013928361126740993,0.0,0.0,3.0172408091330703e-19,1,0,1,937
UCWO3SGjdOcIlYJb96IR4wdg,0.0,0.0033783783783783786,0.0,0.00012022120702091849,7.554017998397095e-05,0.0,1.9062939376429855e-19,-5.1541450842056044e-20,0,1,1,937
UCCmvQbvF1MALnsSUEChq4Dw,0.09090909090909091,0.0,0.0,0.00012022120702091849,0.00013928361126740993,0.0,0.0,2.8873238433537845e-19,1,0,1,938
UCAHp6xqdutFHnGXav6RG1QQ,0.0,0.0033783783783783786,0.0,0.00012022120702091849,7.554017998397095e-05,0.0,1.824212347233507e-19,-2.3643842308960928e-20,0,1,1,938
UC2x3_4uLiLzeRGSptuLfjPQ,0.09090909090909091,0.0,0.0,0.00012022120702091849,0.00013928361126740993,0.0,0.0,1.436746288195562e-20,1,0,1,939
UCDIkWVTtaxOezugiZyJW16A,0.0,0.0033783783783783786,0.0,0.00012022120702091849,7.554017998397095e-05,0.0,9.077368736455628e-21,-4.531094037395806e-20,0,1,1,939
UCMyUSiRkK0XMKf0yC_lkahg,0.09090909090909091,0.0,0.0,0.00012022120702091849,0.00013928361126740993,0.0,0.0,-2.352665286166947e-20,1,0,1,940
UCgCXL0fAUpxXVOjWI1gcyQw,0.0,0.0033783783783783786,0.0,0.00012022120702091849,7.554017998397095e-05,0.0,-1.486414859148007e-20,4.877091067064088e-20,0,1,3,940
UC4XihfI0H4AYOA_S16hzKNQ,0.09090909090909091,0.0,0.0,0.00012022120702091849,0.00013928361126740993,0.0,0.0,-1.724510685728949e-20,1,0,1,941
UCLHq65mfR_PqPRUrfvps3Ow,0.0,0.0033783783783783786,0.0,0.00012022120702091849,7.554017998397095e-05,0.0,-1.0895465339242192e-20,-4.1161167055922666e-20,0,1,1,941
UCOYNt2ecn2bxI1KyFWNwKbg,0.2727272727272727,0.0,0.0,0.0003606636210627555,0.00026677047383428783,0.0,0.0,4.6759852542694003e-20,3,0,1,942
UCSvjvjn-eLvcO7mnDzQ1R6A,0.0,0.0033783783783783786,0.0,0.00021639817263765327,7.554017998397095e-05,0.0,2.9542893347259586e-20,-1.1325475985050595e-19,0,1,1,942
UC6djU_1a6G6_-wtPuTwoohQ,0.0,0.0033783783783783786,0.0,0.00021639817263765327,7.554017998397095e-05,0.0,2.9542893347259586e-20,-1.6981389678196302e-20,0,1,1,942
UCYy2o4-N4dK4uy8np0tK7ZA,0.0,0.0033783783783783786,0.0,0.00021639817263765327,7.554017998397095e-05,0.0,2.9542893347259586e-20,-1.0188523370496098e-19,0,1,1,942
UC1X02MgfyRdfQmLaieEVRTQ,0.09090909090909091,0.0,0.0,0.00012022120702091849,0.00013928361126740993,0.0,0.0,-2.7019318885882896e-19,1,0,1,943
UCuzSKt4KEyos5_fROFI7tCw,0.0,0.0033783783783783786,0.0,0.00012022120702091849,7.554017998397095e-05,0.0,-1.7070816368217023e-19,-1.1880161150518971e-20,0,1,1,943
UCBJbt8CjTaonweTu0nxGAKQ,0.45454545454545453,0.0,0.0,0.00048088482808367395,0.000357998486283652,0.0,0.0,4.7199827200042246e-20,5,0,1,944
UChccSjhRStS2hMpYeTR-6Pg,0.09090909090909091,0.006756756756756757,0.0,0.00043279634527530655,0.00010741189562569042,0.0,5.964173901988925e-20,2.150393526004317e-19,1,2,3,944
UCSlNynR2HY_0dfLPL_AcUtw,0.09090909090909091,0.0,0.0,0.00024044241404183698,0.00010741189562569042,0.0,0.0,-5.733006579641053e-20,1,0,1,944
UC2TxUZ_IjOa7z74Jb4iNpeg,0.0,0.0033783783783783786,0.0,0.00030914024662521896,7.554017998397095e-05,0.0,2.9820869509944625e-20,-8.048455050381723e-21,0,1,1,944
UCqZuU0DVZ9aSK0UFM2mahoA,0.0,0.0033783783783783786,0.0,0.00030914024662521896,7.554017998397095e-05,0.0,2.9820869509944625e-20,1.8028653052100994e-19,0,1,2,944
UC2IQSyjYcJFAi3dQ3Vi0bug,0.45454545454545453,0.0,0.0,0.0006011060351045924,0.0003942573364011658,0.0,0.0,-2.444670917281716e-19,5,0,1,945
UCm0f1hxD-pj7OVv-jCW9Dyw,0.0,0.0033783783783783786,0.0,0.0003339477972803291,7.554017998397095e-05,0.0,-1.5445440533085137e-19,-3.715251730899159e-21,0,1,1,945
UCgM2CEHIQ0L1lUTVgyubYGA,0.0,0.0033783783783783786,0.0,0.0003339477972803291,7.554017998397095e-05,0.0,-1.5445440533085137e-19,-2.7760280616464537e-21,0,1,1,945
UC240bwM_hqS-ZwwYDpQs85g,0.0,0.0033783783783783786,0.0,0.0003339477972803291,7.554017998397095e-05,0.0,-1.5445440533085137e-19,-2.699119888234402e-20,0,1,3,945
UCNnqdODhqe2sJ0MtIC7fBFQ,0.0,0.0033783783783783786,0.0,0.0003339477972803291,7.554017998397095e-05,0.0,-1.5445440533085137e-19,4.2458553262178923e-20,0,1,1,945
UCjDQmZCULxp2ZSJVaFIdnHQ,0.09090909090909091,0.0,0.0,0.00016029494269455797,0.00010741189562569042,0.0,0.0,9.820845729117728e-20,1,0,1,946
UCQELvhzdCWOLw8lV5a77cIg,0.09090909090909091,0.0,0.0,0.00016029494269455797,0.00010741189562569042,0.0,0.0,5.89480789972744e-20,1,0,1,946
UCyZgVQA5JIbiut3B8ykj0oQ,0.0,0.006756756756756757,0.0,0.00024044241404183698,7.554017998397095e-05,0.0,9.92915618404764e-20,3.994119314209393e-20,0,2,3,946
UCF35KQ4vVOE6bC3WFkjm6kw,0.09090909090909091,0.0,0.0,0.00012022120702091849,0.00013928361126740993,0.0,0.0,2.9848319233976836e-21,1,0,1,947
UCA11heUTBqW7e8q8Vy0qc2g,0.0,0.0033783783783783786,0.0,0.00012022120702091849,7.554017998397095e-05,0.0,1.8858179908056883e-21,1.8719236503992002e-20,0,1,1,947
UC2U9gfjYIjNm4-toe8mei3w,0.45454545454545453,0.0,0.0,0.0006011060351045924,0.0003942573364011658,0.0,0.0,2.396339901285722e-19,5,0,1,948
UCbboQ0ki2GTBJLQ6x-TlSrw,0.0,0.0033783783783783786,0.0,0.0003339477972803291,7.554017998397095e-05,0.0,1.5140084982694838e-19,-1.52437455742987e-19,0,1,1,948
UCU2t1e3Tqieo5fDN2KRFELw,0.0,0.0033783783783783786,0.0,0.0003339477972803291,7.554017998397095e-05,0.0,1.5140084982694838e-19,-1.2115416150357313e-21,0,1,1,948
UC_ehd9vxpTpCagdwgfo1NAw,0.0,0.0033783783783783786,0.0,0.0003339477972803291,7.554017998397095e-05,0.0,1.5140084982694838e-19,-2.6275367873126165e-20,0,1,1,948
UCrTvnxkMMmGi5k-rIXhV5BA,0.0,0.0033783783783783786,0.0,0.0003339477972803291,7.554017998397095e-05,0.0,1.5140084982694838e-19,3.938081129708598e-20,0,1,2,948
UCuhUtxj2iWGXVmecz6IUxhA,0.18181818181818182,0.0,0.0,0.00024044241404183698,0.0002030270425508489,0.0,0.0,1.8766916550959378e-20,2,0,1,949
UCVj8sVlIGJaPmjiKh1Q24pw,0.0,0.0033783783783783786,0.0,0.00016029494269455797,7.554017998397095e-05,0.0,1.1856945306140415e-20,-1.3124613768272212e-20,0,1,1,949
UCH6dKwrXUfp2sZj4k1_RcHA,0.0,0.0033783783783783786,0.0,0.00016029494269455797,7.554017998397095e-05,0.0,1.1856945306140415e-20,-5.797819504321353e-20,0,1,1,949
UCpEpgKOOoLapvdKyuBAnt0g,0.2727272727272727,0.0,0.0,0.0003606636210627555,0.00026677047383428783,0.0,0.0,-2.2237756310663485e-19,3,0,1,950
UCQ85q1Zt39WyvHr8hLWRbkA,0.0,0.0033783783783783786,0.0,0.00021639817263765327,7.554017998397095e-05,0.0,-1.4049823240320036e-19,-2.577203982319452e-20,0,1,1,950
UCqGUPEAYiEAfXHTVBtpEyug,0.0,0.0033783783783783786,0.0,0.00021639817263765327,7.554017998397095e-05,0.0,-1.4049823240320036e-19,-2.5535353837837277e-20,0,1,2,950
UCb5C4CWvWWTKxSl_FigWSwg,0.0,0.0033783783783783786,0.0,0.00021639817263765327,7.554017998397095e-05,0.0,-1.4049823240320036e-19,-3.639548710134086e-21,0,1,1,950
UCR3BnJ16ajSnGb3dzx28qfg,0.09090909090909091,0.0,0.0,0.00012022120702091849,0.00013928361126740993,0.0,0.0,6.005367007954281e-20,1,0,1,951
UCdedjA7WVyiSYARqvEi0-Ow,0.0,0.0033783783783783786,0.0,0.00012022120702091849,7.554017998397095e-05,0.0,3.794193252965361e-20,-1.4083487040215722e-19,0,1,1,951
UCsL-FnqhxkWe-aJVsKM5t6w,0.2727272727272727,0.0,0.0,0.00024044241404183698,0.0002030270425508489,0.0,0.0,-2.864218978591276e-20,3,0,1,952
UCKtMWCJpLsso6sMe8Mslhow,0.0,0.006756756756756757,0.0,0.00016029494269455797,7.554017998397095e-05,0.0,-3.6192293690601e-20,5.1982875287479127e-20,0,2,2,952
UCeNQAQLB1ZmUKHEYBFHxMIg,0.0,0.0033783783783783786,0.0,0.00016029494269455797,7.554017998397095e-05,0.0,-1.80961468453005e-20,-9.549688496500385e-20,0,1,2,952
UCsLYGjma2Ttw8Ixqc52rrnQ,0.09090909090909091,0.0,0.0,0.00012022120702091849,0.00013928361126740993,0.0,0.0,1.0144848223443e-19,1,0,1,953
UCX3V0D1hzra0jQBe2th5Q8Q,0.0,0.0033783783783783786,0.0,0.00012022120702091849,7.554017998397095e-05,0.0,6.409519123604259e-20,4.469187636371834e-20,0,1,1,953
UCTzwx08H5xuEkF9eKpl5ENQ,0.36363636363636365,0.0,0.0,0.0005890839144025006,0.00028270633165514755,0.0,0.0,2.4626886317340686e-19,4,0,1,954
UCMHIfklUsZA9pHJGJGUMxyg,0.09090909090909091,0.0,0.0,0.0003681774465015629,9.14760378048307e-05,0.0,0.0,1.7421019881975192e-20,1,0,1,954
UCU4Ds2xrcfq4OJlTDYMxJqQ,0.09090909090909091,0.0,0.0,0.0003681774465015629,9.14760378048307e-05,0.0,0.0,1.2429500083952052e-20,1,0,1,954
UCb2hFpdYt2Dis02c460bIMw,0.09090909090909091,0.0,0.0,0.0003681774465015629,9.14760378048307e-05,0.0,0.0,1.6709536749373928e-20,1,0,1,954
UC8muW7awSQL1ag7qX05NnAQ,0.0,0.013513513513513514,0.0,0.0005890839144025006,7.554017998397095e-05,0.0,1.850094275076366e-19,-1.1485775104068754e-20,0,4,4,954
UCQK1-MjlUJT-NB4m79UrZ-A,0.2727272727272727,0.0,0.0,0.00043279634527530655,0.0002030270425508489,0.0,0.0,5.3274548936041765e-19,3,0,2,955
UCr4NdC5ch52O40JRdZNY8gw,0.18181818181818182,0.0,0.0,0.00030914024662521896,0.00017115532690912942,0.0,0.0,-3.8697897780789365e-20,2,0,1,955
UC3w4mGQDqbrjLPeOSVtuJVw,0.09090909090909091,0.0,0.0,0.00024044241404183698,0.00010741189562569042,0.0,0.0,-4.943865301160672e-20,1,0,1,955
UCq5OFbH_Rr3SbVgOpPKtCDw,0.0,0.006756756756756757,0.0,0.00033292026559638967,7.554017998397095e-05,0.0,3.053534505314704e-19,-1.2986328966106247e-19,0,2,2,955
UCP6n5V2jCLB687SQzQ9FquA,0.0,0.0033783783783783786,0.0,0.0002277875501448982,7.554017998397095e-05,0.0,-2.4449347137208638e-20,-1.3204342084158298e-20,0,1,1,955
UCSTm5CYh6c2RTT5a-K4G21w,0.09090909090909091,0.0,0.0,0.00012022120702091849,0.00013928361126740993,0.0,0.0,1.782255093862543e-21,1,0,1,956
UCeR83JFGMCOs3MPeXiTBPXg,0.0,0.0033783783783783786,0.0,0.00012022120702091849,7.554017998397095e-05,0.0,1.1260294738422565e-21,7.155572584926454e-20,0,1,1,956
UCG6sBFB4MWrA1J9vNqAYXlw,0.09090909090909091,0.0,0.0,0.00016029494269455797,0.00010741189562569042,0.0,0.0,1.3203780249986923e-19,1,0,1,957
UCae2H0oGQxpr9Gl9y-wqzhQ,0.09090909090909091,0.0,0.0,0.00016029494269455797,0.00010741189562569042,0.0,0.0,1.2051018648971725e-19,1,0,1,957
UC4m4p4ETp0aywqRnuIixF2Q,0.0,0.006756756756756757,0.0,0.00024044241404183698,7.554017998397095e-05,0.0,1.5955991941959163e-19,-3.9793935121173865e-21,0,2,2,957
UCg7QeWKduTQ4mgjad6JRz1Q,0.09090909090909091,0.0,0.0,0.00012022120702091849,0.00013928361126740993,0.0,0.0,6.979391681788592e-20,1,0,1,958
UCDVngex51NGYnjyOpdX1GTQ,0.0,0.0033783783783783786,0.0,0.00012022120702091849,7.554017998397095e-05,0.0,4.409582427480249e-20,-8.795028265530628e-20,0,1,1,958
UCJF9U47uimSXuRUy8kwjgtQ,0.45454545454545453,0.0,0.0,0.0003606636210627555,0.00026677047383428783,0.0,0.0,-2.318679405328095e-19,5,0,1,959
UCSCWrDO2MdjAEkQksUlRLNA,0.0,0.0033783783783783786,0.0,0.00021639817263765327,7.554017998397095e-05,0.0,-1.4649425661800565e-19,1.5459670642189624e-19,0,1,1,959
UCbpfnh9DDBTsHOiyAGtJenA,0.0,0.006756756756756757,0.0,0.00021639817263765327,7.554017998397095e-05,0.0,-2.929885132360113e-19,-2.434467360312164e-21,0,2,2,959
UCQUDRAERZgJapOwVWxpxn1Q,0.0,0.006756756756756757,0.0,0.00021639817263765327,7.554017998397095e-05,0.0,-2.929885132360113e-19,-1.3629466919018743e-19,0,2,2,959
UCss-ywKWpcZkKZ-_hlN_0Qg,0.2727272727272727,0.0,0.0,0.00012022120702091849,0.00013928361126740993,0.0,0.0,3.209640619093459e-20,3,0,3,960
UCD7yzET96c9Pkzr3WfOnqxA,0.0,0.010135135135135136,0.0,0.00012022120702091849,7.554017998397095e-05,0.0,6.083556641223355e-20,8.924887955575028e-21,0,3,3,960
UC9K-os8xWGYDjbOK8RfZPiA,0.45454545454545453,0.0,0.0,0.0005890839144025006,0.00036238562075944635,0.0,0.0,1.0427189758039567e-19,5,0,1,961
UCxh3bp7okCbfiNoJFcy1l4Q,0.18181818181818182,0.0,0.0,0.0003681774465015629,0.00017115532690912942,0.0,0.0,-1.1582302192084082e-19,2,0,1,961
UCgwtBuw3ni9dkgmakEpH2qQ,0.0,0.006756756756756757,0.0,0.0004909032620020839,7.554017998397095e-05,0.0,-7.298004931027621e-21,3.6062170478126704e-21,0,2,3,961
UCgxUnGdVpeJWzm43UqBnFOw,0.0,0.0033783783783783786,0.0,0.00026776541563750027,7.554017998397095e-05,0.0,-7.31770311003545e-20,-4.064637350211065e-20,0,1,1,961
UCRb_mcyrDUi9YQBpTleqwew,0.0,0.0033783783783783786,0.0,0.0003681774465015629,7.554017998397095e-05,0.0,6.587902616932689e-20,-2.1415205887870579e-19,0,1,1,961
UCb4SFmq_hTlATKEmMcL3-jw,0.18181818181818182,0.0,0.0,0.00043279634527530655,0.00012334775344655016,0.0,0.0,2.16862146059112e-19,2,0,1,962
UCd7hijcnkcrogbWRJh3IK6w,0.09090909090909091,0.0,0.0,0.00024044241404183698,0.00010741189562569042,0.0,0.0,1.9404119139033196e-19,1,0,1,962
UC05R57TVcGNHxUwqBaTnlpA,0.09090909090909091,0.0,0.0,0.00030914024662521896,9.14760378048307e-05,0.0,0.0,1.7216689372936976e-19,1,0,2,962
UCG0QExZhpKYLlqJwTped8Iw,0.09090909090909091,0.0,0.0,0.00030914024662521896,9.14760378048307e-05,0.0,0.0,-1.80811935158145e-20,1,0,2,962
UCwqs5wgHonIxg0lnIxtMOiw,0.09090909090909091,0.0,0.0,0.00030914024662521896,9.14760378048307e-05,0.0,0.0,3.2914940458630227e-20,1,0,1,962
UC29I1ffzsjK5GL57EwkQqDA,0.36363636363636365,0.0,0.0,0.0003606636210627555,0.00026677047383428783,0.0,0.0,-2.723478253555024e-20,4,0,2,963
UC-j2wIBGeFmrBfjXydLw4hA,0.0,0.006756756756756757,0.0,0.00021639817263765327,7.554017998397095e-05,0.0,-3.4413892774744544e-20,-4.195132520212007e-23,0,2,2,963
UC1CRE0kuHy7ZGMvBnKxxSww,0.0,0.0033783783783783786,0.0,0.00021639817263765327,7.554017998397095e-05,0.0,-1.7206946387372272e-20,-1.1397610599917907e-19,0,1,1,963
UCA52Rl8Of_wHK0VRe7-Cu7w,0.0,0.0033783783783783786,0.0,0.00021639817263765327,7.554017998397095e-05,0.0,-1.7206946387372272e-20,-2.7283233318307995e-20,0,1,1,963
UCOrXQugLCEYXhkN2FuGcwaw,0.2727272727272727,0.0,0.0,0.00024044241404183698,0.0002030270425508489,0.0,0.0,2.5724767763194788e-19,3,0,1,964
UCayXP3-lzrP6U1QRY0NoJmg,0.0,0.006756756756756757,0.0,0.00016029494269455797,7.554017998397095e-05,0.0,3.250583691285951e-19,-3.3616123818532686e-21,0,2,2,964
UCG-R4FP7tN_bH6Egr_sKGtQ,0.0,0.0033783783783783786,0.0,0.00016029494269455797,7.554017998397095e-05,0.0,1.6252918456429755e-19,-4.7451617244925414e-20,0,1,1,964
UCmwdPfVeN9_QkSnVOTamaaQ,0.36363636363636365,0.0,0.0,0.0003606636210627555,0.00026677047383428783,0.0,0.0,-3.52293161732397e-19,4,0,4,965
UCZCC5DCtm51CxqwGlZ_7RPA,0.0,0.0033783783783783786,0.0,0.00021639817263765327,7.554017998397095e-05,0.0,-2.225789590445413e-19,1.9416987090954052e-19,0,1,1,965
UCxRew5LKioMMngWyiIS1WJw,0.0,0.006756756756756757,0.0,0.00021639817263765327,7.554017998397095e-05,0.0,-4.451579180890826e-19,-1.0293854909083313e-20,0,2,2,965
UCbFRbxO13Q6pzdMoYQBrBLw,0.0,0.0033783783783783786,0.0,0.00021639817263765327,7.554017998397095e-05,0.0,-2.225789590445413e-19,7.682684568388334e-21,0,1,1,965
UCWpBTJ7wSeThx1rAoYeyDCA,0.09090909090909091,0.0,0.0,0.00012022120702091849,0.00013928361126740993,0.0,0.0,3.055759212013201e-19,1,0,1,966
UCbNxY-preb5ImR3MbWyxaaQ,0.0,0.0033783783783783786,0.0,0.00012022120702091849,7.554017998397095e-05,0.0,1.9306298798309014e-19,-1.8732679351397627e-21,0,1,1,966
UCaJoRZmViWm8uyOnBdf1BqA,0.36363636363636365,0.0,0.0,0.0005009216959204937,0.00029864218947600737,0.0,0.0,4.383829543737124e-19,4,0,1,967
UCpQfTB4qYIXJODR4_6KLA-g,0.09090909090909091,0.0,0.0,0.00025046084796024687,0.00010741189562569042,0.0,0.0,1.3136839613609715e-19,1,0,2,967
UCPmfD7RHPY8VNI9Ql_lrY7g,0.0,0.006756756756756757,0.0,0.0003756912719403703,7.554017998397095e-05,0.0,3.5996912879911017e-19,-3.650268874715866e-20,0,2,2,967
UC_o_DufbOVMF6r1nzxVs61Q,0.0,0.0033783783783783786,0.0,0.0003005530175522962,7.554017998397095e-05,0.0,2.769705241156219e-19,-6.30469461907759e-20,0,1,1,967
UCGAdX24LwYGvlyuUDHkC9AA,0.0,0.0033783783783783786,0.0,0.0003005530175522962,7.554017998397095e-05,0.0,2.769705241156219e-19,5.462493004465175e-20,0,1,2,967
UCaZcTNcGKxxq3OB5ic9k88Q,0.18181818181818182,0.0,0.0,0.00024044241404183698,0.0002030270425508489,0.0,0.0,-6.534562688847706e-22,2,0,1,968
UCDmj2xudLgRUGyhb8dRAnLQ,0.0,0.0033783783783783786,0.0,0.00016029494269455797,7.554017998397095e-05,0.0,-4.1285392936460984e-22,-4.8968623827542735e-19,0,1,2,968
UCvh2Dw5yyGE0tndH2mKVRAQ,0.0,0.0033783783783783786,0.0,0.00016029494269455797,7.554017998397095e-05,0.0,-4.1285392936460984e-22,-4.000485229750569e-20,0,1,1,968
UCvr9aiNN04-OL5vuREdWR9A,0.18181818181818182,0.0,0.0,0.00024044241404183698,0.0002030270425508489,0.0,0.0,2.1160411940945394e-20,2,0,1,969
UCP_2z72NvojZQ80ZJdbilFw,0.0,0.0033783783783783786,0.0,0.00016029494269455797,7.554017998397095e-05,0.0,1.3369156641044692e-20,9.046578555448303e-20,0,1,1,969
UCsEgtBPC19KXZITxT99P-Yw,0.0,0.0033783783783783786,0.0,0.00016029494269455797,7.554017998397095e-05,0.0,1.3369156641044692e-20,-1.7285930954715866e-20,0,1,1,969
UCxqO_uANPKo2ifdCSXjxOiA,0.45454545454545453,0.0,0.0,0.00048088482808367395,0.0003305139051177268,0.0,0.0,-1.6354026973800123e-19,5,0,1,970
UCU0LcJ3_9MZcllDxTSGoe6w,0.0,0.006756756756756757,0.0,0.000274791330333528,7.554017998397095e-05,0.0,-2.0664961432205054e-19,-6.717875876408874e-20,0,2,3,970
UC50py2g0xgfUNSHRYmEGTzA,0.0,0.0033783783783783786,0.0,0.000274791330333528,7.554017998397095e-05,0.0,-1.0332480716102527e-19,-2.597214985118053e-19,0,1,1,970
UCCq0KYP0Wijgj5iIsfvbVCw,0.0,0.0033783783783783786,0.0,0.000274791330333528,7.554017998397095e-05,0.0,-1.0332480716102527e-19,3.7503956701886687e-20,0,1,2,970
UCjE-kbMTBolyMO794yFZF5w,0.0,0.0033783783783783786,0.0,0.000274791330333528,7.554017998397095e-05,0.0,-1.0332480716102527e-19,-1.3037378938377281e-20,0,1,1,970
UCdR22nz_UUj-58TUpZFNkZQ,0.18181818181818182,0.0,0.0,0.00024044241404183698,0.0002030270425508489,0.0,0.0,-1.9790511809336075e-20,2,0,1,971
UCZWPGqQOUi4C1D0sH5rka5Q,0.0,0.0033783783783783786,0.0,0.00016029494269455797,7.554017998397095e-05,0.0,-1.2503653195592651e-20,-6.405308867582567e-20,0,1,1,971
UCuNG-bytxE9-WrkbAQRpmHw,0.0,0.0033783783783783786,0.0,0.00016029494269455797,7.554017998397095e-05,0.0,-1.2503653195592651e-20,9.510958193045456e-21,0,1,2,971
UCNOBR3qyaQtBJwESuIbX6kQ,0.09090909090909091,0.0,0.0,0.00012022120702091849,0.00013928361126740993,0.0,0.0,-5.060718009189895e-20,1,0,1,972
UCkrrtCFpJ56AhVF5574ql0A,0.0,0.0033783783783783786,0.0,0.00012022120702091849,7.554017998397095e-05,0.0,-3.197363641588576e-20,-5.186251208863446e-21,0,1,1,972
UCuCzIEVIvn_sKWJlLDF0u0Q,0.45454545454545453,0.0,0.0,0.0006678955945606582,0.0003305139051177268,0.0,0.0,3.944557930486746e-19,5,0,1,973
UCi35BWed5b6ad8rCRhjbRZA,0.36363636363636365,0.0,0.0,0.0005464600319132658,0.00029864218947600737,0.0,0.0,1.9821706063480682e-19,4,0,2,973
UCzY_dvIzL0EJpFNwGuYXqcA,0.09090909090909091,0.0,0.0,0.0003535917853556426,0.00010741189562569042,0.0,0.0,3.769638357324115e-20,1,0,1,973
UCMhpD-ipws0yicASWg_PLTA,0.0,0.006756756756756757,0.0,0.00048088482808367395,7.554017998397095e-05,0.0,2.730339162654638e-19,1.5173535913166706e-19,0,2,2,973
UC1HNjD2m-H5YTtJOK4qy_xQ,0.0,0.006756756756756757,0.0,0.0006327431948469393,7.554017998397095e-05,0.0,3.7445094357815323e-19,4.6018049638307936e-21,0,2,2,973
UCx2IKZiztazLRXBoIeyzWLQ,0.2727272727272727,0.0,0.0,0.0003606636210627555,0.00026677047383428783,0.0,0.0,-2.226298813462347e-20,3,0,1,974
UC856Ij6FVDiJOWkKKCKVkQg,0.0,0.0033783783783783786,0.0,0.00021639817263765327,7.554017998397095e-05,0.0,-1.4065764716686457e-20,1.1775539402634034e-19,0,1,1,974
UCg_ZkdF3fgfpGZn2Oi74C1Q,0.0,0.0033783783783783786,0.0,0.00021639817263765327,7.554017998397095e-05,0.0,-1.4065764716686457e-20,-8.824686467913022e-21,0,1,1,974
UCqPO6V4K1ulyu6aFwg1iTWw,0.0,0.0033783783783783786,0.0,0.00021639817263765327,7.554017998397095e-05,0.0,-1.4065764716686457e-20,-4.604196334474655e-20,0,1,1,974
UCxPbg9jtccmyec-_migPF9g,0.2727272727272727,0.0,0.0,0.0003606636210627555,0.00026677047383428783,0.0,0.0,-6.934718193735717e-20,3,0,1,975
UCas_NhsY1lOK2OIA4X2CFnw,0.0,0.0033783783783783786,0.0,0.00021639817263765327,7.554017998397095e-05,0.0,-4.381357700043584e-20,6.924563313086737e-20,0,1,1,975
UCDoy_dgfzLbJDLXrMEjhk0Q,0.0,0.0033783783783783786,0.0,0.00021639817263765327,7.554017998397095e-05,0.0,-4.381357700043584e-20,5.313596941345942e-20,0,1,1,975
UCBDlQDYfP6VBugXRIz8ozBw,0.0,0.0033783783783783786,0.0,0.00021639817263765327,7.554017998397095e-05,0.0,-4.381357700043584e-20,-1.67482545171991e-21,0,1,2,975
UCKuy0bDdvFE-bfpAtvwDRTg,0.09090909090909091,0.0,0.0,0.00012022120702091849,0.00013928361126740993,0.0,0.0,3.2814054192741764e-19,1,0,2,976
UC7qLsgunK0DvEMSU37-Se6Q,0.0,0.0033783783783783786,0.0,0.00012022120702091849,7.554017998397095e-05,0.0,2.0731932429047697e-19,-5.4055033747862424e-20,0,1,1,976
UCT_WIywUsJnOuNY6xYgvGnA,0.09090909090909091,0.0,0.0,0.00012022120702091849,0.00013928361126740993,0.0,0.0,3.5569843449029797e-20,1,0,1,977
UCLAlH-OzRkkd3mCJXsJgi5Q,0.0,0.0033783783783783786,0.0,0.00012022120702091849,7.554017998397095e-05,0.0,2.247304117210257e-20,1.1926243762936448e-20,0,1,1,977
UCcm5gSu8XENMKTMRDh1ft5Q,0.09090909090909091,0.0,0.0,0.00012022120702091849,0.00013928361126740993,0.0,0.0,7.444827893355895e-21,1,0,1,978
UCWGO7dU8Jse7SdsKFCJFRag,0.0,0.0033783783783783786,0.0,0.00012022120702091849,7.554017998397095e-05,0.0,4.703645210200332e-21,-1.6014971377420445e-20,0,1,1,978
UCbLHR_Tks-kS6-nDhJ8gEtQ,0.18181818181818182,0.0,0.0,0.00012022120702091849,0.00013928361126740993,0.0,0.0,-4.9540128693298656e-20,2,0,3,979
UCX7yDAhlP3D7onSM81QjpbQ,0.0,0.006756756756756757,0.0,0.00012022120702091849,7.554017998397095e-05,0.0,-6.259894583967461e-20,-2.2911703868600625e-20,0,2,2,979
UCvT6e_YvjMiTjSsFeXBYMJA,0.18181818181818182,0.0,0.0,0.00012022120702091849,0.00013928361126740993,0.0,0.0,4.420730996100497e-20,2,0,3,980
UCzsPZj_cdfbnevNSD2wJxiA,0.0,0.006756756756756757,0.0,0.00012022120702091849,7.554017998397095e-05,0.0,5.586039186735092e-20,-1.9182678752132715e-20,0,2,2,980
UCu7sXSGe-jHGnQyrdBpUezQ,0.18181818181818182,0.0,0.0,0.00024044241404183698,0.0002030270425508489,0.0,0.0,1.2531952218409575e-19,2,0,3,981
UCwHD3MQ7xGmfITCgWIzOtYQ,0.0,0.0033783783783783786,0.0,0.00016029494269455797,7.554017998397095e-05,0.0,7.917692372605095e-20,8.622480624911208e-21,0,1,1,981
UC7QWonFPPymAp3fbEpG4Aww,0.0,0.0033783783783783786,0.0,0.00016029494269455797,7.554017998397095e-05,0.0,7.917692372605095e-20,6.826819227187734e-21,0,1,1,981
UCrHVGUCmv6XYJ4rDThAeu4A,0.18181818181818182,0.0,0.0,0.00024044241404183698,0.0002030270425508489,0.0,0.0,8.583488859552917e-20,2,0,2,982
UCQmlHtzLknnqS1Yi0qRlQIg,0.0,0.0033783783783783786,0.0,0.00016029494269455797,7.554017998397095e-05,0.0,5.423051659404418e-20,6.85793397857099e-20,0,1,1,982
UCKIO-6UQYNlYLgcnaDot3ag,0.0,0.0033783783783783786,0.0,0.00016029494269455797,7.554017998397095e-05,0.0,5.423051659404418e-20,-1.6049391095884486e-19,0,1,1,982
UCnRmTVW4-CRfVmMp5SMZSYA,0.09090909090909091,0.0,0.0,0.00012022120702091849,0.00013928361126740993,0.0,0.0,1.664807992868284e-20,1,0,1,983
UC_cq9uqeVuchz0lEPDgjK7Q,0.0,0.0033783783783783786,0.0,0.00012022120702091849,7.554017998397095e-05,0.0,1.0518263489403936e-20,5.958075383220614e-20,0,1,1,983
UCIRAmtWvs27YDhX-Gj7duFQ,0.5454545454545454,0.0,0.0,0.000721327242125511,0.00045800076768460476,0.0,0.0,2.458803251165623e-20,6,0,3,984
UCzS29TBFkGcosJRyR70Azgw,0.0,0.0033783783783783786,0.0,0.0003934512229775514,7.554017998397095e-05,0.0,1.5534728674509216e-20,-4.8679466489223223e-20,0,1,1,984
UCgZEd6fI7PRKvpCSgBwtAKg,0.0,0.0033783783783783786,0.0,0.0003934512229775514,7.554017998397095e-05,0.0,1.5534728674509216e-20,-6.764454131195069e-20,0,1,1,984
UCm459ztxi2c9rjp4saanwCQ,0.0,0.0033783783783783786,0.0,0.0003934512229775514,7.554017998397095e-05,0.0,1.5534728674509216e-20,-6.239864008482281e-21,0,1,2,984
UCXtgF8D3-ewnbG7QZqL82lA,0.0,0.0033783783783783786,0.0,0.0003934512229775514,7.554017998397095e-05,0.0,1.5534728674509216e-20,-1.9824140920428102e-19,0,1,1,984
UCUhe6wxPS0NMnNZZ6KJ169w,0.45454545454545453,0.0,0.0,0.00048088482808367395,0.0003305139051177268,0.0,0.0,-6.839316738373148e-21,5,0,1,985
UC70OlcKisnLfig4-1RtExQw,0.0,0.0033783783783783786,0.0,0.000274791330333528,7.554017998397095e-05,0.0,-4.321083022779015e-21,-1.0682893780328079e-19,0,1,1,985
UC2nauXh-uCZ7FtIk31it0Ew,0.0,0.0033783783783783786,0.0,0.000274791330333528,7.554017998397095e-05,0.0,-4.321083022779015e-21,2.6527161397431866e-20,0,1,1,985
UCYXMEFiCGnR22QcWfKDJZ3Q,0.0,0.006756756756756757,0.0,0.000274791330333528,7.554017998397095e-05,0.0,-8.64216604555803e-21,-1.1662575743904162e-19,0,2,2,985
UCc0xBwGFwkbgRoBmFanPIrw,0.0,0.0033783783783783786,0.0,0.000274791330333528,7.554017998397095e-05,0.0,-4.321083022779015e-21,1.8530213461337766e-20,0,1,1,985
UCHuPsV0gK5Y4IBpQQge1xgg,0.18181818181818182,0.0,0.0,0.0003756912719403703,0.0003679345295464,0.0,0.0,9.642815515860273e-20,2,0,2,986
UCZys-FEh1c0pMfgi_tjiPOA,0.2727272727272727,0.0033783783783783786,0.0,0.0005009216959204937,0.00026677047383428783,0.0,6.092334660214205e-20,-4.373222021798539e-19,3,1,4,986
UCO37VE51Bd6wSQfvUNO3M7Q,0.0,0.0033783783783783786,0.0,0.0003005530175522962,7.554017998397095e-05,0.0,-2.763003404596229e-19,1.2721248100241344e-19,0,1,2,986
UCoHOMfbfe21cOH7mLm3JFJQ,0.0,0.0033783783783783786,0.0,0.0003005530175522962,7.554017998397095e-05,0.0,-2.763003404596229e-19,-2.1631412615504338e-20,0,1,2,986
UC_aHkh1ciZe8Cu6UjRYce9A,0.0,0.0033783783783783786,0.0,0.0003005530175522962,7.554017998397095e-05,0.0,-2.763003404596229e-19,-2.1590829654009473e-20,0,1,1,986
UCua2pdvlWUhgUMKrXx2v2bg,0.36363636363636365,0.0,0.0,0.00048088482808367395,0.0003305139051177268,0.0,0.0,-1.3508059622130383e-19,4,0,2,987
UCN8Iz6OIxA22Fv9jD20s9Ww,0.0,0.0033783783783783786,0.0,0.000274791330333528,7.554017998397095e-05,0.0,-8.53439741668676e-20,-1.899149542551622e-20,0,1,1,987
UCZwwGptfnz1FaBw0o1oaQIw,0.0,0.0033783783783783786,0.0,0.000274791330333528,7.554017998397095e-05,0.0,-8.53439741668676e-20,3.3380054759787684e-21,0,1,1,987
UCVRL_ed-bB53fHWQcmjF3-w,0.0,0.0033783783783783786,0.0,0.000274791330333528,7.554017998397095e-05,0.0,-8.53439741668676e-20,-2.4059935871455723e-22,0,1,1,987
UCATeZCmZN1fx5yDOhIzLdbw,0.0,0.0033783783783783786,0.0,0.000274791330333528,7.554017998397095e-05,0.0,-8.53439741668676e-20,-5.66433701200594e-20,0,1,1,987
UC7yudozFl9_n-bo8nwM6jYQ,0.09090909090909091,0.0,0.0,0.00012022120702091849,0.00013928361126740993,0.0,0.0,1.7375348202689198e-19,1,0,1,988
UCfQStqfex83TMaOiuDgE5lA,0.0,0.0033783783783783786,0.0,0.00012022120702091849,7.554017998397095e-05,0.0,1.0977751872824265e-19,5.7304740405298566e-21,0,1,1,988
UC4VQ57JLJwGyGF8ca3moZNw,0.18181818181818182,0.0,0.0,0.00024044241404183698,0.0002030270425508489,0.0,0.0,2.192080272138695e-19,2,0,1,989
UCMjXGFnZOF0n0Ku0RW3QaHg,0.0,0.0033783783783783786,0.0,0.00016029494269455797,7.554017998397095e-05,0.0,1.3849571837142958e-19,-1.445601126356437e-19,0,1,2,989
UC-FXZFqXFcQNS7-B_L01fqQ,0.0,0.0033783783783783786,0.0,0.00016029494269455797,7.554017998397095e-05,0.0,1.3849571837142958e-19,-1.0151144931948289e-19,0,1,2,989
UCEQREvUd-6MYbja2NvC3vwg,0.45454545454545453,0.0,0.0,0.0006772461328845075,0.00034644976293858663,0.0,0.0,-6.582755464564653e-19,5,0,1,990
UCUEYjxw2Y0XBvZF4Yky6OTw,0.18181818181818182,0.0,0.0,0.0004416822605768527,0.00016053142169522293,0.0,0.0,-1.6614923755273555e-19,2,0,2,990
UCWMrHViYLsrkPFUUoS2PExQ,0.18181818181818182,0.0,0.0,0.0005643717774037562,0.00015521946908826967,0.0,0.0,8.395440932085171e-20,2,0,1,990
UC6xQ14CY9fylNiaJrGV4TeQ,0.18181818181818182,0.0,0.0,0.0006772461328845075,0.00011272384823264368,0.0,0.0,-1.4261400540116922e-19,2,0,1,990
UCc0UiCOL7equi4a2bpUAZ-g,0.09090909090909091,0.0,0.0,0.0004232788330528171,9.678799041178392e-05,0.0,0.0,-4.3049748653621013e-20,1,0,1,990
UCZHHua6VsUQ-5aHRPcuW_-w,0.09090909090909091,0.0,0.0,0.00012022120702091849,0.00013928361126740993,0.0,0.0,-1.2970809384454813e-19,1,0,1,991
UCPkhdt3fO_LUBUTisqf3QsA,0.0,0.0033783783783783786,0.0,0.00012022120702091849,7.554017998397095e-05,0.0,-8.194962503842512e-20,5.676338418502888e-22,0,1,1,991
UCB4tRdqVh__qkULD9GdXlTQ,0.2727272727272727,0.0,0.0,0.0003606636210627555,0.00026677047383428783,0.0,0.0,1.7098835962208138e-19,3,0,2,992
UC9GhulWCIWOr7Jo6AEPYMGw,0.0,0.0033783783783783786,0.0,0.00021639817263765327,7.554017998397095e-05,0.0,1.0803051329825651e-19,-1.9001469416188904e-19,0,1,1,992
UCcLBFYqHrjASLrfAhDlN8pQ,0.0,0.0033783783783783786,0.0,0.00021639817263765327,7.554017998397095e-05,0.0,1.0803051329825651e-19,-4.213372815315369e-19,0,1,1,992
UCpfmg19gi_dPHtHguvJT6bg,0.0,0.0033783783783783786,0.0,0.00021639817263765327,7.554017998397095e-05,0.0,1.0803051329825651e-19,-2.8397753560165064e-20,0,1,1,992
UCdSIR89rM3vB02koVAtnaAg,0.45454545454545453,0.0,0.0,0.0005009216959204937,0.00029864218947600737,0.0,0.0,-4.121939497265389e-20,5,0,1,993
UCdVR_oM9Qgr39TGZBA8qT8w,0.09090909090909091,0.0,0.0,0.00025046084796024687,0.00010741189562569042,0.0,0.0,1.4540637571398973e-20,1,0,1,993
UCC4zK4UMzgdG41U9DTYtRqg,0.0,0.0033783783783783786,0.0,0.0003005530175522962,7.554017998397095e-05,0.0,-2.6042430061211724e-20,-1.3573136717555523e-20,0,1,1,993
UCNUm2DkU5ZPAPGiEKU4kKeQ,0.0,0.006756756756756757,0.0,0.0003005530175522962,7.554017998397095e-05,0.0,-5.208486012242345e-20,3.20476648135633e-20,0,2,2,993
UCP0TVGx0B-7r5XGUD8cHt5w,0.0,0.0033783783783783786,0.0,0.0003005530175522962,7.554017998397095e-05,0.0,-2.6042430061211724e-20,2.9281002696490128e-21,0,1,1,993
UCTjirIAvCSw5hGdSITs9KOg,0.09090909090909091,0.0,0.0,0.00012022120702091849,0.00013928361126740993,0.0,0.0,-3.6757614856894886e-19,1,0,1,994
UCaX49MkHPcCRdxlI9DkZb9g,0.0,0.0033783783783783786,0.0,0.00012022120702091849,7.554017998397095e-05,0.0,-2.3223475617793855e-19,-9.630182011920388e-20,0,1,1,994
UCIeVE0uuD7ES331ya7qYoeA,0.09090909090909091,0.0,0.0,0.00012022120702091849,0.00013928361126740993,0.0,0.0,1.145296238701e-21,1,0,1,995
UCnynjODMMNJjCoVtt3GO65w,0.0,0.0033783783783783786,0.0,0.00012022120702091849,7.554017998397095e-05,0.0,7.235986169987999e-22,-5.966284895601254e-20,0,1,2,995
UC11cXSvboLxq6_20X8QghCA,0.18181818181818182,0.0,0.0,0.000274791330333528,0.00017115532690912942,0.0,0.0,2.3093051250677893e-20,2,0,2,996
UCUhgoJEG5mOb8rfqUXn3q0g,0.18181818181818182,0.0,0.0,0.000274791330333528,0.00017115532690912942,0.0,0.0,2.0533395877262664e-19,2,0,2,996
UCGfx7E3cbHbNN_p2ht0mzaA,0.0,0.006756756756756757,0.0,0.00032058988538911595,7.554017998397095e-05,0.0,1.44320275359942e-19,-8.109286875690368e-21,0,2,2,996
UCMQMpyn3BG0aPccpTThgw1w,0.0,0.0033783783783783786,0.0,0.0001923539312334696,7.554017998397095e-05,0.0,1.4590198922006067e-20,-3.6199901252196244e-20,0,1,2,996
UCV78A6auVyU7rGMHWHxAIUA,0.0,0.0033783783783783786,0.0,0.0001923539312334696,7.554017998397095e-05,0.0,1.2973007643793592e-19,-2.115264516809289e-19,0,1,1,996
UCwsFTs1q0gCO82MfVS8Z6uQ,0.18181818181818182,0.0,0.0,0.0002704977157970666,0.00017115532690912942,0.0,0.0,2.442561154869884e-19,2,0,1,997
UCHUjDs9uTpT3L53o65TC9dQ,0.09090909090909091,0.0,0.0,0.00018033181053137774,0.00010741189562569042,0.0,0.0,-3.570675182839314e-19,1,0,2,997
UCo9VoRrLeyW0kG8_1ElV-Ig,0.0,0.006756756756756757,0.0,0.0002704977157970666,7.554017998397095e-05,0.0,-7.12742889456686e-20,7.372066014254525e-22,0,2,2,997
UCyMvKha4awTMAlgWnw5kRTA,0.0,0.0033783783783783786,0.0,0.00018033181053137774,7.554017998397095e-05,0.0,1.5432111045815284e-19,-1.4062821548633074e-19,0,1,1,997
UC7ahMxJNHOAxh0p8MiXYD2A,0.09090909090909091,0.0,0.0,0.00012022120702091849,0.00013928361126740993,0.0,0.0,-8.836227138055399e-20,1,0,1,998
UCGeB5BsUt7fE0VON97jVf-g,0.0,0.0033783783783783786,0.0,0.00012022120702091849,7.554017998397095e-05,0.0,-5.582731803813588e-20,-1.4724299760573526e-20,0,1,2,998
UCKBvDN4ExR8HNRTxN7tN8Zw,0.09090909090909091,0.0,0.0,0.00012022120702091849,0.00013928361126740993,0.0,0.0,1.999486641380226e-20,1,0,1,999
UC4plhMZxLqDuDmiKJYYbY_w,0.0,0.0033783783783783786,0.0,0.00012022120702091849,7.554017998397095e-05,0.0,1.2632764515592083e-20,-7.549311992291465e-20,0,1,1,999
UC67Lc1oI8pApxP8dJtDdApw,0.18181818181818182,0.0,0.0,0.00024044241404183698,0.0002030270425508489,0.0,0.0,5.493124551381186e-19,2,0,1,1000
UCcLvRyyL9gtvp9zCj-x3IvQ,0.0,0.0033783783783783786,0.0,0.00016029494269455797,7.554017998397095e-05,0.0,3.4705582661214662e-19,3.0511404266795945e-20,0,1,1,1000
UCQP9w-H9xItM2zz-oXDRPJA,0.0,0.0033783783783783786,0.0,0.00016029494269455797,7.554017998397095e-05,0.0,3.4705582661214662e-19,5.503583356788458e-22,0,1,2,1000
UCkILa7USjCTH68nNvksybhw,0.09090909090909091,0.0,0.0,0.00016029494269455797,0.00010741189562569042,0.0,0.0,-2.500918861461482e-19,1,0,1,1001
UC9krB-J_8iXwLwpZ8DVZneQ,0.09090909090909091,0.0,0.0,0.00016029494269455797,0.00010741189562569042,0.0,0.0,-2.4671966727272886e-19,1,0,1,1001
UCjpCakWFPuyxGmkc7mGt5XA,0.0,0.006756756756756757,0.0,0.00024044241404183698,7.554017998397095e-05,0.0,-3.138857361224398e-19,-2.1574004722110022e-20,0,2,2,1001
UCI3Uk-DoCgyajFiKHDMregg,0.09090909090909091,0.0,0.0,0.00016029494269455797,0.00010741189562569042,0.0,0.0,-3.0149466453642205e-20,1,0,1,1002
UC0bZ8ONf2GvchbTqg53XjuA,0.09090909090909091,0.0,0.0,0.00016029494269455797,0.00010741189562569042,0.0,0.0,-9.820760690716443e-20,1,0,1,1002
UCXEk7eS0u5sR87HvCny9wJw,0.0,0.006756756756756757,0.0,0.00024044241404183698,7.554017998397095e-05,0.0,-8.109604976196984e-20,6.567827450243493e-21,0,2,2,1002
UCJwNCa3TSdS9uHbn7bPXnWw,0.2727272727272727,0.0,0.0,0.0003847078624669392,0.00032173963616613825,0.0,0.0,-1.193041718015401e-19,3,0,3,1003
UCAEho5Q76kdAy54UqET3fow,0.09090909090909091,0.0033783783783783786,6.011783094865937e-07,0.00032058988538911595,0.00013928361126740993,0.0,-7.537642297306033e-20,3.031739545737275e-20,1,1,2,1003
UCWzRAGmlmeM6x5qx6sWvjKg,0.0,0.0033783783783783786,0.0,0.00024044241404183698,7.554017998397095e-05,0.0,-7.537642297306033e-20,1.048921883677838e-19,0,1,1,1003
UCbxGD9qlmvm0Zkp_yJTb-dQ,0.0,0.0033783783783783786,0.0,0.00024044241404183698,7.554017998397095e-05,0.0,-7.537642297306033e-20,-2.513436826179095e-19,0,1,1,1003
UCyfurUdcX56ApsXi5HByShg,0.0,0.0033783783783783786,0.0,0.00021372659025941062,7.554017998397095e-05,0.0,1.9154542451691252e-20,-5.032841607874602e-21,0,1,1,1003
UCChQbwtAdK2KwkQFhUVipmw,0.2727272727272727,0.0,0.0,0.0003606636210627555,0.00026677047383428783,0.0,0.0,-2.7369129958971356e-20,3,0,3,1004
UC4KF_52kIXyq2iU8IcMQx0Q,0.0,0.0033783783783783786,0.0,0.00021639817263765327,7.554017998397095e-05,0.0,-1.729182714267374e-20,-2.9660105351742902e-21,0,1,2,1004
UCLZeF7dG10wj0Qw5VZJr7BQ,0.0,0.0033783783783783786,0.0,0.00021639817263765327,7.554017998397095e-05,0.0,-1.729182714267374e-20,-7.439901394901587e-20,0,1,1,1004
UC17N_O4AvmvERrEBIkpTpqA,0.0,0.0033783783783783786,0.0,0.00021639817263765327,7.554017998397095e-05,0.0,-1.729182714267374e-20,5.731239044528557e-21,0,1,1,1004
UCU1dMRZSPw8esD3Dpd2lWYQ,0.09090909090909091,0.0,0.0,0.00012022120702091849,0.00013928361126740993,0.0,0.0,1.953504419562814e-19,1,0,1,1005
UCVgZlRhTv2FXPLlHXrk2yLA,0.0,0.0033783783783783786,0.0,0.00012022120702091849,7.554017998397095e-05,0.0,1.234224865612022e-19,3.51454823472218e-20,0,1,1,1005
UCvFE790Eb7yyHM5wRY5OfRA,0.09090909090909091,0.0,0.0,0.00012022120702091849,0.00013928361126740993,0.0,0.0,1.4381738219989703e-19,1,0,1,1006
UCGoiRF3XcbVhb3L3fCAurDg,0.0,0.0033783783783783786,0.0,0.00012022120702091849,7.554017998397095e-05,0.0,9.086387900676728e-20,-2.241573869858758e-19,0,1,1,1006
UCKdCVS78Oq2kfpqeKDj8-HQ,0.18181818181818182,0.0,0.0,0.00024044241404183698,0.0002030270425508489,0.0,0.0,2.4744728396037316e-19,2,0,1,1007
UC_HRX_r_Pe24ofJBzs-Uqtg,0.0,0.0033783783783783786,0.0,0.00016029494269455797,7.554017998397095e-05,0.0,1.5633729196292262e-19,1.602380467953726e-20,0,1,1,1007
UCyMxQIcVx8hPo3UhJTbVT0A,0.0,0.0033783783783783786,0.0,0.00016029494269455797,7.554017998397095e-05,0.0,1.5633729196292262e-19,-2.1910060807366632e-20,0,1,1,1007
UC2IsEWW7Fe896WYYMOSBR6w,0.2727272727272727,0.0,0.0,0.00040073735673639495,0.00028509352794490463,0.0,0.0,1.5157754479504001e-19,3,0,1,1008
UCN77NMBY5ui-LlyCs6nIzNw,0.2727272727272727,0.0,0.0,0.0005227009000909499,0.00019240313733694242,0.0,0.0,-3.1160830797787294e-19,3,0,1,1008
UCf8J0GHarVS6SCJQoSbwoew,0.18181818181818182,0.0,0.0,0.00034348916291690993,0.00017115532690912942,0.0,0.0,-4.096144665565794e-21,2,0,1,1008
UCqTS0UrEN556kcTdjTFWqsA,0.09090909090909091,0.0,0.0,0.0003878103452287693,9.678799041178392e-05,0.0,0.0,4.3469871260226577e-20,1,0,1,1008
UC2B6Ac4rJEjofOWGYoD3AnQ,0.09090909090909091,0.0033783783783783786,0.0,0.00048088482808367395,9.678799041178392e-05,0.0,9.5766752806388e-20,-9.950959472973832e-20,1,1,2,1008
UCJgOuHNX0u8rwzgCbVp7Cnw,0.18181818181818182,0.0,0.0,0.00024044241404183698,0.0002030270425508489,0.0,0.0,2.5286253435538133e-20,2,0,1,1009
UCs6C6FjEx5rNgxiTC6EtF3Q,0.0,0.0033783783783783786,0.0,0.00016029494269455797,7.554017998397095e-05,0.0,1.5975864930621966e-20,-1.552462159196457e-19,0,1,1,1009
UChDH6zPbL9EFyOGU9tDg3uQ,0.0,0.0033783783783783786,0.0,0.00016029494269455797,7.554017998397095e-05,0.0,1.5975864930621966e-20,1.3139755328415543e-19,0,1,3,1009
UCQnPiY_AB6ZEnGXJAMitYfg,0.09090909090909091,0.0,0.0,0.00012022120702091849,0.00013928361126740993,0.0,0.0,-3.951994034328444e-19,1,0,1,1010
UCIv11BoVCSFBDJVS7JpdrRg,0.0,0.0033783783783783786,0.0,0.00012022120702091849,7.554017998397095e-05,0.0,-2.4968713953614363e-19,-4.59801206673333e-21,0,1,1,1010
UCzNxUp7JDOSp9MJfvKVqnBQ,0.09090909090909091,0.0,0.0,0.00012022120702091849,0.00013928361126740993,0.0,0.0,5.3335887010160944e-20,1,0,1,1011
UCVyWD-I3p-5vvNgPG4fhrRA,0.0,0.0033783783783783786,0.0,0.00012022120702091849,7.554017998397095e-05,0.0,3.369763452705472e-20,9.70333907897563e-20,0,1,1,1011
UCa2fuaGQO4eRDImDV2VeRxg,0.09090909090909091,0.0,0.0,0.00012022120702091849,0.00013928361126740993,0.0,0.0,1.2293100980533716e-19,1,0,1,1012
UCwlmab-AfXIaqa57jKfYdeQ,0.0,0.0033783783783783786,0.0,0.00012022120702091849,7.554017998397095e-05,0.0,7.766786065961278e-20,-5.918486186596621e-20,0,1,1,1012
UCLYhM3TLO6ZE0wYkD7PxUbw,0.09090909090909091,0.0,0.0,0.00012022120702091849,0.00013928361126740993,0.0,0.0,4.5995904985109944e-20,1,0,1,1013
UCjiw2tpu3p0vTdNtjj0NqLA,0.0,0.0033783783783783786,0.0,0.00012022120702091849,7.554017998397095e-05,0.0,2.906023097795467e-20,1.2701890692005332e-20,0,1,1,1013
UCqcSKBD9yHCAQFLf_R28Pxg,0.18181818181818182,0.0,0.0,0.0002885308968502044,0.00016053142169522293,0.0,0.0,3.069230484123043e-19,2,0,2,1014
UCKyTOti_-KVhhCCleoWsP_A,0.45454545454545453,0.0,0.0,0.0003934512229775514,0.00014535441424678503,0.0,0.0,5.051168488793818e-19,5,0,5,1014
UCfTRlsBXUOWeFxrJKNKgUew,0.2727272727272727,0.0,0.0,0.0002545860854560627,0.00010285879339115907,0.0,0.0,2.2194555996584135e-19,3,0,4,1014
UCv_xLbLoZncPFuPCsvleVlw,0.09090909090909091,0.0,0.0,0.0002545860854560627,8.464638445303365e-05,0.0,0.0,3.0111240140595844e-19,1,0,1,1014
UC8Zydg3q6BjnLC8PYbpJTRA,0.0,0.010135135135135136,0.0,0.0003606636210627555,7.554017998397095e-05,0.0,8.321801536526708e-19,-1.0399022066142819e-19,0,3,3,1014
UCdudDsqzchJcKErRMqIQDyw,0.18181818181818182,0.0,0.0,0.00024044241404183698,0.0002030270425508489,0.0,0.0,1.1008054458030833e-19,2,0,1,1015
UCuMDuXR3QT-NfJbZyKbP8GQ,0.0,0.0033783783783783786,0.0,0.00016029494269455797,7.554017998397095e-05,0.0,6.954893164333615e-20,4.0196678107114063e-20,0,1,1,1015
UC3l0Lanp2FVL0Dt_ylgP50A,0.0,0.0033783783783783786,0.0,0.00016029494269455797,7.554017998397095e-05,0.0,6.954893164333615e-20,-5.214996806123395e-21,0,1,1,1015
UCDYEFdOWr6o2h1e7e7PZFpQ,0.09090909090909091,0.0,0.0,0.00012022120702091849,0.00013928361126740993,0.0,0.0,5.504159477588856e-20,1,0,1,1016
UCBJPmyrYPn_hNYlrKHB7YDw,0.0,0.0033783783783783786,0.0,0.00012022120702091849,7.554017998397095e-05,0.0,3.477530136867859e-20,-4.989035589756711e-21,0,1,1,1016
UCjEqwUGsPbNTdNfSpC5-Y0Q,0.09090909090909091,0.0,0.0,0.00021639817263765327,9.678799041178392e-05,0.0,0.0,-1.968755156630761e-19,1,0,1,1017
UCzj9-XzKE6f3ialGgawkvRg,0.09090909090909091,0.0,0.0,0.00021639817263765327,9.678799041178392e-05,0.0,0.0,-4.8639224790293024e-20,1,0,1,1017
UCcoQHOF9cSgmDn3CuYZUVcA,0.09090909090909091,0.0,0.0,0.00021639817263765327,9.678799041178392e-05,0.0,0.0,3.582731189962792e-20,1,0,1,1017
UCoQwI4s1g39U6K5P8ptWoPQ,0.0,0.010135135135135136,0.0,0.0003606636210627555,7.554017998397095e-05,0.0,-1.324806003690487e-19,8.475881343430446e-21,0,3,3,1017
UCS3SRS1XcH7HZ8sQOnN6HsQ,0.2727272727272727,0.0,0.0,0.00046925051772681096,0.00022427485297866185,0.0,0.0,3.136235962957508e-19,3,0,2,1018
UCTHA2U1Q4NW80xx15xDuMOg,0.2727272727272727,0.0,0.0,0.0006324680891100495,0.0001817792321230359,0.0,0.0,4.2296671117567455e-19,3,0,1,1018
UC1teCwAT9SfOjaZ14X8QXDQ,0.18181818181818182,0.0,0.0,0.0004408110924100345,0.00016053142169522293,0.0,0.0,2.713705560287371e-19,2,0,2,1018
UCkrZCBg1H1sqKOm6yrwnFvQ,0.09090909090909091,0.0,0.0,0.0003382968848728172,0.0001576066653780267,0.0,0.0,2.376799617049516e-21,1,0,1,1018
UCWXbIp6RFl_sXG0-IcwZi2g,0.09090909090909091,0.0033783783783783786,0.0,0.0004408110924100345,9.678799041178392e-05,0.0,1.501662938953652e-21,1.8529041093137889e-19,1,1,2,1018
UCJkJe1EDRB0tYfCZ8-mpOVQ,0.09090909090909091,0.0,0.0,0.00012022120702091849,0.00013928361126740993,0.0,0.0,-4.667638061482655e-20,1,0,2,1019
UCNQ3QBRMB-EyNs0UVHfItoA,0.0,0.0033783783783783786,0.0,0.00012022120702091849,7.554017998397095e-05,0.0,-2.9490155750188963e-20,6.216776600633353e-21,0,1,1,1019
UCud3PDY9mdz294qrTj6MRmg,0.09090909090909091,0.0,0.0,0.00012022120702091849,0.00013928361126740993,0.0,0.0,2.393795927709784e-19,1,0,1,1020
UCYdyaVKedG-iuHEKIkmPw5w,0.0,0.0033783783783783786,0.0,0.00012022120702091849,7.554017998397095e-05,0.0,1.5124012147571255e-19,2.5464809165175026e-20,0,1,1,1020
UCuG5gw1pgUIA4Ho6ZmsaY7g,0.09090909090909091,0.0,0.0,0.00012022120702091849,0.00013928361126740993,0.0,0.0,-1.1556555341357087e-19,1,0,2,1021
UC0wch0NJRUwHACDwL_qsEpg,0.0,0.0033783783783783786,0.0,0.00012022120702091849,7.554017998397095e-05,0.0,-7.30143623955375e-20,-1.9414173320940123e-20,0,1,1,1021
UCwmblDi9po2sFPqKZ0fRUQw,0.09090909090909091,0.0,0.0,0.00012022120702091849,0.00013928361126740993,0.0,0.0,-5.0591948374754675e-20,1,0,1,1022
UCjBHSTpj4QjGoaD4ET1ZeWA,0.0,0.0033783783783783786,0.0,0.00012022120702091849,7.554017998397095e-05,0.0,-3.196401301096424e-20,-3.937036276436488e-20,0,1,1,1022
UCBkWaWwH1Y1CWulYwn4YLQw,0.09090909090909091,0.0,0.0,0.00012022120702091849,0.00013928361126740993,0.0,0.0,-1.7476450201833007e-20,1,0,1,1023
UCJPJnG0lImwApp2EWUCQoYQ,0.0,0.0033783783783783786,0.0,0.00012022120702091849,7.554017998397095e-05,0.0,-1.104162815590649e-20,-4.6231237114510794e-21,0,1,1,1023
UCF6ZWhGQ8uxmkBmDDR_zLnw,0.18181818181818182,0.0,0.0,0.00024044241404183698,0.0002030270425508489,0.0,0.0,1.30446641903077e-19,2,0,2,1024
UCYsTl6xO34Lwbu6QavwZwAg,0.0,0.0033783783783783786,0.0,0.00016029494269455797,7.554017998397095e-05,0.0,8.24162399941721e-20,-1.0358456304148466e-19,0,1,1,1024
UC9wv7Qe1yGtxJ1Ahgfb28hw,0.0,0.0033783783783783786,0.0,0.00016029494269455797,7.554017998397095e-05,0.0,8.24162399941721e-20,7.054253678774388e-21,0,1,1,1024
UCIPsTUji129hJfJMeYAl65A,0.18181818181818182,0.0,0.0,0.00024044241404183698,0.0002030270425508489,0.0,0.0,-4.277883039796506e-20,2,0,1,1025
UCx5AiB7cNMI8JBef1dkGdJg,0.0,0.0033783783783783786,0.0,0.00016029494269455797,7.554017998397095e-05,0.0,-2.702768198025578e-20,-1.1263769021127304e-19,0,1,1,1025
UCxr9i96ChEusjPrcnJJUtRQ,0.0,0.0033783783783783786,0.0,0.00016029494269455797,7.554017998397095e-05,0.0,-2.702768198025578e-20,3.351047569844276e-20,0,1,1,1025
UCuas8p96P7ESowG1nZhCMNQ,0.09090909090909091,0.0,0.0,0.00012022120702091849,0.00013928361126740993,0.0,0.0,-3.847827476770901e-20,1,0,1,1026
UCvU-2TC55_vRPRscjoqA2UA,0.0,0.0033783783783783786,0.0,0.00012022120702091849,7.554017998397095e-05,0.0,-2.431058923060248e-20,-3.381076267464654e-20,0,1,1,1026
